"IOF1","JLT2","AMV3","HQW4","Output16","JVK5","CXF6","TZJ7","ZIR8","HCL9","OFN10"
22.197,"N",74.888,49.846,"Class2",65.811,55.874,76.595,"P",62.42,96
60.569,"U",39.148,46.754,"Class1",67.02,49.789,79.891,"S",28.565,31
27.209,"I",74.539,87.655,"Class2",50.135,107.242,61.09,"P",64.163,24
17.189,"E",76.813,75.246,"Class2",34.767,85.709,60.396,"T",65.47,52
13.06,"N",68.227,68.449,"Class2",46.568,82.001,55.008,"T",60.162,14
73.854,"X",40.91,38.426,"Class1",60.677,33.026,37.634,NA,91.168,32
70.154,"X",29.197,31.613,"Class1",67.804,42.294,39.171,"R",41.206,30
13.715,"K",76.526,83.368,"Class2",38.267,84.26,47.043,"U",64.622,9
10.441,"N",76.828,83.062,"Class2",45.71,81.844,67.684,"S",69.767,94
76.29,"K",66.215,36.148,"Class1",74.031,35.753,82.967,"S",59.936,37
36.018,"N",67.115,90.467,"Class2",43.9,95.133,75.48,"V",73.862,80
40.409,"K",75.965,87.32,"Class2",52.348,77.039,64.246,"V",64.193,62
40.631,"I",79.082,44.796,"Class2",57.16,100.002,63.536,"T",53.092,10
3.785,"S",76.226,86.878,"Class2",21.706,85.966,70.37,"T",58.857,34
66.703,"U",55.385,32.333,"Class1",64.849,45.25,51.644,"Y",37.025,30
58.1,"S",94.326,35.046,"Class1",62.852,60.685,48.221,"Y",73.879,34
25.2,"N",66.185,36.251,"Class2",44.733,83.011,63.741,"P",70.095,47
29.431,"K",74.202,94.313,"Class2",75.953,98.113,71.936,"S",63.044,9
13.604,"E",70.753,94.988,"Class2",53.574,80.297,49.912,"T",60.282,84
59.622,"T",43.991,44.245,"Class1",72.85,59.012,78.628,"Q",42.549,37
60.846,"K",52.406,31.177,"Class1",69.949,10.953,81.493,"Q",59.195,29
43.162,"S",67.927,41.988,"Class2",34.767,86.171,57.788,"U",73.115,8
32.372,"N",73.516,44.869,"Class2",55.533,89.648,63.905,"V",63.434,74
18.64,"E",72.936,64.321,"Class2",50.736,69.389,51.422,"V",64.726,72
12.829,"S",75.202,56.251,"Class2",11.338,76.371,50.819,"V",59.647,99
64.17,"S",72.653,43.133,"Class1",61.514,63.189,43.441,"S",37.425,31
3.157,"E",68.419,29.073,"Class2",32.299,78.715,47.22,"V",65.734,41
68.219,"U",34.613,46.588,"Class1",69.306,10.43,53.232,"Y",50.927,39
68.438,"U",-34.854,46.076,"Class1",55.062,21.302,49.192,"Y",61.13,39
26.135,"E",73.695,57.081,"Class2",60.638,90.41,77.601,"T",57.219,68
6.088,"K",77.104,51.623,"Class2",37.297,73.134,61.186,"T",68.379,50
13.241,"E",73.424,77.589,"Class2",61.96,72.875,63.109,"T",71.431,37
60.565,"X",6.813,48.465,"Class1",71.992,50.818,47.286,"Y",60.198,28
65.925,"U",6.38,39.904,"Class1",64.61,29.548,82.785,NA,42.631,33
78.499,"K",67.223,38.05,"Class1",65.247,29.482,39.48,"V",51.129,39
26.849,"N",74.759,69.062,"Class2",48.259,76.795,49.255,NA,66.255,80
49.635,"E",68.693,75.187,"Class2",45.121,97.248,70.438,"S",81.398,56
37.778,"I",68.323,69.837,"Class2",13.598,94.864,69.791,"P",69.958,17
47.353,"N",73.089,53.828,"Class2",48.325,83.375,70.666,"P",71.5,78
11.328,"I",69.406,45.457,"Class2",37.118,86.468,46.313,"P",69.654,61
34.634,"N",73.443,31.743,"Class2",72.041,81.857,48.94,"V",73.228,85
10.111,"E",80.066,61.217,"Class2",NA,94.719,58.781,"U",59.424,69
67.104,"T",35.699,44.504,"Class1",73.211,26.43,36.755,"R",58.579,29
4.435,"K",71.775,77.529,"Class2",23.063,96.855,73.056,"U",65.057,66
3.757,"I",70.45,47.599,"Class2",72.231,67.69,55.186,"V",70.057,87
46.919,"E",76.346,49.626,"Class2",23.181,92.853,60.876,"V",69.967,96
4.38,"E",67.452,91.072,"Class2",68.909,72.456,79.002,"P",65.534,48
62.986,"K",58.678,43.906,"Class1",66.198,32.476,86.553,"S",25.023,28
43.862,"S",70.755,59.707,"Class2",48.5,86.438,61.451,NA,60.315,17
23.609,"E",74.575,62.488,"Class2",47.967,78.492,54.621,"U",63.652,62
33.419,"K",77.859,67.703,"Class2",29.693,89.986,78.145,NA,66.601,20
60.979,"T",66.192,31.561,"Class1",59.517,39.376,46.806,"Y",56.542,31
76.936,"U",73.417,40.754,"Class1",68.991,41.19,53.143,"S",15.891,28
53.196,"E",72.999,81.248,"Class2",66.732,95.058,66.278,"T",64.552,92
79.741,"K",28.736,35.446,"Class1",68.007,24.536,43.337,"S",70.558,30
68.545,"U",1.34,42.187,"Class1",59.767,62.712,33.02,"S",27.415,35
43.379,"N",71.269,79.64,"Class2",48.466,93.948,64.824,"P",64.558,89
63.729,"K",9.721,31.87,"Class1",62.982,46.042,57.2,"R",70.498,32
66.07,"S",37.372,48.679,"Class1",64.782,60.77,51.041,"S",32.995,35
41.547,"K",75.614,44.333,"Class2",81.178,99.823,79.615,"S",85.851,86
2.825,"K",79.886,37.043,"Class2",44.103,69.175,68.834,"T",69.007,93
33.855,"I",75.538,60.553,"Class2",74.407,79.612,61.103,"S",66.916,91
65.272,"T",47.003,44.334,"Class1",57.914,48.619,35.793,"Y",27.36,30
8.098,"S",68.831,41.121,"Class2",54.613,82.867,67.151,"T",68.258,36
38.604,"N",79.354,37.311,"Class2",75.041,87.713,61.385,"S",70.685,55
73.863,"T",26.281,49.525,"Class1",66.297,42.288,51.653,"S",47.932,31
76.658,"K",68.192,37.557,"Class1",71.323,27.926,68.209,"R",73.79,36
49.783,"I",67.29,59.543,"Class2",21.707,88.474,54.741,"S",66.727,30
4.763,"I",75.672,43.391,"Class2",28.661,89.299,49.231,"T",73.37,82
36.305,"N",81.3,33.288,"Class2",47.993,96.501,57.256,"U",68.686,46
20.869,"N",66.474,75.789,"Class2",58.545,96.978,52.785,"P",70.513,75
78.9,"T",23.468,29.228,"Class1",65.602,43.027,85.397,"S",63.039,35
65.604,"U",58.932,35.624,"Class1",59.282,65.498,76.502,"R",62.752,30
11.078,"N",84.626,66.888,"Class2",58.482,71.875,65.799,"U",75.604,69
61.985,"S",80.587,48.905,"Class1",62.391,28.015,49.692,"Y",33.402,29
73.789,"S",37.48,36.751,"Class1",58.48,45.938,85.133,"R",41.272,33
72.377,"T",83.71,37.772,"Class1",68.302,41.008,72.701,"Q",23.239,28
75.932,"S",41.979,38.187,"Class1",65.997,25.672,79.774,"V",37.193,30
64.892,"T",20.639,36.207,"Class1",66.223,28.571,59.166,"V",35.822,34
68.124,"K",51.785,33.601,"Class1",65.183,16.768,69.093,"V",25.707,33
16.856,"K",72.132,70.442,"Class2",35.42,87.118,68.912,"P",61.794,98
25.038,"E",67.703,46.537,"Class2",60.288,85.428,76.673,"V",75.909,52
40.383,"E",70.497,90.782,"Class2",38.022,79.146,78.554,"S",63.863,18
66.729,"U",35.609,49.19,"Class1",70.423,39.432,54.271,"S",94.286,31
8.291,"K",66.303,49.515,"Class2",68.984,90.791,57.547,"S",68.256,94
35.254,"I",76.225,48.325,"Class2",42.326,74.552,65.937,"P",54.22,36
38.867,"E",67.235,90.105,"Class2",30.888,82.173,46.863,"S",63.663,39
63.542,"K",86.762,34.905,"Class1",NA,50.292,83.358,"S",21.564,31
73.474,"U",75.627,37.841,"Class1",66.277,44.599,76.496,"Y",55.45,36
75.515,"T",77.488,36.028,"Class1",66.025,51.401,50.978,"R",34.169,31
79.807,"U",73.287,42.405,"Class1",66.371,30.792,81.452,"Y",25.038,34
24.904,"I",74.151,94.42,"Class2",NA,80.091,65.384,"U",73.854,63
62.691,"K",60.182,40.417,"Class1",69.586,43.783,55.233,"Q",38.033,35
78.236,"U",89.905,33.701,"Class1",62.919,34.181,51.009,"V",18.697,28
43.628,"E",78.212,63.737,"Class2",80.593,89.055,73.298,"U",73.031,64
6.504,"I",62.815,65.162,"Class2",41.594,82.587,74.056,"T",73.261,79
75.517,"U",39.381,39.742,"Class1",75.176,34.592,66.585,"Y",59.954,37
70.573,"S",24.597,33.631,"Class1",63.52,14.251,42.145,"R",39.206,38
65.471,"U",39.817,44.826,"Class1",64.855,59.66,33.442,"R",33.326,31
3.951,"N",76.32,30.514,"Class2",51.587,95.56,69.444,NA,69.871,33
78.111,"U",40.605,47.693,"Class1",60.372,57.002,78.166,"S",40.185,30
71.263,"T",73.616,49.44,"Class1",65.439,32.055,33.708,"Q",45.545,33
62.317,"K",-6.459,43.579,"Class1",66.479,46.567,63.132,"Y",55.629,35
47.202,"I",74.522,48.141,"Class2",58.301,85.565,62.624,"S",62.059,8
67.533,"X",54.393,37.479,"Class1",64.214,37.398,45.491,"R",49.904,33
75.988,"K",48.682,48.672,"Class1",68.548,23.592,81.269,"S",47.011,36
48.817,"S",74.313,85.232,"Class2",58.373,78.515,48.113,"T",64.236,67
64.409,"K",-14.154,33.767,"Class1",68.218,53.623,41.487,"S",72.696,38
74.246,"S",63.73,47.529,"Class1",62.049,39.03,68.181,NA,51.525,29
79.86,"T",17.712,48.4,"Class1",67.279,42.685,67.061,"V",32.933,31
39.513,"S",75.06,87.506,"Class2",34.696,73.739,55.303,"U",62.347,92
61.19,"K",53.496,31.314,"Class1",60.091,28.306,67.87,"S",82.738,30
60.075,"S",29.71,30.31,"Class1",70.54,44.587,81.187,"Q",61.849,30
69.603,"S",49.642,41.86,"Class1",66.927,55.421,31.589,"R",72.473,30
73.384,"K",24.419,43.114,"Class1",66.39,47.351,69.552,"Y",62.884,38
63.495,"T",22.256,45.83,"Class1",62.703,34.144,82.602,"V",14.798,39
21.356,"I",79.955,38.303,"Class2",78.842,70.503,62.832,"T",76.482,48
34.21,"K",77.326,80.936,"Class2",63.429,84.511,79.085,"V",65.468,90
75.358,"S",25.382,29.181,"Class1",67.183,45.252,39.905,"S",49.69,31
70.994,"T",46.546,44.934,"Class1",70.151,44.991,65.427,"Y",43.382,30
23.875,"K",70.593,46.796,"Class2",NA,67.714,52.248,"S",64.206,32
6.689,"I",70.309,70.611,"Class2",22.536,88.794,58.597,"S",62.25,95
79.62,"U",48.2,41.291,"Class1",68.261,58.413,61.06,"R",42.267,35
6.202,"S",73.962,65.63,"Class2",NA,81.834,53.901,"S",66.904,64
77.32,"U",47.835,47.273,"Class1",NA,44.02,56.318,NA,32.652,35
59.579,"U",45.971,38.412,"Class1",62.986,35.547,33.179,"Y",69.426,33
65.941,"U",25.3,43.969,"Class1",73.96,33.356,60.13,"Y",55.037,35
74.848,"T",11.151,42.942,"Class1",64.935,35.995,76.554,"Y",12.723,34
44.775,"I",78.275,59.768,"Class2",67.085,71.433,71.556,"T",64.217,62
63.398,"T",46.76,43.223,"Class1",61.118,54.771,70.456,"S",65.011,36
74.313,"K",2.572,38.777,"Class1",64.588,27.96,57.218,"S",56.874,39
20.237,"I",66.571,74.452,"Class2",52.419,100.382,77.77,"T",72.205,83
46.055,"E",72.132,32.1,"Class2",71.675,78.918,48.895,"U",63.685,21
51.104,"S",73.929,59.232,"Class2",58.215,97.751,61.544,"S",64.924,41
10.717,"S",75.923,66.208,"Class2",31.227,88.952,47.101,NA,73.332,40
13.91,"K",77.391,40.663,"Class2",41.75,85.25,76.052,"S",68.293,89
60.792,"T",70.514,36.663,"Class1",NA,42.241,85.121,"R",21.574,28
66.795,"T",38.007,38.923,"Class1",65.57,47.416,83.237,"Q",49.167,33
78.169,"T",25.699,42.07,"Class1",65.714,25.855,32.275,"Q",17.983,31
27.414,"N",77.098,92.759,"Class2",51.233,71.322,53.243,"S",59.642,93
68.959,"K",14.758,44.592,"Class1",62.279,42.596,53.291,"V",49.946,34
20.012,"S",72.109,73.685,"Class2",NA,86.171,73.796,"U",70.77,66
16.563,"I",78.406,30.221,"Class2",70.927,92.671,79.828,"V",60.711,45
46.571,"I",74.826,31.808,"Class2",43.502,75.861,52.635,"S",66.71,59
29.249,"K",72.901,80.711,"Class2",58.32,97.392,67.111,"U",75.875,22
27.421,"N",70.278,77.232,"Class2",66.817,86.208,51.96,"P",63.379,78
23.89,"S",80.198,75.228,"Class2",37.242,79.009,56.883,"V",62.83,36
69.267,"S",37.241,45.601,"Class1",64.43,47.004,87.507,"Y",45.85,32
53.034,"N",82.486,39.166,"Class2",47.466,98.838,75.226,"S",64.665,51
15.92,"K",70.187,81.471,"Class2",47.585,86.98,61.07,"P",69.634,27
67.621,"U",72.623,38.437,"Class1",NA,64.115,34.821,"S",48.259,33
78.204,"K",38.861,41.36,"Class1",67.455,17.305,60.237,"Y",48.483,31
43.209,"E",75.814,34.639,"Class2",40.74,104.574,71.086,"T",69.87,82
21.191,"I",67.772,78.608,"Class2",79.587,81.973,46.904,"U",63.126,75
66.6,"U",48.884,33.932,"Class1",65.493,45.525,78.505,"R",24.828,36
37.008,"E",71.829,50.085,"Class2",32.505,96.275,63.62,"V",74.073,51
78.876,"X",24.966,36.741,"Class1",68.745,35.344,72.816,"V",76.958,32
64.361,"T",49.957,32.369,"Class1",69.057,19.566,46.526,"Q",26.196,30
2.249,"K",78.547,28.163,"Class2",26.203,106.045,63.036,NA,69.965,8
76.857,"T",67.895,37.901,"Class1",70.642,42.688,60.369,"Q",62.609,39
65.013,"X",-0.803,33.694,"Class1",69.078,60.667,69.641,"Q",3.626,35
20.536,"E",79.382,70.087,"Class2",58.539,78.928,56.462,"V",67.788,42
44.39,"I",75.836,61.321,"Class2",NA,95.619,54.105,"S",72.367,27
52.732,"I",80.726,71.267,"Class2",53.256,98.638,58.695,"T",54.7,80
75.319,"S",21.517,45.114,"Class1",59.711,58.623,47.523,"R",37.996,31
49.317,"E",73.146,57.298,"Class2",30.328,73.215,79.343,"V",65.057,26
65.029,"X",7.909,34.541,"Class1",67.217,51.385,31.124,"S",30.218,35
73.118,"T",96.516,30.224,"Class1",70.388,44.223,74.731,"V",31.294,30
33.826,"E",63.553,45.106,"Class2",28.481,102.945,47.645,"S",72.302,70
44.711,"S",71.333,68.236,"Class2",51.798,80.113,51.265,"V",75.578,89
32.997,"K",73.83,49.455,"Class2",68.937,85.921,57.8,"T",70.79,93
77.571,"K",82.09,32.632,"Class1",65.425,59.136,36.824,"Y",36.166,34
24.989,"E",75.392,83.223,"Class2",47.243,90.367,54.851,"V",59.847,9
14.058,"E",63.936,40.921,"Class2",52.729,80.36,62.788,"T",74.43,95
45.585,"S",75.925,51.596,"Class2",28.43,81.874,65.264,"P",70.621,44
34.198,"E",69.451,89.372,"Class2",32.415,73.353,49.078,"P",61.065,87
11.531,"S",73.778,94.004,"Class2",12.353,67.654,76.188,"S",68.109,31
29.475,"E",79.315,36.254,"Class2",50.908,91.136,56.103,"V",62.313,33
30.848,"E",72.829,32.204,"Class2",65.405,88.759,61.005,"U",71.195,41
32.6,"I",78.726,73.798,"Class2",38.442,86.408,54.707,"S",72.856,32
36.838,"K",67.503,94.641,"Class2",48.043,91.735,53.503,"P",62.558,15
72.935,"X",8.566,49.7,"Class1",67.083,47.526,74.22,"S",32.376,35
17.864,"I",75.983,39.519,"Class2",78.034,98.959,74.975,"P",72.468,24
30.152,"K",71.42,89.481,"Class2",61.194,69.968,72.051,"V",74.444,84
14.935,"K",69.393,68.427,"Class2",58.05,85.776,49.638,"V",78.814,58
31.404,"E",76.292,69.592,"Class2",31.642,72.942,79.691,"U",53.456,54
8.622,"I",67.075,29.613,"Class2",33.965,82.257,63.266,"P",75.973,60
37.756,"I",66.475,39.95,"Class2",39.282,86.078,58.344,"T",71.736,63
50.927,"I",68.207,37.359,"Class2",22.055,80.079,47.759,"U",58.994,47
14.375,"N",77.667,29.433,"Class2",65.826,97.877,73.02,"V",68.471,65
24.51,"E",77.054,58.904,"Class2",35.146,84.058,77.65,"T",61.889,72
63.851,"U",28.692,32.699,"Class1",63.327,28.992,49.333,"Q",61.537,34
60.313,"U",16.555,29.555,"Class1",61.593,55.831,78.973,"R",48.733,29
28.365,"S",67.995,60.077,"Class2",67.057,83.659,52.773,"P",68.579,22
7.816,"K",69.709,50.802,"Class2",35.855,79.517,52.933,"S",61.441,8
41.144,"S",67.397,75.782,"Class2",78.398,90.229,58.821,"S",63.001,22
65.982,"X",36.095,49.075,"Class1",67.458,44.276,52.968,"V",42.426,36
65.891,"U",92.637,34.105,"Class1",62.359,48.047,47.207,"Y",38.42,39
24.36,"S",72.59,94.568,"Class2",NA,78.936,54.95,"P",62.419,63
30.947,"S",69.123,48.702,"Class2",54.065,92.205,49.505,"P",65.572,75
69.043,"U",67.316,44.327,"Class1",58.402,55.185,50.851,"V",13.194,39
59.528,"U",53.11,32.733,"Class1",67.698,59.038,50.636,"V",53.119,29
74.326,"T",26.424,34.596,"Class1",70.675,39.264,55.494,"R",42.314,37
60.535,"U",-7.005,48.476,"Class1",67.03,50.911,82.653,"S",44.836,34
72.848,"K",16.068,45.056,"Class1",63.816,53.469,81.839,"Q",64.294,36
44.053,"E",70.013,28.447,"Class2",25.46,80.949,61.532,"T",69.086,54
17.454,"I",76.737,88.98,"Class2",67.491,67.311,56.309,"U",62.383,47
73.956,"S",24.913,37.551,"Class1",65.738,30.074,70.335,NA,46.948,37
70.726,"T",15.198,37.16,"Class1",69.691,54.972,40.615,"S",26.093,38
78.413,"K",41.134,32.569,"Class1",69.663,49.847,73.99,"S",75.443,39
76.896,"K",30.765,33.876,"Class1",64.698,52.214,62.607,"R",26.412,38
53.586,"S",78.737,60.425,"Class2",20.848,84.996,58.443,"U",76.919,66
60.485,"T",59.347,47.171,"Class1",60.397,45.591,77.6,"S",29.185,36
29.415,"I",74.424,41.664,"Class2",53.103,88.927,64.871,"T",67.548,57
66.735,"X",15.345,37.422,"Class1",65.187,24.198,65.258,"Q",71.769,28
76.907,"X",114.811,45.652,"Class1",67.577,29.152,82.113,"V",64.722,36
72.051,"K",74.299,30.59,"Class1",66.298,41.756,30.147,"R",51.663,37
58.126,"U",56.922,31.363,"Class1",73.984,37.908,80.235,"V",61.046,39
11.65,"E",78.331,91.676,"Class2",81.717,90.832,49.579,"S",67.774,64
16.581,"E",74.476,31.066,"Class2",38.709,86.685,59.168,"V",74.104,12
64.759,"U",27.033,36.618,"Class1",62.801,70.223,67.697,"Y",38.391,29
76.967,"U",-7.881,39.833,"Class1",74.127,30.832,58.436,"R",45.048,37
69.556,"K",19.561,47.15,"Class1",69.131,9.799,72.772,"V",22.156,38
62.502,"S",37.273,37.425,"Class1",69.425,31.123,52.289,"R",70.673,31
68.913,"X",7.475,36.183,"Class1",67.042,45.972,82.235,"V",41.015,36
68.891,"T",-16.202,43.356,"Class1",63.781,38.277,38.191,"S",28.185,39
71.206,"X",55.699,32.934,"Class1",63.304,50.119,84.952,"Q",77.77,37
72.82,"X",9.691,30.344,"Class1",70.416,23.293,69.982,NA,44.111,39
74.755,"K",84.239,32.672,"Class1",67.486,58.598,84.227,"S",48.096,30
11.679,"I",75.246,33.025,"Class2",34.704,85.211,63.162,"U",66.476,34
61.878,"S",35.377,44.27,"Class1",63.538,45.769,64.323,"V",55.903,39
79.51,"S",36.261,47.59,"Class1",NA,51.05,61.42,"R",64.326,31
76.791,"K",41.24,34.348,"Class1",63.175,17.93,37.927,"V",24.816,36
51.973,"K",69.043,78.695,"Class2",31.749,87.195,76.552,"P",67.244,13
62.982,"S",62.346,47.965,"Class1",70.298,20.939,83.366,"V",76.678,33
8.942,"E",73.971,45.417,"Class2",46.082,69.805,48.853,"P",71.381,89
65.915,"T",40.383,30.894,"Class1",65.671,29.472,80.666,"S",63.168,30
35.848,"N",78.357,74.51,"Class2",66.246,86.232,60.42,"U",72.832,90
35.142,"I",68.015,39.888,"Class2",43.022,59.891,62.421,"T",64.335,62
53.765,"S",76.775,70.283,"Class2",66.743,73.12,47.84,"U",66.738,9
51.064,"I",69.026,85.536,"Class2",66.858,102.633,62.281,"U",65.102,89
10.31,"E",62.951,88.267,"Class2",51.355,102.534,70.978,"V",56.815,87
31.886,"E",75.696,50.918,"Class2",27.655,92.538,62.331,"U",67.491,95
64.936,"K",46.263,48.289,"Class1",69.281,47.058,45.138,"S",71.15,38
38.69,"I",72.428,66.481,"Class2",54.305,74.104,54.624,"U",67.418,77
20.007,"N",75.543,38.589,"Class2",27.478,78.055,54.538,"S",71.616,22
70.407,"T",40.677,32.414,"Class1",69.682,18.082,40.282,"Q",27.748,34
75.187,"K",26.362,31.098,"Class1",78.949,42.9,80.309,"V",32.506,29
21.059,"K",71.478,52.222,"Class2",48.298,95.66,58.733,"P",56.611,54
4.357,"K",73.373,40.786,"Class2",37.746,86.397,49.311,"P",71.946,19
78.565,"X",67.565,40.492,"Class1",77.544,42.132,46.813,"Y",83.647,38
75.349,"U",57.448,29.938,"Class1",66.513,54.768,61.697,"Y",57.202,29
65.472,"K",28.423,46.401,"Class1",70.332,58.785,32.35,"S",44.831,37
12.269,"I",76.163,86.923,"Class2",90.507,73.538,63.326,"U",66.42,19
43.491,"S",71.167,88.253,"Class2",76.86,80.044,79.296,"V",62.335,14
2.017,"I",68.354,94.22,"Class2",66.494,105.832,78.416,"T",56.711,37
17.255,"N",77.129,65.173,"Class2",47.125,90.063,54.388,"U",72.738,36
73.355,"X",26.925,37.51,"Class1",67.962,42.7,56.457,"R",55.467,35
29.233,"E",80.097,35.579,"Class2",31.602,89.354,48.362,"P",62.757,30
46.739,"I",71.265,94.912,"Class2",26.876,87.696,61.588,"S",66.641,63
29.488,"K",75.254,90.737,"Class2",44.226,85.508,52.907,"T",59.509,43
63.323,"K",3.618,39.856,"Class1",67.188,29.669,58.459,"Q",34.575,39
34.746,"K",67.397,33.766,"Class2",33.54,85.513,50.381,"S",73.531,96
11.075,"E",70.316,85.247,"Class2",62.167,85.256,79.299,"T",72.971,58
75.642,"U",36.342,29.988,"Class1",69.722,19.652,64.8,"V",61.263,28
59.511,"U",36.57,45.341,"Class1",63.437,22.044,81.192,"R",18.86,36
24.709,"S",69.871,57.77,"Class2",29.507,97.691,62.617,"P",59.936,58
74.373,"K",20.107,47.584,"Class1",69.244,52.157,53.008,"Y",67.01,28
11.401,"E",76.178,65.385,"Class2",53.383,90.713,59.887,"U",78.051,27
22.273,"N",73.889,28.627,"Class2",77.837,85.696,63.158,"S",68.694,45
10.336,"E",73.014,55.058,"Class2",43.264,80.631,54.99,"S",71.726,76
25.803,"K",71.454,29.141,"Class2",39.356,84.673,58.811,"T",69.163,40
25.619,"K",72.414,60.242,"Class2",45.076,71.176,54.701,"V",67.244,35
74.761,"K",44.648,30.474,"Class1",64.454,28.837,30.97,"Y",35.811,36
59.96,"X",39.407,31.952,"Class1",NA,42.496,56.799,"V",42.276,28
66.454,"T",11.065,48.878,"Class1",66.908,30.799,66.078,"S",43.38,37
64.088,"X",77.182,34.95,"Class1",72.439,44.454,51.293,"S",48.83,37
16.035,"K",75.498,45.977,"Class2",NA,68.627,60.309,"T",57.212,88
74.044,"K",37.465,47.254,"Class1",67.387,40.97,42.618,"S",45.916,37
22.459,"S",72.479,67.522,"Class2",NA,94.793,68.349,"T",71.244,93
29.074,"N",81.543,67.499,"Class2",38.731,86.685,76.654,"V",68.554,36
77.092,"U",51.653,48.797,"Class1",67.503,20.312,73.378,"Q",46.547,29
37.379,"K",77.527,86.59,"Class2",53.752,95.532,57.893,"S",59.165,77
64.658,"T",47.7,44.306,"Class1",65.6,40.201,38.562,"Q",82.041,29
49.077,"I",77.019,67.96,"Class2",11.863,89.174,67.581,"U",69.015,23
69.585,"U",5.685,49.605,"Class1",65.047,15.85,71.57,"S",38.357,38
30.781,"I",74.749,70.365,"Class2",69.389,75.215,61.184,"V",74.036,79
70.884,"U",57.106,37.27,"Class1",64.678,37.196,84.677,"Q",76.327,33
26.319,"I",68.679,74.033,"Class2",42.984,83.612,54.682,"T",63.537,16
58.798,"S",87.133,41.016,"Class1",70.959,27.875,82.807,"R",97.631,30
26.908,"N",81.863,74.406,"Class2",49.796,88.481,59.079,"V",61.292,94
78.732,"T",21.889,40.263,"Class1",67.533,47.592,47.214,"R",90.119,30
52.96,"I",69.914,60.713,"Class2",66.305,78.142,46.642,"P",70.21,20
48.125,"I",69.533,76.453,"Class2",45.433,69.562,79.984,"P",60.991,28
13.201,"K",78.153,71.597,"Class2",39.502,86.889,52.033,"U",65.448,83
43.669,"N",82.663,56.607,"Class2",51.272,76.083,63.723,"T",69.083,65
36.694,"E",74.311,63.864,"Class2",65.58,69.461,76.167,"V",57.781,96
48.131,"N",73.689,61.54,"Class2",58.296,77.136,52.78,"P",63.291,27
9.441,"K",72.865,65.028,"Class2",28.253,81.299,79.997,"V",70.269,30
38.518,"I",75.736,60.705,"Class2",88.611,98.665,54.725,NA,60.352,88
10.912,"I",73.529,35.695,"Class2",63.82,98.805,79.244,"V",49.73,35
41.918,"K",72.336,78.393,"Class2",42.959,77.245,74.408,"P",69.616,53
16.486,"S",75.985,68.727,"Class2",42.724,80.786,48.945,"P",63.491,63
2.26,"N",71.927,79.014,"Class2",20.053,71.469,60.391,"P",81.673,87
32.199,"N",73.952,38.327,"Class2",29.111,86.762,62.999,"U",76.861,10
67.496,"K",53.509,48.412,"Class1",64.429,24.419,48.134,"R",40.576,30
16.413,"S",74.813,85.774,"Class2",72.746,97.032,59.542,"P",62.36,81
22.334,"N",73.999,30.554,"Class2",40.556,79.869,53.217,"S",65.774,84
46.308,"K",71.458,49.273,"Class2",43.781,90.004,72.127,"P",64.324,30
73.43,"K",83.364,41.76,"Class1",65.183,45.264,78.572,"V",44.166,37
51.076,"I",73.976,89.648,"Class2",71.599,81.398,49.618,"T",61.563,71
59.737,"T",18.738,46.737,"Class1",62.28,22.388,61.951,"V",23.609,35
40.67,"I",70.099,73.293,"Class2",41.132,77.308,73.615,"P",70.777,60
78.447,"S",46.548,43.784,"Class1",64.786,49.639,58.993,"Y",28.724,31
19.451,"K",68.792,84.369,"Class2",71.472,83.154,52.508,"P",67.918,36
10.454,"K",77.898,46.648,"Class2",54.061,76.088,49.344,"S",73.459,17
61.787,"X",57.567,45.298,"Class1",63.973,38.825,59.692,"R",15.987,32
74.509,"U",50.446,35.971,"Class1",60.398,33.59,39.82,"Y",58.294,35
9.679,"N",75.685,86.407,"Class2",43.521,85.524,73.989,"S",68.855,62
9.924,"I",85.709,50.574,"Class2",26.53,91.481,52.755,"T",63.12,94
23.439,"K",78.429,31.074,"Class2",32.527,90.588,51.519,"P",72.542,76
48.267,"S",75.119,57.672,"Class2",18.783,92.676,72.918,"V",76.696,41
24.633,"I",69.72,38.632,"Class2",31.37,86.974,65.393,"S",62.387,90
27.554,"N",71.767,47.379,"Class2",76.531,104.141,51.968,"T",72.341,20
3.942,"E",74.309,80.179,"Class2",50.901,92.003,78.314,"T",65.361,85
11.316,"I",71.334,37.298,"Class2",29.754,67.946,70.015,"P",78.195,55
75.361,"T",20.547,46.688,"Class1",68.789,25.252,68.844,"R",65.902,29
5.66,"E",80.133,45.516,"Class2",53.715,87.433,51.855,"S",58.164,89
67.491,"X",101.128,29.667,"Class1",65.571,44.232,45.553,"V",42.188,28
73.346,"K",-2.006,39.565,"Class1",72.872,27.988,39.303,"S",68.154,30
26.525,"S",66.445,49.991,"Class2",24.993,87.116,46.016,"V",74.506,79
34.239,"N",73.562,75.561,"Class2",70.352,87.656,55.679,"U",68.986,40
72.235,"X",43.393,39.431,"Class1",67.602,42.213,39.651,"R",37.1,33
58.615,"X",68.068,42.21,"Class1",NA,34.492,72.291,NA,63.717,37
76.692,"U",47.789,29.075,"Class1",67.553,28.855,82.195,"R",34.804,39
9.255,"I",69.827,59.112,"Class2",47.405,105.692,67.067,"U",60.143,42
47.358,"E",81.219,30.341,"Class2",38.792,88.022,59.882,"P",52.11,63
67.961,"S",60.688,49.808,"Class1",71.358,50.938,54.23,"R",24.138,38
77.642,"S",85.048,37.159,"Class1",67.212,42.224,71.752,"V",97.218,39
76.21,"K",36.635,31.326,"Class1",64.906,62.3,48.566,"V",38.163,34
44.131,"K",73.054,86.164,"Class2",15.522,87.481,74.097,"T",63.258,85
35.881,"K",72.886,89.897,"Class2",46.809,85.496,48.286,"P",67.724,8
61.956,"X",15.652,45.914,"Class1",58.64,41.257,60.66,"R",67.896,32
65.158,"T",61.812,41.084,"Class1",65.089,40.104,83.823,"Q",54.779,37
67.541,"U",14.29,46.206,"Class1",71.855,27.961,65.545,NA,36.257,28
63.253,"T",57.028,33.723,"Class1",NA,31.891,85.962,"Q",53.715,38
49.917,"N",76.56,47.358,"Class2",41.439,77.469,56.105,"U",68.777,32
5.179,"N",66.356,60.186,"Class2",49.086,72.1,72.823,"P",68.923,47
62.231,"S",26.585,43.094,"Class1",67.638,35.168,42.691,"S",32.322,30
37.998,"E",71.504,72.383,"Class2",64.505,105.633,74.556,"U",61.013,15
42.066,"E",76.28,46.035,"Class2",40.308,67.924,67.959,"V",68.598,60
49.354,"I",73.436,66.169,"Class2",48.182,83.586,65.633,"P",72.097,84
67.229,"S",33.922,48.727,"Class1",74.139,38.923,64.584,NA,28.769,38
41.808,"N",69.852,62.775,"Class2",67.917,94.513,65.652,"T",78.521,88
77.17,"X",31.901,45.974,"Class1",70.749,27.54,65.186,"R",42.248,28
59.895,"K",17.657,38.555,"Class1",77.461,26.39,51.791,"R",73.337,34
14.858,"S",68.282,63.483,"Class2",48.624,90.607,49.355,"U",60.14,24
9.01,"N",66.672,91.956,"Class2",44.277,80.482,47.292,"T",67.741,75
68.745,"T",38.108,48.424,"Class1",69.21,35.94,67.941,"R",89.26,32
64.152,"U",49.753,32.116,"Class1",63.792,49.281,45.82,"S",74.215,30
45.451,"S",75.663,61.353,"Class2",32.456,76.985,72.016,NA,75.119,25
4.71,"S",70.681,69.619,"Class2",35.144,88.02,67.213,"V",65.29,71
65.225,"T",8.284,40.303,"Class1",70.617,43.214,41.144,NA,34.77,30
47.93,"S",65.948,30.49,"Class2",46.876,113.312,66.406,"S",60.977,86
61.482,"S",19.582,42.642,"Class1",66.34,49.133,31.91,"R",80.284,29
77.459,"U",22.814,32.819,"Class1",64.941,33.71,50.329,"R",53.989,33
48.706,"S",76.693,38.103,"Class2",32.863,94.319,69.428,"U",69.462,77
28.219,"N",78.918,50.368,"Class2",NA,86.659,53.165,"V",69.12,53
36.714,"E",70.716,74.239,"Class2",28.59,78.873,46.01,"T",64.89,49
25.626,"E",70.019,80.672,"Class2",77.976,94.254,67.055,"U",62.309,89
60.109,"S",21.436,45.091,"Class1",70.106,46.125,85.753,"S",27.348,38
15.824,"S",79.458,88.227,"Class2",61.463,70.777,48.299,NA,66.285,80
50.487,"I",72.967,63.113,"Class2",44.372,78.215,73.524,"T",59.81,89
9.553,"S",74.505,90.123,"Class2",NA,82.818,56.048,NA,64.063,97
7.349,"K",71.544,54.428,"Class2",50.836,92.51,62.174,"V",68.309,71
24.389,"S",71.859,76.445,"Class2",70.529,82.667,67.226,"S",61.221,18
72.976,"X",96.985,35.932,"Class1",57.932,32.667,58.987,"Q",44.911,35
53.694,"N",74.56,93.224,"Class2",81.99,92.375,73.19,"S",70.756,62
63.495,"K",50.261,48.854,"Class1",69.863,38.628,68.556,"Q",35.931,34
51.388,"K",73.36,52.186,"Class2",NA,81.422,66.958,"V",64.021,77
73.78,"S",81.302,32.052,"Class1",66.662,23.601,86.375,"Q",25.365,33
32.151,"K",73.301,61.261,"Class2",54.32,72.358,76.064,"V",58.234,26
19.721,"I",72.719,52.464,"Class2",48.943,87.193,68.124,"U",65.796,61
50.449,"S",75.94,88.942,"Class2",49.056,89.361,52.689,"V",61.91,80
14.772,"I",77.767,66.773,"Class2",49.399,80.446,63.566,"T",59.066,73
68.525,"X",45.768,38.473,"Class1",62.996,48.617,29.038,"R",71.605,33
59.167,"X",49.414,42.962,"Class1",70.414,53.941,70.017,"S",39.27,31
77.388,"S",40.984,35.126,"Class1",68.795,47.703,37.657,"S",63.539,36
64.573,"U",28.483,47.166,"Class1",67.865,49.457,57.903,"V",46.515,33
61.41,"K",55.055,30.985,"Class1",61.45,37.289,30.054,"S",55.489,33
38.291,"S",78.669,86.894,"Class2",57.363,86.398,48.955,"V",72.375,49
14.625,"I",74.075,89.352,"Class2",75.562,102.773,64.423,"U",75.333,76
23.873,"S",83.582,56.18,"Class2",62.247,90.675,54.712,"P",66.062,56
16.73,"I",71.702,79.418,"Class2",35.403,97.721,65.27,"S",58.399,23
23.144,"N",76.656,67.576,"Class2",25.797,84.016,59.091,"T",65.14,45
3.435,"I",65.229,70.261,"Class2",74.777,87.504,60.698,"V",68.077,85
45.168,"K",68.809,37.893,"Class2",57.123,61.234,73.304,"V",68.889,87
24.558,"K",82.993,29.498,"Class2",34.907,99.505,61.007,"U",69,25
73.934,"X",56.768,33.266,"Class1",70.791,42.694,62.435,"S",61.019,38
68.97,"K",44.269,48.923,"Class1",67.725,26.798,78.192,"V",76.306,32
21.728,"N",76.099,33.333,"Class2",73.978,91.445,63.869,"U",66.901,71
51.532,"N",72.166,86.321,"Class2",55.51,83.526,56.93,"T",71.217,72
63.2,"T",34.829,38.092,"Class1",64.628,31.013,35.089,"Y",70.341,28
52.807,"E",65.836,58.992,"Class2",54.892,86.382,52.131,NA,65.77,21
19.785,"N",79.295,48.71,"Class2",89.766,74.332,75.645,"P",69.349,75
73.04,"U",38.593,45.371,"Class1",63.17,26.695,39.938,"R",37.416,31
69.336,"T",35.422,37.145,"Class1",69.375,36.295,42.699,"Y",14.951,39
45.218,"K",75.705,63.271,"Class2",68.208,82.545,57.876,"S",76.454,98
20.506,"N",70.146,78.573,"Class2",76.375,86.558,56.731,"V",71.369,66
61.609,"X",109.652,44.086,"Class1",64.844,18.303,79.052,"Q",72.291,39
10.943,"K",76.95,82.736,"Class2",32.041,89.88,51.725,"U",60.282,30
78.82,"S",60.375,37.491,"Class1",65.194,46.105,59.755,NA,69.361,28
67.61,"K",38.473,47.311,"Class1",64.262,49.953,78.945,"R",32.01,34
39.78,"E",73.261,61.314,"Class2",47.162,98.813,69.786,"U",76.28,30
34.07,"I",71.842,31.355,"Class2",46.013,75.751,71.033,NA,68.077,43
28.633,"N",71.325,72.032,"Class2",77.233,84.381,49.207,"T",56.383,85
76.098,"S",35.464,41.1,"Class1",67.488,37.751,29.032,"V",39.458,38
79.623,"X",16.015,30.642,"Class1",70.314,33.31,56.346,"V",46.001,30
78.15,"U",49.154,37.595,"Class1",69.665,38.523,42.593,"V",92.619,30
29.817,"S",66.989,64.263,"Class2",30.864,83.975,67.473,"S",70.413,87
60.606,"K",27.77,34.97,"Class1",63.014,46.073,50.525,"S",70.301,29
60.329,"S",58.016,29.336,"Class1",66.131,53.415,50.532,"Y",5.909,39
51.825,"N",70.552,45.737,"Class2",53.678,85.812,75.834,"T",74.423,61
58.003,"U",45.078,30.738,"Class1",64.919,31.674,72.171,"S",17.421,28
68.395,"K",34.081,30.28,"Class1",69.67,60.793,73.288,"S",92.083,35
21.052,"N",72.216,28.249,"Class2",53.847,92.262,77.847,"T",66.359,65
65.519,"T",27.833,39.386,"Class1",69.042,53.979,36.079,"R",42.922,36
36.181,"S",70.903,53.298,"Class2",44.391,94.841,52.337,"P",63.113,68
75.407,"U",78.444,29.812,"Class1",69.883,33.934,54.016,NA,39.124,32
5.13,"K",77.296,72.904,"Class2",60.224,104.06,61.402,"T",72.509,67
72.596,"S",74.191,44.622,"Class1",61.223,30.326,84.068,"S",46.543,32
79.542,"U",41.287,42.553,"Class1",57.55,51.875,58.153,"R",42.993,37
74.747,"X",5.64,40.094,"Class1",67.327,24.104,68.978,"V",28.69,37
68.935,"U",5.782,31.155,"Class1",62.332,29.722,32.155,"V",47.919,31
31.611,"I",74.131,58.751,"Class2",58.804,80.592,52.711,"T",58.669,28
58.105,"K",63.775,29.721,"Class1",NA,44.41,78.595,"R",29.343,34
67.195,"X",67.926,40.139,"Class1",65.938,51.315,41.435,"V",20.012,31
60.372,"K",24.148,38.134,"Class1",64.221,58.963,69.177,"S",1.245,30
69.758,"X",35.773,38.643,"Class1",69.159,18.738,59.701,"V",33.279,31
77.704,"X",52.041,33.239,"Class1",63.98,43.312,61.931,NA,38.958,28
68.265,"K",80.373,37.319,"Class1",NA,60.369,40.567,"S",73.321,36
77.768,"S",60.963,31.438,"Class1",71.91,59.197,48.184,"V",83.216,33
70.277,"K",36.11,41.969,"Class1",56.711,51.5,34.04,"R",41.415,31
74.929,"U",58.6,44.519,"Class1",63.914,42.436,82.867,"Q",48.465,28
73.892,"U",60.146,46.2,"Class1",63.606,35.995,66.93,"S",91.517,30
36.334,"I",81.425,71.894,"Class2",31.49,95.094,48.519,"S",59.682,35
42.21,"I",61.597,66.383,"Class2",58.683,94.225,64.296,"V",58.322,69
77.807,"U",59.776,41.08,"Class1",75.321,43.293,55.119,"Q",27.925,31
50.5,"N",69.77,58.963,"Class2",31.325,89.315,77.78,"S",72.428,96
39.725,"I",70.758,47.603,"Class2",56.572,85.496,56.019,"V",62.736,56
30.77,"S",77.057,53.492,"Class2",NA,82.517,74.367,"U",63.732,95
78.514,"T",11.776,44.283,"Class1",62.765,29.252,41.214,"V",27.438,33
61.143,"S",-4.696,39.591,"Class1",67.46,49.295,70.451,"Y",30.583,32
59.052,"K",1.902,49.43,"Class1",64.374,52.751,73.465,"Q",50.197,36
63.483,"K",72.489,37.519,"Class1",61.448,51.146,30.685,"Q",81.985,36
67.939,"T",51.53,39.722,"Class1",74.404,35.012,74.675,"Q",73.111,30
5.267,"S",76.463,29.006,"Class2",68.523,85.153,74.886,"V",63.267,90
77.932,"S",59.962,32.482,"Class1",69.764,40.075,71.906,"Q",55.863,31
13.932,"E",76.924,54.365,"Class2",72.036,93.46,68.96,"P",61.534,82
23.489,"K",83.453,85.252,"Class2",57.95,72.021,74.425,"S",70.269,12
71.461,"X",-16.325,48.635,"Class1",75.507,41.76,75.714,"V",60.582,39
38.319,"E",66.692,41.317,"Class2",56.955,88.482,55.95,"T",77.286,76
73.739,"S",75.526,49.233,"Class1",64.429,32.267,56.099,"Q",33.6,34
73.132,"U",52.712,34.285,"Class1",67.269,33.453,79.73,"S",36.783,37
27.043,"N",68.608,60.862,"Class2",53.044,80.269,64.218,"P",64.809,98
74.411,"T",33.898,37.52,"Class1",69.032,41.029,33.516,"Y",59.097,30
75.578,"U",66.441,46.906,"Class1",72.279,49.8,87.368,"R",49.508,32
65.77,"K",41.428,44.606,"Class1",68.34,40.469,53.83,"R",52.047,28
70.884,"U",90.277,31.789,"Class1",66.308,42.487,51.476,NA,49.636,35
79.533,"K",-1.226,40.261,"Class1",61.752,30.386,61.487,"S",34.702,31
30.361,"K",68.969,86.048,"Class2",35.513,80.331,69.454,"V",51.884,51
70.498,"X",77.238,46.983,"Class1",64.65,51.335,84.385,"Q",20.49,32
12.276,"N",81.837,41.459,"Class2",20.162,93.034,72.039,"V",63.163,31
15.001,"N",72.441,88.074,"Class2",54.066,74.521,73.18,"V",68.375,77
66.102,"S",52.153,49.696,"Class1",69.732,34.394,59.307,"Q",13.704,29
25.971,"I",70.144,61.145,"Class2",29.883,96.223,51.635,"V",67.695,36
29.39,"N",66.827,65.832,"Class2",52.243,91.589,69.508,"V",70.751,51
63.577,"T",70.136,39.305,"Class1",63.547,42.249,82.088,"S",52.578,28
35.711,"S",66.496,66.474,"Class2",47.875,61.819,55.857,"U",61.616,89
3.579,"S",76.531,64.667,"Class2",84.217,65.778,78.788,"S",70.638,87
62.313,"X",25.244,40.321,"Class1",66.519,51.336,59.755,"R",18.26,38
28.327,"I",67.605,88.183,"Class2",59.64,108.932,70.353,"P",70.333,52
48.434,"E",74.8,33.382,"Class2",35.569,96.341,50.511,NA,63.444,74
74.773,"T",31.391,36.019,"Class1",62.793,40.21,79.582,"S",58.274,30
52.967,"S",72.347,56.39,"Class2",33.032,92.656,70.813,"V",68.05,78
17.973,"K",75.32,85.193,"Class2",49.877,88.301,62.642,"S",72.083,52
61.278,"U",68.643,31.983,"Class1",66.041,34.338,41.412,"S",80.589,39
64.673,"S",-21.819,29.418,"Class1",63.618,32.105,36.478,"V",29.012,28
67.266,"S",8.878,39.224,"Class1",68.294,36.512,44.479,"Y",58.511,39
65.148,"S",39.8,45.464,"Class1",63.644,61.825,62.636,"Q",54.911,36
75.307,"S",30.238,33.243,"Class1",NA,45.989,85.03,"S",56.845,37
79.426,"S",41.582,46.287,"Class1",59.797,39.359,39.917,"S",76.463,33
33.134,"S",75.643,41.587,"Class2",40.037,91.161,59.799,NA,65.425,29
78.627,"U",38.125,36.673,"Class1",61.106,28.822,79.151,"Y",23.394,38
58.437,"U",98.075,46.721,"Class1",68.607,49.733,33.241,"R",41.741,30
9.74,"K",72.391,79.135,"Class2",47.097,75.476,64.052,"U",65.871,15
39.187,"K",74.276,39.227,"Class2",54.375,93.37,50.611,"V",73.073,81
77.876,"X",30.481,44.436,"Class1",67.559,50.502,34.439,"Y",55.823,38
25.272,"K",78.26,49.163,"Class2",46.549,85.73,75.448,"V",62.746,32
77.235,"U",45.073,44.567,"Class1",62.373,54.094,68.893,"V",57.514,34
72.224,"U",51.046,48.615,"Class1",70.73,21.917,35.63,"Y",67.157,30
31.798,"N",73.047,37.759,"Class2",56.168,68.706,55.656,NA,67.785,64
75.713,"U",25.983,40.778,"Class1",65.689,65.22,61.038,"Y",67.293,37
50.851,"I",73.258,67.76,"Class2",21.81,73.749,58.581,"P",65.161,58
48.277,"I",70.975,93.644,"Class2",69.051,79.767,74.018,"S",70.862,89
26.618,"N",76.876,71.832,"Class2",27.327,89.67,62.505,"U",71.021,51
66.689,"T",69.883,36.769,"Class1",59.437,31.74,33.064,NA,73.002,28
38.159,"E",76.198,32.088,"Class2",NA,85.014,67.072,"P",60.251,71
3.514,"K",78.814,73.962,"Class2",43.236,100.066,78.701,"U",77.082,13
74.882,"S",24.751,43.98,"Class1",69.264,35.661,81.058,"S",41.897,35
78.99,"X",55.905,40.311,"Class1",60.783,26.676,67.392,"S",41.925,30
42.137,"S",76.552,74.016,"Class2",13.024,89.988,59.458,"S",73.415,94
75.339,"K",31.615,43.418,"Class1",67.605,36.913,64.333,"V",63.715,30
29.238,"S",83.975,50.835,"Class2",44.247,76.708,60.471,"T",62.939,44
53.806,"K",73.738,55.248,"Class2",43.319,75.928,73.054,"S",68.491,15
67.543,"K",76.831,45.666,"Class1",67.362,18.425,69.984,"R",35.605,28
29.032,"N",75.782,58.699,"Class2",30.754,77.11,62.508,"U",54.359,75
42.811,"N",67.634,50.202,"Class2",55.778,93.581,77.044,"P",63.202,40
53.506,"E",78.146,93.948,"Class2",40.297,83.474,58.742,"V",61.206,53
13.248,"K",66.298,70.432,"Class2",64.063,86.041,79.446,"S",61.7,62
15.434,"S",63.842,75.832,"Class2",46.388,94.671,46.252,"V",60.684,54
74.09,"K",87.619,39.274,"Class1",NA,23.454,76.656,NA,56.532,32
53.942,"N",63.893,73.458,"Class2",84.421,88.882,64.075,"S",67.035,84
20.418,"K",71.401,50.333,"Class2",50.04,92.119,61.924,"P",71.166,39
47.399,"I",67.272,82.656,"Class2",9.675,74.988,46.63,"P",72.673,82
58.833,"T",52.271,44.125,"Class1",64.293,32.544,85.068,"V",50.668,29
74.265,"U",14.814,31.449,"Class1",69.644,56.05,60.209,"S",31.829,39
41.623,"K",73.405,34.671,"Class2",26.397,77.786,54.23,"P",68.366,37
6.741,"S",72.142,77.263,"Class2",53.69,73.926,74.918,"U",62.437,9
72.494,"K",43.842,46.744,"Class1",68.376,45.899,69.715,"Y",27.209,37
62.52,"U",24.771,38.576,"Class1",67.425,48.81,43.753,"R",50.295,37
62.638,"X",14.962,36.54,"Class1",64.497,45.275,68.664,"Y",50.189,36
79.337,"T",29.78,46.998,"Class1",61.662,34.699,82.078,"Y",53.027,32
68.585,"U",56.827,40.306,"Class1",64.925,38.206,87.576,"Y",34.641,32
21.648,"E",73.894,33.162,"Class2",3.335,92.139,51.005,"U",68.172,22
12.717,"S",74.32,63.911,"Class2",19.708,77.177,48.41,"U",61.469,16
61.511,"X",14.316,42.604,"Class1",65.267,44.066,29.996,"V",50.598,35
3.611,"N",74.551,66.455,"Class2",24.729,93.906,64.16,"U",64.298,74
78.253,"T",16.432,49.204,"Class1",61.85,35.82,68.407,"V",56.782,32
10.218,"I",75.839,92.696,"Class2",63.628,86.945,53.174,"P",71.011,79
52.659,"E",81.591,60.844,"Class2",56.053,101.954,79.635,"V",67.507,61
66.745,"S",26.018,32.612,"Class1",67.837,50.279,81.677,"S",30.388,36
72.659,"U",31.235,46.123,"Class1",62.207,41.17,80.969,NA,28.731,36
49.815,"N",75.642,83.768,"Class2",59.216,75.302,53.727,"S",69.523,62
5.163,"N",65.303,87.968,"Class2",44.129,96.872,78.539,"S",63.669,9
52.328,"K",78.853,68.612,"Class2",64.191,84.025,54.57,"U",73.066,14
66.37,"T",24.263,43.51,"Class1",65.397,58.629,47.165,NA,0.655,32
74.685,"T",91.222,47.614,"Class1",62.48,41.762,40.545,"R",44.738,29
7.435,"S",76.327,33.114,"Class2",NA,70.451,47.666,"U",73.296,98
32.793,"E",78.115,89.042,"Class2",40.048,91.942,46.938,"U",66.141,40
25.158,"K",69.216,65.827,"Class2",60.395,92.729,60.717,"T",64.283,9
37.303,"E",80.677,62.798,"Class2",25.278,88.252,47.586,"S",72.937,99
79.508,"T",11.222,38.103,"Class1",68.55,36.045,65.748,"S",55.715,28
60.461,"U",37.327,45.229,"Class1",70.948,53.732,56.099,"R",64.704,33
42.167,"N",73.736,39.649,"Class2",64.072,92.534,71.001,"P",55.492,84
65.058,"T",61.495,31.46,"Class1",67.855,19.811,56.951,"Q",47.172,32
74.065,"X",-5.194,42.56,"Class1",64.529,34.918,53.769,"Q",50.11,35
72.611,"K",15.93,45.607,"Class1",64.102,43.187,67.612,"S",52.953,39
43.898,"K",66.587,83.862,"Class2",70.211,110.427,69.521,"P",58.591,83
61.423,"K",10.644,30.816,"Class1",65.211,59.491,67.148,"Q",15.717,28
60.827,"U",25.164,34.538,"Class1",66.245,38.282,73.201,"R",17.753,39
58.602,"S",44.985,40.088,"Class1",66.01,43.967,65.547,"R",64.373,38
66.384,"U",39.851,39.983,"Class1",60.57,21.865,81.03,NA,32.317,39
2.31,"I",75.765,34,"Class2",60.51,84.55,68.064,"T",71.271,42
11.179,"I",79.277,68.669,"Class2",26.874,99.383,52.415,"S",84.385,32
65.373,"T",61.271,32.42,"Class1",68.741,36.892,37.585,"S",47.964,35
63.351,"K",71.083,35.805,"Class1",61.338,29.367,82.034,"V",12.67,34
75.402,"U",41.758,46.525,"Class1",67.577,50.47,78.119,"S",67.886,32
30.213,"N",77.679,42.636,"Class2",86.021,81.483,52.548,"U",63.297,27
53.309,"K",74.575,62.041,"Class2",39.374,91.557,73.279,NA,66.609,45
51.318,"I",72.56,80.575,"Class2",87.772,79.049,66.481,"V",65.628,35
64.867,"X",33.54,29.866,"Class1",65.644,26.71,85.582,"R",33.72,35
66.949,"X",-7.194,41.892,"Class1",64.136,31.239,32.654,"S",77.249,39
69.749,"K",43.185,33.298,"Class1",65.196,40.702,29.31,"S",31.413,35
64.602,"K",58.854,43.709,"Class1",68.028,46.483,76.628,"V",46.95,38
67.459,"S",34.292,39.143,"Class1",66.735,38.216,34.905,"Q",88.123,35
68.824,"K",26.531,44.146,"Class1",62.751,49.222,46.39,"S",43.021,38
79.864,"X",46.083,30.282,"Class1",70.099,28.096,56.742,"Y",18.516,33
61.182,"S",62.688,44.578,"Class1",56.727,34.823,65.318,"S",69.635,39
77.993,"S",29.596,48.262,"Class1",65.29,17.433,47.863,"S",77.316,30
66.407,"K",55.038,42.501,"Class1",65.041,61.897,54.162,"V",25.93,33
26.625,"N",77.346,75.873,"Class2",70.159,94.356,79.265,"T",68.074,96
38.402,"S",73.714,74.652,"Class2",NA,74.591,58.445,"T",68.614,8
52.37,"N",75.5,43.35,"Class2",67.492,85.45,77.52,"T",66.566,90
25.819,"N",74.668,89.138,"Class2",43.809,82.574,63.504,"P",76.396,16
66.349,"S",11.41,31.011,"Class1",70.891,56.367,45.995,"R",39.379,30
76.379,"S",72.595,36.97,"Class1",65.352,46.156,60.39,NA,57.078,28
63.513,"K",39.077,38.781,"Class1",68.168,38.497,34.545,"V",66.735,30
12.199,"S",65.416,72.392,"Class2",68.283,74,53.621,"P",70.146,46
73.402,"U",44.971,39.143,"Class1",63.463,59.6,78.484,"Y",30.148,39
69.099,"T",28.005,30.777,"Class1",65.608,16.47,60.27,"V",54.731,33
11.742,"E",70.075,90.055,"Class2",59.251,94.005,79.964,"V",69.62,56
47.251,"K",73.284,47.251,"Class2",63.185,97.271,76.587,"T",62.841,29
69.726,"T",-8.869,49.548,"Class1",69.072,43.4,46.509,"Y",58.193,34
53.289,"K",64.201,43.148,"Class2",NA,58.901,79.419,"P",70.159,79
9.018,"K",79.669,43.877,"Class2",48.21,84.028,50.217,"U",62.03,14
77.304,"S",32.095,30.886,"Class1",60.134,43.222,63.988,"S",64.053,36
45.063,"N",75.665,57.778,"Class2",NA,85.603,70.591,"T",70.627,14
53.582,"S",71.965,46.349,"Class2",54.323,65.638,53.809,"S",64.112,15
46.606,"K",76.823,76.272,"Class2",37.734,80.957,56.917,"S",68.742,81
72.128,"S",63.265,44.709,"Class1",71.722,31.502,53.984,"V",53.635,39
10.287,"I",73.776,63.241,"Class2",36.577,80.288,69.387,"T",69.531,95
72.139,"X",5.048,42.973,"Class1",65.004,31.45,81.401,"Q",11.31,38
79.992,"S",0.859,33.809,"Class1",70.126,38.241,58.941,"R",60.995,38
59.665,"S",44.676,43.8,"Class1",68.623,25.11,43.043,"Q",80.275,35
64.739,"S",71.682,34.534,"Class1",64.809,32.337,30.658,"Q",53.657,28
75.113,"K",22.518,43.309,"Class1",74.142,34.584,69.009,"S",52.359,29
70.324,"T",-34.827,39.607,"Class1",71.651,37.138,86.913,"S",49.986,36
17.64,"K",79.43,55.58,"Class2",62.131,88.359,71.906,"T",59.92,34
58.922,"U",47.645,41.652,"Class1",65.978,61.919,30.32,"S",42.496,38
47.594,"N",80.378,77.821,"Class2",48.21,64.797,56.36,"U",72.726,88
75.864,"X",19.344,39.173,"Class1",65.154,54.172,34.515,"S",33.55,30
50.654,"K",68.906,73.759,"Class2",NA,86.838,61.489,"T",75.361,22
58.835,"S",25.758,43.315,"Class1",69.259,49.294,29.008,"S",68.728,38
5.48,"S",83.99,37.7,"Class2",52.429,79.475,55.296,"S",60.932,37
75.438,"K",-12.57,47.358,"Class1",68.275,37.419,39.922,"Q",74.874,30
67.361,"S",27.456,34.044,"Class1",62.995,41.51,38.446,"S",41.597,37
38.692,"K",75.772,57.436,"Class2",15.341,83.291,48.845,"S",66.261,10
72.782,"T",82.801,47.895,"Class1",62.012,22.89,30.889,"V",64.452,36
19.846,"K",78.16,73.866,"Class2",26.723,77.998,70.234,"T",76.149,82
72.467,"S",43.371,46.924,"Class1",69.842,40.455,65.297,"V",52.334,31
70.079,"K",4.123,36.524,"Class1",70.385,36.986,82.441,"V",75.588,29
70.74,"T",62.534,36.375,"Class1",59.228,28.191,42.018,NA,65.134,39
15.841,"E",73.509,69.383,"Class2",67.449,83.426,59.685,"U",69.297,68
46.53,"N",76.871,37.965,"Class2",40.262,88.774,75.023,"U",62.813,94
36.662,"E",73.327,46.01,"Class2",NA,83.335,55.838,"V",82.913,65
41.205,"E",61.951,32.38,"Class2",38.916,68.097,67.535,"P",63.633,93
74.496,"K",79,33.036,"Class1",76.482,53.424,35.632,"Q",47.45,28
37.016,"S",70.496,67.938,"Class2",65.038,97.464,71.486,"T",65.416,74
30.17,"S",76.809,86.311,"Class2",40.334,77.835,63.487,"S",69.368,55
74.282,"S",51.007,38.355,"Class1",63.748,38.18,83.384,"Y",50.733,36
71.098,"X",46.755,40.357,"Class1",62.946,36.794,73.713,"S",43.61,36
58.595,"T",50.588,43.227,"Class1",61.748,37.716,67.527,"Q",21.066,31
60.94,"T",38.157,37.381,"Class1",64.531,37.319,80.502,"V",46.336,31
31.979,"S",77.324,80.034,"Class2",NA,101.817,72.637,"S",60.75,84
61.814,"K",38.111,45.82,"Class1",67.382,37.721,58.803,"S",82.165,34
64.69,"K",18.477,38.505,"Class1",60.226,39.344,80.979,"Y",52.731,39
24.907,"I",83.394,47.214,"Class2",47.942,86.004,79.211,"P",67.329,89
26.379,"I",67.617,94.507,"Class2",53.112,92.927,55.612,"U",75.851,78
26.371,"E",76.595,49.737,"Class2",50.503,86.951,54.577,"U",58.953,35
29.247,"K",74.684,92.582,"Class2",76.987,86.037,61.303,"U",74.54,29
78.252,"U",49.117,40.183,"Class1",66.022,46.45,76.414,"S",55.687,29
40.311,"N",72.543,39.369,"Class2",52.181,87.581,75.989,"V",63.352,70
67.992,"X",44.975,42.118,"Class1",63.639,41.376,87.937,"S",50.215,38
52.924,"S",77.777,68.558,"Class2",43.855,79.432,47.102,"V",68.532,21
24.103,"S",66.033,45.494,"Class2",63.484,91.673,68.004,"T",65.824,76
75.504,"K",23.636,36.516,"Class1",64.226,35.755,80.939,"V",74.84,29
58.697,"X",86.828,47.364,"Class1",68.21,23.798,42.2,"Y",45.912,31
38.265,"S",78.53,33.027,"Class2",66.464,96.156,64.397,"T",62.772,9
79.127,"K",33.106,35.269,"Class1",66.93,49.885,47.49,"S",74.609,33
13.352,"N",78.216,39.29,"Class2",47.516,98.219,61.67,"U",69.307,12
63.664,"K",62.009,29.284,"Class1",NA,54.35,79.113,"Q",78.271,35
63.838,"U",32.788,35.702,"Class1",71.276,24.548,51.452,"V",38.686,32
75.307,"U",47.867,38.443,"Class1",67.177,48.474,67.313,"R",21.958,39
58.028,"S",4.095,31.37,"Class1",56.887,25.76,81.6,"Q",61.157,28
50.072,"K",71.676,41.386,"Class2",31.569,98.214,63.535,"V",50.015,63
58.294,"X",57.793,43.647,"Class1",62.428,48.146,50.008,"S",85.905,30
58.076,"K",-1.713,39.365,"Class1",68.753,29.484,71.86,"R",58.559,30
58.974,"T",-2.969,30.012,"Class1",63.811,45.366,47.866,"Q",51.851,31
59.253,"U",8.972,36.958,"Class1",62.47,25.262,72.506,"Q",24.585,39
73.626,"U",14.088,36.862,"Class1",64.982,58.806,40.69,"V",37.924,34
37.908,"I",68.203,33.979,"Class2",40.775,60.712,65.562,"T",56.782,20
63.778,"K",23.686,40.062,"Class1",72.13,37.964,66.114,"Q",27.678,35
62.822,"T",42.482,37.328,"Class1",65.433,58.832,74.62,"S",54.46,32
71.135,"T",56.499,41.704,"Class1",72.461,45.878,82.35,"Y",46.39,35
75.494,"S",60.347,39.133,"Class1",61.312,26.696,63.107,"S",26.021,35
67.476,"S",18.944,49.511,"Class1",62.687,34.443,86.57,"Q",73.232,32
77.592,"K",75.182,37.918,"Class1",74.66,39.804,42.893,"R",24.977,34
61.926,"S",60.845,46.591,"Class1",65.608,43.736,37.548,"Q",57.162,30
66.867,"X",-5.767,41.794,"Class1",64.751,69.451,35.543,"V",44.651,33
60.231,"T",24.798,33.253,"Class1",67.367,58.99,44.28,"S",60.035,29
42.856,"E",74.11,94.254,"Class2",39.431,82.014,47.399,"V",69.148,44
68.819,"U",75.703,40.153,"Class1",69.005,38.491,52.037,"V",42.345,31
77.843,"K",54.945,32.335,"Class1",69.083,48.397,65.299,"Q",67.513,37
18.966,"E",72.876,42.291,"Class2",NA,77.587,57.307,"V",69.271,86
64.196,"K",45.314,39.301,"Class1",64.69,50.195,83.014,"S",51.731,35
23.581,"N",69.839,43.559,"Class2",42.45,65.067,63.129,"P",76.971,27
10.462,"K",78.281,66.784,"Class2",38.827,67.552,58.941,"V",81.987,30
19.492,"E",66.174,55.881,"Class2",57.5,87.663,73.763,"V",63.934,56
13.941,"E",77.341,67.683,"Class2",36.563,88.553,57.225,"V",76.084,70
72.549,"T",41.073,38.859,"Class1",68.595,60.201,40.018,"Q",32.368,29
61.946,"X",20.783,34.609,"Class1",NA,40.886,73.452,"R",23.976,36
2.11,"K",81.113,66.762,"Class2",26.723,92.498,55.759,"V",66.822,42
70.048,"X",10.44,41.333,"Class1",66.448,30.013,34.126,"Q",58.149,36
32.383,"N",72.996,86.959,"Class2",86.485,90.74,77.344,"T",68.526,56
66.785,"T",73.298,47.043,"Class1",64.194,46.031,67.213,"Y",60.821,33
69.853,"T",47.601,35.159,"Class1",70.025,41.319,64.544,"R",74.066,35
41.975,"K",66.796,46.542,"Class2",60.893,75.154,65.394,"P",75.693,43
63.408,"S",7.206,39.229,"Class1",61.077,43.933,85.335,"S",42.958,28
76.9,"K",15.414,30.605,"Class1",64.953,34.364,36.894,"V",21.054,38
74.908,"S",-4.858,33.905,"Class1",63.662,29.762,42.6,"R",37.472,31
64.983,"X",83.909,37.772,"Class1",NA,50.387,50.326,"Q",-6.469,35
15.496,"N",75.348,73.328,"Class2",19.907,78.158,52.63,"P",66.827,91
75.737,"X",43.032,37.169,"Class1",61.323,36.148,38.654,"S",52.5,34
76.384,"X",70.235,33.249,"Class1",71.473,29.068,80.223,"S",60.274,35
74.727,"U",32.801,46.015,"Class1",61.179,45.814,31.664,"S",35.689,35
66.001,"U",28.448,46.019,"Class1",64.275,57.527,45.078,"S",43.474,34
32.678,"N",76.801,70.76,"Class2",70.733,100.942,76.127,NA,55.108,80
74.407,"T",40.841,32.808,"Class1",NA,46.24,56.922,"V",14.404,37
68.69,"U",59,34.094,"Class1",70.421,51.424,77.002,"V",60.711,36
8.8,"S",73.742,46.477,"Class2",34.859,78.473,51.977,"U",76.871,23
44.115,"E",76.548,61.644,"Class2",55.388,74.647,57.117,"T",65.884,47
70.529,"S",82.779,42,"Class1",68.459,44.774,80.501,"Y",63.598,35
59.752,"U",5.301,31.693,"Class1",70.695,28.142,43.351,NA,25.993,30
6.011,"S",73.042,33.437,"Class2",56.451,89.051,73.487,"T",68.307,91
24.933,"K",75.519,74.144,"Class2",80.61,90.051,78.296,"S",66.242,89
23.326,"I",81.848,32.263,"Class2",39.157,79.77,52.526,"U",60.127,21
15.645,"I",76.816,53.076,"Class2",62.271,76.75,79.053,"P",69.879,90
6.261,"E",78.398,86.313,"Class2",46.34,88.906,48.994,"V",56.649,86
66.086,"T",31.865,47.317,"Class1",NA,47.903,34.003,"Q",49.817,34
59.11,"U",41.978,40.642,"Class1",62.339,37.829,58.888,NA,56.263,35
16.628,"K",75.878,83.928,"Class2",38.887,81.805,51.516,"V",61.209,48
76.591,"K",82.779,41.521,"Class1",67.907,59.656,60.861,"Q",96.145,30
14.217,"S",71.459,47.533,"Class2",50.73,95.684,56.615,NA,63.795,58
2.186,"N",69.867,64.307,"Class2",54.087,88.548,59.569,"U",69.92,78
48.282,"S",78.55,65.32,"Class2",12.463,95.537,68.623,"U",71.876,86
7.932,"S",69.75,83.94,"Class2",63.869,113.46,68.7,"U",60.702,93
66.125,"X",34.353,43.002,"Class1",60.862,30.541,70.263,"V",28.867,39
11.215,"S",72.546,55.556,"Class2",60.739,76.267,70.292,"S",75.964,31
74.147,"K",33.131,45.19,"Class1",63.706,40.151,54.422,"R",46.597,34
12.488,"E",73.115,91.425,"Class2",43.213,79.427,46.983,NA,63.694,62
49.227,"N",67.536,77.528,"Class2",64.184,87.2,62.609,"S",68.2,61
62.487,"X",38.085,32.468,"Class1",63.638,48.54,42.022,"R",55.507,30
76.1,"X",35.631,44.961,"Class1",64.686,37.626,49.244,"Q",42.556,37
64.626,"S",20.819,37.677,"Class1",63.461,20.531,82.909,"Y",44.679,31
24.297,"K",75.912,68.232,"Class2",34.696,72.566,78.307,"P",54.673,11
70.974,"T",11.915,33.002,"Class1",59.631,52.311,60.388,"V",55.996,30
61.297,"K",54.029,38.213,"Class1",68.649,34.369,34.555,"R",20.441,28
63.812,"T",26.938,30.576,"Class1",75.102,51.681,34.04,"R",45.977,38
6.132,"N",83.066,64.634,"Class2",NA,86.041,65.014,"T",61.569,9
78.113,"T",37.75,38.739,"Class1",57.493,43.813,43.588,"Q",54.878,35
10.441,"K",74.526,81.149,"Class2",68.551,98.263,78.305,"T",73.085,42
63.71,"X",25.193,36.307,"Class1",60.943,49.789,48.052,"Y",37.311,38
9.014,"K",67.065,39.32,"Class2",59.312,84.194,54.669,"V",66.44,15
76.329,"X",47.525,48.066,"Class1",62.284,32.298,45.189,"Y",54.403,33
59.38,"T",90.201,47.994,"Class1",65.291,45.544,72.956,"Y",34.799,28
21.715,"S",77.904,38.707,"Class2",50.515,82.707,69.392,"P",69.95,99
74.911,"K",55.431,35.811,"Class1",67.366,52.652,86.198,"S",31.472,36
61.179,"K",67.627,31.791,"Class1",66.336,20.767,86.354,"V",57.477,28
58.005,"S",-18.131,30.733,"Class1",NA,49.917,38.253,"R",52.328,36
31.33,"E",75.658,31.989,"Class2",59.593,90.007,62.851,"V",74.835,34
75.547,"X",44.245,45.165,"Class1",67.953,33.049,84.908,"Q",47.75,34
16.275,"I",72.011,93.057,"Class2",87.154,73.997,67.464,"P",64.06,78
41.669,"N",77.796,80.795,"Class2",49.404,67.572,51.22,"S",67.344,34
6.98,"K",76.959,38.278,"Class2",53.678,83.814,77.544,"T",68.173,71
47.825,"E",71.377,79.229,"Class2",90.561,94.152,62.87,"U",56.674,48
63.435,"K",54.089,29.109,"Class1",59.701,50.992,31.895,"Q",56.36,36
30.95,"I",76.169,48.651,"Class2",60.88,91.448,67.715,"S",66.466,98
74.076,"T",14.13,38.328,"Class1",68.013,29.961,44.232,"R",57.491,30
73.814,"K",27.475,40.163,"Class1",61.386,29.179,45.172,"S",73.003,34
51.871,"I",77.138,42.292,"Class2",63.535,95.035,70.661,"T",61.823,62
4.398,"S",76.191,57.078,"Class2",52.305,92.334,73.723,"T",74.568,71
71.078,"U",28.147,41.151,"Class1",63.56,47.807,61.102,"V",58.659,37
61.62,"X",4.633,34.989,"Class1",63.01,38.473,83.481,"V",69.964,29
59.52,"T",37.808,31.675,"Class1",67.075,29.255,34.795,"S",60.404,36
41.088,"K",73.103,78.928,"Class2",64.14,80.536,73.083,"P",68.01,75
72.728,"X",38.775,41.533,"Class1",77.02,20.706,63.204,"Q",36.386,28
52.214,"E",77.372,89.475,"Class2",23.721,83.166,74.712,"P",66.48,12
31.379,"N",82.21,51.136,"Class2",51.074,92.528,52.204,"V",64.422,52
35.219,"E",78.804,84.451,"Class2",71.625,93.836,78.981,"T",62.323,50
10.421,"N",69.099,28.906,"Class2",24.834,96.851,64.323,"S",70.214,11
63.726,"K",61.818,46.003,"Class1",63.445,46.985,70.022,"S",43.336,34
21.406,"S",75.808,73.544,"Class2",57.691,95.69,54.891,"S",74.181,82
45.288,"E",74.44,77.363,"Class2",35.512,68.897,50.942,"V",70.1,84
16.532,"N",72.898,83.196,"Class2",28.266,92.119,59.483,"V",64.999,74
52.759,"K",79.936,76.627,"Class2",44.704,93.454,52.717,"T",62.183,45
41.441,"N",74.311,30.777,"Class2",50.138,84.747,64.427,"P",68.205,28
76.989,"X",53.195,37.481,"Class1",NA,60.74,71.328,"S",58.869,35
62.853,"T",69.182,44.209,"Class1",66.591,24.547,47.147,"Q",59.815,39
60.641,"X",28.65,41.744,"Class1",67.743,46.144,39.479,"R",75.142,36
30.709,"S",64.863,50.173,"Class2",15.794,87.84,73.679,"T",66.574,19
11.694,"N",72.322,35.902,"Class2",47.829,95.939,66.352,"P",65.316,26
78.026,"K",106.781,40.565,"Class1",70.909,39.178,51.183,"V",83.851,34
25.438,"S",71.066,31.4,"Class2",57.037,71.166,71.118,"U",70.141,33
66.476,"K",64.344,39.183,"Class1",69.178,15.572,72.52,"R",53.883,35
65.07,"X",29.17,46.557,"Class1",69.83,36.306,81.793,"V",81.29,39
71.536,"S",-17.917,38.809,"Class1",63.101,37.84,67.636,"Y",53.37,30
22.137,"K",74.935,48.517,"Class2",36.92,80.87,61.573,"U",68.986,86
72.707,"T",70.133,32.062,"Class1",65.134,37.827,76.765,"V",52.909,32
37.249,"K",72.621,34.594,"Class2",24.962,88.068,60.97,"P",69.616,93
16.63,"K",74.451,64.479,"Class2",49.174,78.035,76.801,"U",57.821,56
16.074,"N",72.514,78.307,"Class2",62.506,86.07,70.116,"P",68.311,44
11.653,"K",83.574,38.609,"Class2",48.308,81.036,79.331,"T",58.699,89
11.212,"S",78.285,77.669,"Class2",39.268,86.488,52.593,"V",60.8,57
60.504,"T",-14.373,46.211,"Class1",66.844,30.625,40.104,NA,38.773,35
68.913,"T",63.68,33.246,"Class1",61.688,33.292,39.544,"Y",67.462,29
62.309,"U",61.611,45.71,"Class1",69.752,39.621,35.866,"V",78.975,39
5.739,"I",75.558,82.996,"Class2",42.858,84.266,54.839,"P",66.845,31
64.084,"K",51.664,39.77,"Class1",69.25,39.428,57.967,"S",33.33,32
63.778,"U",15.426,39.247,"Class1",71.83,46.015,54.538,"Q",57.526,29
64.818,"S",-25.467,39.599,"Class1",66.263,55.399,59.043,"R",69.318,32
7.067,"I",68.285,56.625,"Class2",38.207,95.256,74.508,"S",71.292,20
74.455,"K",72.555,35.302,"Class1",66.264,39.691,52.642,"R",64.427,28
67.069,"U",59.891,49.052,"Class1",63.579,25.456,36.613,"R",65.761,29
72.734,"U",69.183,41.615,"Class1",66.144,56.218,36.974,"S",96.716,32
76.906,"U",30.977,38.104,"Class1",68.293,35.591,36.919,"Q",38.429,35
11.621,"N",71.48,36.843,"Class2",13.294,95.155,71.674,"U",61.455,61
63.229,"K",86.226,36.743,"Class1",67.504,42.809,44.084,"V",15.383,36
79.316,"T",17.077,48.175,"Class1",60.064,56.559,68.584,"R",55.296,37
46.437,"I",70.979,42.497,"Class2",48.169,92.235,73.911,"V",64.73,56
70.077,"U",31.691,35.886,"Class1",64.843,32.412,40.323,NA,53.953,33
78.626,"X",6.859,37.05,"Class1",65.99,24.403,52.338,"V",74.29,34
58.539,"K",59.996,43.196,"Class1",58.64,40.398,60.186,"Y",20.817,38
71.3,"K",59.985,48.581,"Class1",68.768,36.839,35.283,"S",58.428,31
66.469,"U",20.991,43.874,"Class1",67.335,23.687,51.819,"V",61.326,34
42.415,"E",80.082,90.513,"Class2",49.586,85.568,58.812,"U",69.652,88
2.979,"S",74.481,59.842,"Class2",42.291,75.922,46.515,"P",64.207,54
59.743,"K",38.999,31.975,"Class1",61.537,42.103,54.007,"Y",67.934,36
38.399,"K",72.174,44.956,"Class2",89.106,84.933,61.033,"U",70.168,68
4.98,"E",64.968,62.857,"Class2",28.529,88.67,66.185,"P",70.198,84
43.198,"N",79.121,75.186,"Class2",40.166,94.717,46.228,"S",60.715,36
29.711,"K",68.061,52.29,"Class2",56.069,83.336,55.665,"V",65.091,99
67.503,"X",31.353,33.735,"Class1",73.527,58.514,81.13,"R",31.497,38
76.31,"X",50.787,42.83,"Class1",62.455,23.688,80.814,"Q",29.599,28
70.681,"U",59.606,38.316,"Class1",67.253,20.986,87.627,"Q",61.288,37
64.837,"T",52.244,32.202,"Class1",62.708,38.494,81.479,"Y",50.726,39
8.792,"E",80.728,83.007,"Class2",NA,76.649,57.013,"U",62.596,41
14.005,"N",70.995,40.894,"Class2",38.679,85.582,72.069,"V",67.405,94
14.968,"I",76.3,86.454,"Class2",59.859,87.98,60.471,"P",71.821,20
15.818,"K",74.646,28.573,"Class2",42.98,85.829,65.815,"U",66.883,21
66.613,"K",40.772,36.052,"Class1",69.299,39.533,43.714,"S",84.129,33
52.571,"I",70.936,55.421,"Class2",33.085,102.243,61.907,"V",72.261,56
60.418,"T",7.959,29.229,"Class1",68.694,57.441,79.452,"Y",50.941,33
19.88,"I",70.149,75.268,"Class2",67.564,75.397,56.589,"P",77.305,20
31.244,"E",69.619,72.887,"Class2",35.598,84.171,59.803,"S",57.789,61
69.816,"T",28.828,39.114,"Class1",67.471,49.801,58.413,"V",41.277,34
74.93,"T",68.126,33.848,"Class1",59.088,34.924,79.98,"Q",29.021,37
43.986,"K",73.816,38.951,"Class2",34.994,93.335,79.192,"P",56.153,17
73.076,"U",6.932,43.006,"Class1",64.148,28.339,60.904,"R",49.287,36
10.273,"N",70.209,59.023,"Class2",62.931,79.139,68.14,"P",69.009,47
65.602,"K",39.251,40.184,"Class1",65.483,43.255,86.311,NA,55.996,34
60.672,"T",79.112,40.874,"Class1",65.806,51.261,76.514,"V",60.991,38
42.749,"N",73.135,46.987,"Class2",25.071,66.782,46.606,"U",65.212,80
50.438,"S",76.671,52.483,"Class2",15.447,85.309,70.943,"P",70.857,92
21.363,"S",71.102,40.962,"Class2",28.181,78.932,57.466,"T",76.737,19
27.231,"S",73.541,81.967,"Class2",56.844,74.519,78.645,"T",78.472,31
60.065,"S",54.603,47.189,"Class1",65.862,29.987,48.557,"R",38.529,39
63.461,"U",54.869,31.324,"Class1",71.679,30.99,85.367,"Y",22.559,34
60.038,"S",6.926,45.076,"Class1",59.359,25.028,47.647,"V",-7.697,39
77.714,"U",38.74,38.555,"Class1",69.455,42.335,46.205,"Q",82.904,35
42.763,"K",74.719,67.775,"Class2",27.009,81.817,74.351,"S",69.365,66
24.055,"I",66.224,60.487,"Class2",36.402,74.33,69.608,"U",62.466,43
59.795,"K",81.145,35.546,"Class1",65.53,46.833,78.562,"V",70.131,30
24.091,"I",76.034,78.131,"Class2",72.966,94.07,73.617,"P",68.71,99
10.928,"S",75.36,57.669,"Class2",50.941,89.604,74.442,"P",72.878,81
15.403,"I",68.046,48.008,"Class2",32.941,78.652,62.284,"U",58.615,75
72.324,"U",46.782,38.246,"Class1",72.296,36.662,56.85,"Y",66.785,36
40.102,"E",71.377,77.875,"Class2",14.9,100.982,53.213,"U",69.814,29
68.741,"T",-25.831,34.531,"Class1",66.701,46.462,66.415,"R",27.791,30
19.719,"E",79.376,43.943,"Class2",63.152,75.311,75.759,"V",60.632,81
20.856,"S",75.626,39.002,"Class2",5.041,98.557,54.249,"U",63.923,28
42.654,"E",76.151,83.983,"Class2",40.429,97.298,76.917,"P",64.37,15
65.006,"U",43.643,48.479,"Class1",63.32,21.855,30.485,"Y",59.992,30
13.503,"S",77.267,42.908,"Class2",18.347,69.716,70.976,"V",61.665,28
31.218,"E",74.1,41.605,"Class2",35.686,80.376,61.161,"S",66.069,67
41.306,"N",80.54,56.383,"Class2",46.095,87.049,69.885,"T",63.414,64
16.727,"S",76.839,67.766,"Class2",2.935,78.578,76.965,"P",61.383,93
76.267,"T",82.929,34.182,"Class1",67.368,39.954,34.263,"R",44.953,33
37.166,"E",68.24,63.592,"Class2",33.041,82.67,61.473,"T",74.038,81
58.798,"U",36.259,38.898,"Class1",61.167,35.189,80.672,"V",81.945,33
22.867,"N",68.651,47.018,"Class2",38.027,96.222,52.377,"P",69.617,63
65.515,"U",22.557,32.984,"Class1",NA,34.27,72.147,"V",25.862,36
74.867,"S",23.591,32.163,"Class1",67.695,58.968,48.799,"R",66.652,35
64.195,"U",88.6,41.776,"Class1",62.562,59.121,32.416,"Q",92.441,30
11.678,"K",75.839,87.459,"Class2",57.282,93.784,76.25,"T",69.967,66
77.059,"X",62.451,35.714,"Class1",71.255,52.912,87.627,"R",28.702,39
65.955,"U",26.03,45.11,"Class1",66.949,40.239,81.014,NA,54.275,35
32.449,"I",78.803,83.038,"Class2",43.491,90.331,73.6,"T",71.031,56
72.894,"K",108.286,41.897,"Class1",59.611,40.59,62.464,"Q",55.065,34
33.227,"K",72.48,65.181,"Class2",54.618,83.847,52.024,"T",68.311,26
8.378,"N",70.39,65.755,"Class2",79.75,100.81,63.35,"U",60.046,27
70.686,"S",8.414,48.14,"Class1",66.283,27.689,45.085,"S",55.008,36
4.552,"K",69.92,30.917,"Class2",55.255,74.004,71.153,"T",77.454,25
75.21,"K",74.388,47.865,"Class1",60.168,37.18,40.649,"V",29.266,38
73.79,"U",43.061,40.298,"Class1",76.049,34.546,52.387,"Q",32.807,37
33.787,"K",74.675,53.139,"Class2",60.688,85.662,78.111,"P",69.634,50
78.263,"X",37.547,36.503,"Class1",60.245,49.551,43.541,"V",43.766,29
65.975,"T",34.692,39.211,"Class1",59.972,30.314,50.688,"Q",64.022,31
59.357,"K",67.843,43.759,"Class1",62.059,26.861,42.415,"Q",55.276,37
27.649,"K",86.043,29.799,"Class2",26.739,79.209,63.727,"S",65.862,50
40.632,"N",67.074,49.456,"Class2",64.208,89.575,70.058,"S",74.031,71
42.82,"S",71.764,70.744,"Class2",37.803,65.976,58.383,"U",66.241,25
65.642,"X",29.75,48.573,"Class1",62.658,45.983,32.291,"Y",56.652,34
58.11,"U",66.815,40.829,"Class1",68.761,52.289,30.535,"Q",10.675,33
69.416,"X",36.196,46.077,"Class1",65.809,32.081,64.753,"V",39.763,33
73.781,"X",18.066,46.853,"Class1",55.68,59.611,39.417,"V",70.453,34
10.892,"E",65.864,90.194,"Class2",55.632,87.871,73.61,"V",43.736,31
66.712,"X",38.663,37.449,"Class1",67.882,44.309,36.096,"S",55.214,34
11.537,"S",81.057,94.118,"Class2",67.045,89.268,69.384,"P",71.597,99
49.002,"E",74.793,73.87,"Class2",56.008,102.62,67.902,"U",72.262,68
26.826,"S",84.195,73.731,"Class2",35.812,86.412,58.634,"S",62.194,36
18.067,"I",70.687,69.596,"Class2",45.974,95.081,63.101,"T",70.295,57
71.51,"X",57.871,42.265,"Class1",70.105,62.908,71.609,"Q",11.615,36
34.636,"K",71.179,94.766,"Class2",24.852,79.274,70.55,"U",70.301,56
59.701,"K",28.884,45.095,"Class1",62.576,54.024,71.609,"Q",69.172,30
76.749,"T",82.199,30.526,"Class1",69.475,25.333,76.861,"S",41.334,36
43.647,"N",79.955,87.833,"Class2",33.095,83.108,63.078,"P",53.177,15
77.383,"K",26.317,39.802,"Class1",66.169,22.401,69.086,"V",59.34,36
63.636,"T",28.574,42.286,"Class1",71.205,44.945,50.435,"V",14.359,28
8.126,"N",76.276,79.263,"Class2",22.343,80.898,65.76,"P",72.597,61
78.551,"S",-9.261,40.642,"Class1",66.557,34.286,36.156,"Y",79.583,37
34.079,"S",74.36,41.941,"Class2",37.163,88.928,77.275,"S",64.623,21
76.475,"U",35.771,35.274,"Class1",67.461,34.182,52.875,"R",25.289,39
29.119,"E",74.924,30.129,"Class2",49.317,88.525,69.126,"U",80.591,25
53.95,"E",67.16,32.617,"Class2",60.533,84.023,56.742,"U",77.491,83
11.45,"S",72.166,82.438,"Class2",32.358,98.012,64.172,"P",74.553,46
64.38,"U",15.919,45.765,"Class1",66.206,60.882,52.492,"Y",34.562,31
62.756,"S",48.878,37.275,"Class1",NA,33.542,32.867,NA,41.448,37
65.715,"K",84.235,29.261,"Class1",63.022,20.23,48.444,"S",16.175,36
79.047,"K",5.725,33.292,"Class1",65.361,43.048,52.011,"S",44.496,37
45.987,"S",83.903,81.577,"Class2",26.437,71.907,53.823,NA,60.123,26
37.704,"K",77.792,88.488,"Class2",NA,94.607,51.573,"V",69.345,32
72.241,"U",-8.481,48.609,"Class1",67.549,35.589,82.08,"Y",52.668,33
46.843,"I",67.485,65.42,"Class2",30.197,79.825,47.227,"V",68.165,33
62.384,"K",70.318,37.006,"Class1",58.613,50.518,69.379,"R",55.243,34
23.08,"N",69.354,52.579,"Class2",40.238,79.298,50.414,"T",59.761,72
77.61,"S",-17.524,40.355,"Class1",71.144,20.256,71.398,"R",37.878,37
21.385,"N",73.405,79.062,"Class2",52.988,65.561,63.293,"U",68.517,11
74.177,"K",62.741,46.575,"Class1",63.275,41.322,34.33,"R",41.604,34
22.944,"S",72.414,51.927,"Class2",59.159,76.762,51.323,"P",62.545,26
63.96,"X",38.056,47.682,"Class1",62.518,16.02,33.524,"Y",48.834,33
29.72,"E",74.741,45.425,"Class2",67.56,80.399,63.54,"U",77.815,18
64.989,"U",39.418,47.088,"Class1",72.017,56.05,48.366,"V",36.489,39
46.067,"S",73.947,81.851,"Class2",43.398,109.738,77.155,"P",71.818,26
79.562,"U",45.355,36.695,"Class1",61.043,52.951,84.883,"Y",90.396,31
64.933,"T",-11.533,39.889,"Class1",65.004,-4.219,46.727,"Y",18.528,35
77.699,"S",28.429,49.413,"Class1",62.809,51.055,81.372,"Y",65.813,39
14.509,"N",72.857,81.193,"Class2",48.673,93.962,68.149,"V",74.521,89
6.163,"I",71.822,72.046,"Class2",67.45,69.747,54.328,"U",61.617,87
73.314,"X",35.808,49.915,"Class1",61.984,29.238,53.819,"V",50.324,37
73.498,"T",78.198,41.876,"Class1",NA,45.349,61.879,"Y",38.226,32
41.26,"E",72.054,44.406,"Class2",23.375,102.346,76.593,"U",67.975,64
77.726,"X",5.739,42.173,"Class1",75.327,48.703,82.938,"Y",24.828,39
25.872,"N",70.2,65.063,"Class2",92.106,82.764,70.345,"S",67.99,76
58.39,"S",29.46,36.845,"Class1",68.538,70.327,58.446,"S",66.585,32
53.479,"E",67.248,31.438,"Class2",42.742,75.221,49.632,"U",69.345,96
68.579,"K",40.708,30.715,"Class1",69.087,38.211,68.684,"R",30.036,32
39.312,"S",70.125,76.895,"Class2",60.426,79.392,79.92,"S",64.213,97
8.585,"N",71.204,46.248,"Class2",61.121,77.036,66.76,"V",74.864,86
66.252,"T",3.961,35.064,"Class1",61.764,57.774,41.127,"Y",63.155,30
16.979,"E",77.296,74.073,"Class2",84.942,87.531,77.868,"T",68.954,51
58.209,"T",64.66,39.995,"Class1",61.533,45.443,53.603,"Q",55.78,35
40.357,"I",71.284,66.756,"Class2",35.014,89.036,60.867,"P",71.116,88
49.588,"N",69.01,50.779,"Class2",NA,86.15,52.468,"V",82.151,80
20.707,"I",71.868,75.18,"Class2",32.41,96.171,66.556,"V",61.945,33
31.977,"I",68.632,87.271,"Class2",30.281,78.766,47.988,"S",74.501,61
25.627,"S",65.848,86.513,"Class2",68.339,90.109,63.583,"U",58.301,36
31.163,"S",73.69,81.021,"Class2",71.434,90.498,66.351,"P",61.762,47
28.487,"E",81.044,94.14,"Class2",39.24,94.884,56.887,"S",69.321,86
67.324,"S",42.547,43.304,"Class1",NA,44.518,65.518,"V",60.67,31
75.104,"T",30.747,49.103,"Class1",65.527,35.755,76.341,NA,39.889,34
77.787,"X",49.299,44.953,"Class1",61.479,28.243,75.311,"S",51.16,39
76.79,"T",61.697,31.773,"Class1",NA,28.263,53.303,"R",61.934,35
78.342,"T",23.382,42.154,"Class1",63.582,47.141,33.809,NA,67.867,38
60.243,"T",53.551,43.062,"Class1",62.762,45.32,47.468,"R",75.448,30
68.005,"U",-22.569,38.71,"Class1",65.324,27.57,71.881,"Q",75.947,33
14.442,"K",68.25,90.13,"Class2",64.636,62.975,54.926,"U",68.41,90
25.779,"I",69.649,72.566,"Class2",29.403,75.663,55.43,"S",64.709,12
6.004,"N",76.529,53.451,"Class2",44.245,92.799,62.117,"S",61.319,37
73.865,"X",45.083,34.731,"Class1",62.337,36.143,37.995,"R",26.776,34
73.288,"U",69.861,29.613,"Class1",69.829,55.233,81.506,"Q",69.851,33
38.359,"E",74.686,51.588,"Class2",42.501,86.648,47.518,"V",71.895,79
41.695,"E",75.263,89.458,"Class2",27.398,72.263,65.624,"T",72.592,77
73.84,"X",35.036,45.338,"Class1",65.313,41.524,80.326,"V",24.052,38
69.147,"U",58.464,36.46,"Class1",69.112,52.768,60.559,"Y",44.871,28
63.022,"U",35.649,35.86,"Class1",69.32,41.366,63.077,"Q",24.457,32
58.474,"S",43.887,43.295,"Class1",64.72,23.416,86.088,"Y",30.761,38
68.374,"S",32.13,37.319,"Class1",65.696,27.884,81.162,"Q",54.156,33
66.805,"U",78.415,30.296,"Class1",66.506,47.078,57.17,"R",33.173,35
75.243,"T",46.608,48.713,"Class1",59.172,40.861,84.118,"R",37.721,35
72.009,"X",-27.541,34.077,"Class1",59.07,40.827,48.401,NA,66.896,33
66.214,"T",22.103,29.764,"Class1",67.682,36.183,80.647,"S",40.089,35
79.965,"U",34.874,45.537,"Class1",64.272,53.216,87.911,"R",45.556,39
4.373,"K",68.727,72.119,"Class2",38.502,80.849,53.581,"U",72.599,87
52.634,"K",76.391,35.751,"Class2",13.296,88.846,64.208,"U",62.346,56
69.144,"S",22.17,31.589,"Class1",60.94,18.617,41.687,"S",22.799,30
64.194,"T",77.482,40.931,"Class1",64.898,55.019,43.531,"Q",8.338,36
59.418,"S",87.569,42.647,"Class1",61.733,23.133,72.162,"R",65.735,32
15.812,"E",76.269,59.848,"Class2",33.901,88.613,70.045,"U",64.395,78
2.166,"I",77.001,76.595,"Class2",68.486,89.321,56.177,"V",64.545,10
47.508,"N",62.649,69.421,"Class2",41.887,97.447,71.557,"V",58.722,45
63.491,"U",52.502,30.916,"Class1",NA,39.334,45.362,"Y",79.469,33
76.422,"U",34.713,29.626,"Class1",58.532,51.609,29.24,"R",29.5,28
17.16,"N",64.39,40.907,"Class2",52,103.264,64.771,"U",67.596,67
52.109,"K",77.339,42.366,"Class2",54.447,95.752,78.882,"P",69.697,53
76.909,"X",63.165,48.881,"Class1",72.513,60.105,75.837,"S",41.888,28
72.868,"S",49.899,45.603,"Class1",69.998,48.703,37.809,"S",27.886,29
2.956,"K",66.649,63.725,"Class2",2.115,86.175,69.305,NA,65.064,31
6.745,"E",78.363,41.293,"Class2",28.515,83.649,70.746,"U",55.642,91
59.161,"K",33.224,31.326,"Class1",61.794,31.503,80.937,"Q",49.609,28
12.109,"I",75.709,39.935,"Class2",24.016,87.025,64.045,"T",53.651,86
67.826,"T",26.996,42.695,"Class1",71.231,47.349,35.898,"Y",39.336,39
74.182,"S",63.614,43.691,"Class1",71.319,40.284,47.621,"Q",50.885,28
69.837,"K",25.497,46.977,"Class1",69.11,24.525,74.433,"V",31.526,28
15.119,"S",72.866,77.933,"Class2",49.437,90.425,51.855,"S",77.556,63
72.225,"T",22.157,30.427,"Class1",59.146,26.337,53.756,"V",66.006,32
77.978,"K",29.6,31.038,"Class1",NA,44.217,58.7,"S",22.362,35
8.432,"E",77.566,34.95,"Class2",47.589,102.112,68.462,"T",68.226,29
4.728,"S",70.195,55.573,"Class2",48.398,104.675,76.974,"V",61.228,32
59.322,"X",56.1,44.021,"Class1",65.823,54.544,55.987,"R",32.432,30
71.051,"S",81.516,42.998,"Class1",67.376,31.981,57.435,"Q",37.067,36
62.833,"S",45.501,39.425,"Class1",57.545,36.119,61.667,"Y",9.906,36
14.624,"E",71.252,44.013,"Class2",42.507,110.479,52.862,"T",67.012,84
64.057,"T",47.005,38.09,"Class1",68.292,27.802,62.481,"Q",75.898,36
11.95,"N",74.473,47.743,"Class2",42.262,78.31,71.342,"S",61.871,97
46.161,"E",65.069,77.187,"Class2",55.28,70.382,65.187,"V",61.269,51
10.192,"K",71.873,84.287,"Class2",46.351,74.158,53.455,"S",64.287,50
43.878,"S",77.843,33.015,"Class2",60.822,104.115,51.968,"U",59.258,27
20.269,"S",71.921,93.948,"Class2",52.832,77.488,54.983,"U",60.905,67
73.634,"S",36.845,34.566,"Class1",62.9,47.996,64.311,"Q",25.718,31
31.21,"E",69.382,54.481,"Class2",44.244,105.317,52.369,"S",63.672,12
38.946,"K",66.266,33.588,"Class2",43.932,95.891,74.732,"S",70.935,26
2.634,"I",78.211,40.641,"Class2",35.474,102.597,79.913,"V",77.668,96
51.408,"S",66.753,69.654,"Class2",64.733,78.75,56.92,"T",68.486,84
78.833,"K",32.875,44.225,"Class1",69.412,36.867,53.181,"V",40.02,35
61.587,"S",86.46,33.75,"Class1",70.655,37.141,37.379,"R",54.526,34
72.158,"U",43.477,34.018,"Class1",64.756,37.075,37.932,"V",77.476,30
79.209,"U",82.209,47.526,"Class1",65.849,58.582,58.153,"S",52.188,28
18.905,"E",72.052,49.205,"Class2",36.709,77.327,57.533,"T",70.906,82
72.901,"K",90.972,38.778,"Class1",65.927,15.209,81.062,"V",39.388,36
2.097,"S",66.3,72.104,"Class2",35.019,98.815,71.153,"V",61.204,72
31.243,"I",72.463,93.16,"Class2",47.663,81.129,49.848,"S",61.865,11
74.996,"U",27.898,41.694,"Class1",67.846,28.785,74.502,"R",45.933,33
74.518,"T",67.052,44.737,"Class1",67.294,46.439,33.956,"S",20.709,36
62.833,"T",11.969,45.763,"Class1",63.229,18.634,60.994,"Q",71.949,33
2.622,"K",70.29,42.241,"Class2",45.479,78.986,67.996,"V",66.282,79
11.74,"I",75.796,50.695,"Class2",69.659,84.208,67.627,"T",67.924,47
68.055,"K",56.72,34.768,"Class1",59.736,32.48,80.283,"Q",75.015,28
72.972,"T",49.349,38.795,"Class1",61.329,15.863,38.408,"S",11.491,31
46.669,"I",63.137,55.436,"Class2",43.114,82.151,58.393,"S",73.962,67
44.701,"K",71.093,90.727,"Class2",40.25,95.338,58.311,"T",71.42,65
60.185,"T",29.996,37.78,"Class1",64.291,47.51,30.525,"V",42.473,37
