"USF1","HBL2","Output16","LOF3","JCL4","EDQ5","HXE6","KPX7","EJN8","YVW9"
50.138,91.659,"Class3",6.288,56.287,31.774,85.829,"V",37.992,87
51.306,58.355,"Class3",39.464,47.02,31.097,85.197,"R",21.282,88
46.244,79.541,"Class3",-9.581,52.617,88.587,85.602,"V",34.48,84
22.481,53.23,"Class1",47.526,78.981,30.632,8.158,"C",22.082,43
18.801,84.642,"Class1",57.322,65.242,40.957,7.711,"X",2.55,25
44.03,53.488,"Class3",-2.696,35.001,82.543,85.873,"V",42.978,83
45.709,91.945,"Class3",22.679,43.273,80.415,85.507,"E",50.068,83
39.487,34.658,"Class2",87.289,56.974,67.381,16.518,"I",62.314,41
26.358,68.381,"Class2",87.075,14.619,65.684,18.293,"J",66.951,32
36.576,44.556,"Class2",86.154,25.854,67.094,5.068,"M",58.998,52
22.873,59.862,"Class1",26.74,81.032,24.705,7.331,"S",41.533,7
51.354,77.153,"Class3",25.33,32.791,10.864,85.477,"V",18.326,80
21.639,18.554,"Class1",63.394,134.255,30.049,7.695,"N",4.561,9
19.712,85.003,"Class1",44.949,86.136,48.815,8.264,"C",27.402,21
17.473,80.358,"Class1",91.432,71.386,8.804,7.759,"Y",17.713,41
51.203,57.703,"Class3",26.845,34.081,25.758,85.121,"Y",43.902,87
50.205,89.927,"Class3",39.6,71.21,82.895,85.648,"R",31.553,81
17.751,62.141,"Class1",49.42,34.775,40.162,7.554,"X",23.241,36
32.605,3.252,"Class2",86.214,40.488,68.256,16.73,"J",55.418,26
22.439,64.136,"Class1",66.283,50.973,39.534,7.847,"C",30.207,16
17.704,67.602,"Class1",70.929,89.445,30.106,7.77,"N",18.356,5
34.335,39.624,"Class2",87.341,37.852,61.806,23.936,"U",57.381,43
18.153,51.32,"Class1",32.594,70.304,33.783,7.986,"Y",56.086,47
46.809,69.581,"Class3",-11.836,56.884,34.536,84.726,"Z",28.992,82
43.381,13.778,"Class2",87.496,31.558,66.803,26.46,"U",54.445,26
46.725,42.158,"Class2",86.826,24.238,65.162,20.999,"H",56,35
18.448,17.913,"Class1",94.981,52.896,39.788,7.264,"Y",49.579,3
17.677,56.329,"Class1",73.897,73.154,40.473,7.959,"C",40.336,40
17.37,60.595,"Class1",44.428,67.027,56.473,7.474,"Y",53.297,23
19.361,29.875,"Class1",74.931,81.106,NA,7.084,"X",29.291,37
46.236,38.054,"Class2",86.222,21.009,66,26.822,"M",64.698,43
46.697,62.674,"Class2",86.878,34.396,64.841,17.338,"M",71.594,33
31.011,44.852,"Class2",86.569,19.951,64.171,13.476,"M",59.91,47
44.565,76.514,"Class3",58.506,46.629,9.735,86,"V",53.774,83
49.795,61.823,"Class2",86.477,35.349,71.473,11.848,"M",67.933,45
52.314,61.776,"Class3",7.655,24.259,82.916,85.502,"E",47.945,83
20.031,17.107,"Class1",40.774,75.485,33.75,7.897,"N",39.85,35
47.931,70.942,"Class3",47.391,50.684,54.394,85.554,"R",24.516,82
25.7,47.501,"Class2",86.289,8.752,70.408,29.575,"U",66.824,22
46.826,89.016,"Class3",13.711,47.802,67.444,86.013,"Z",22.066,80
20.251,54.896,"Class1",83.234,72.456,45.748,7.49,"C",14.398,47
17.623,NA,"Class1",20.409,41.745,27.916,7.479,"N",3.367,11
47.585,56.476,"Class3",27.647,40.866,70.472,85.316,"Z",37.453,80
48.58,NA,"Class3",29.44,68.263,57.244,85.414,"E",22.787,88
19.519,26.596,"Class1",26.316,93.826,1.941,8.064,"C",36.238,27
19.433,60.05,"Class1",56.961,73.361,37.882,8.072,"C",21.376,29
17.583,88.137,"Class1",60.485,94.915,31.952,7.928,"S",59.401,17
42.274,22.255,"Class2",86.473,25.542,66.287,18.81,"J",68.401,28
45.25,NA,"Class3",25.259,23.708,15.84,86.091,"Y",51.643,80
44.114,NA,"Class3",12.41,33.079,42.141,85.145,"E",32.449,82
27.692,2.312,"Class2",86.679,42.033,63.85,10.714,"J",68.109,23
27.938,67.138,"Class2",87.309,37.704,67.134,8.805,"I",79.169,49
21.549,74.145,"Class1",42.37,99.222,52.286,7.656,"C",39.993,17
47.116,89.993,"Class3",23.327,70.482,75.338,85.507,"V",41.486,88
44.884,90.426,"Class3",5.466,47.343,NA,84.92,"R",29.371,86
49.461,89.57,"Class3",23.857,64.392,56.139,85.896,"R",42.894,88
43.148,57.89,"Class3",12.382,53.711,76.193,85.395,"Z",37.821,79
50.036,77.2,"Class3",13.281,53.459,22.433,85.362,"R",35.543,79
51.257,88.382,"Class3",51.019,54.354,55.653,85.418,"Z",44.905,82
51.651,41.485,"Class2",86.747,56.921,64.366,21.942,"J",62.903,50
51.779,72.538,"Class3",17.192,43.369,34.234,85.744,"R",40.598,78
49.491,82.273,"Class3",43.299,30.755,42.727,84.919,"R",17.218,88
53.273,26.709,"Class2",87.716,27.21,65.041,23.418,"J",58.684,43
50.34,59.632,"Class3",34.358,48.873,60.61,85.199,"Y",23.691,81
34.997,45.1,"Class2",86.855,36.466,63.509,15.123,"I",63.013,27
21.396,35.217,"Class1",47.056,104.723,47.045,7.714,"Y",65.178,24
17.715,36.791,"Class1",34.324,85.186,51.453,7.473,"X",52.101,17
19.585,69.424,"Class1",21.5,113.632,25.566,7.494,"N",11.175,33
30.193,55.634,"Class2",86.233,37.584,64.294,13.34,"H",66.919,51
17.929,33.374,"Class1",48.422,50.553,60.033,8.029,"S",38.38,43
36.221,NA,"Class2",87.931,26.898,66.782,21.801,"J",73.844,30
50.346,92.654,"Class3",36.502,65.188,44.789,85.102,"Z",34.072,78
46.264,77.162,"Class2",86.469,45.701,59.806,9.413,"U",60.152,50
47.128,67.413,"Class3",49.59,45,50.578,85.528,"E",51.952,78
47.023,80.624,"Class3",47.915,85.964,30.482,85.891,"V",54.055,85
54.867,57.241,"Class2",87.316,28.953,66.952,24.88,"J",70.24,35
48.722,71.667,"Class3",27.466,35.907,36.275,85.385,"Z",46.19,83
24.938,41.329,"Class2",88.164,33.812,64.602,12.414,"M",73.091,45
21.599,84.743,"Class1",72.015,80.882,35.883,7.042,"X",33.491,24
49.014,50.915,"Class2",86.984,15.389,64.272,10.201,"U",61.713,50
47.145,58.101,"Class3",12.139,27.233,105.568,85.397,"R",30.079,78
18.385,53.539,"Class1",74.025,61.922,44.349,7.513,"C",34.469,45
19.312,17.788,"Class1",41.81,73.308,37.825,7.679,"S",47.789,38
24.179,57.969,"Class2",88.048,25.072,61.696,18.043,"H",59.622,31
36.747,70.217,"Class2",86.993,38.084,64.462,21.914,"M",73.791,26
19.467,65.181,"Class1",57.76,48.299,60.091,7.575,"X",2.321,32
22.267,17.359,"Class1",50.813,50.656,21.05,7.616,"S",4.012,14
48.327,73.477,"Class2",87.678,30.526,63.585,13.985,"M",53.032,22
50.701,53.335,"Class3",30.075,53.186,NA,85.469,"Z",32.855,81
47.818,93.239,"Class3",50.16,42.747,76.74,85.588,"Z",40.262,89
52.831,95.625,"Class3",27.098,43.687,94.913,84.991,"Y",24.828,79
33.322,34.487,"Class2",86.506,12.247,65.922,21.738,"I",76.318,38
46.629,73.185,"Class3",20.157,62.146,35.835,85.272,"Y",34.167,78
45.501,76.821,"Class3",72.37,60.234,125.692,85.651,"R",41.864,83
43.86,54.34,"Class3",11.877,58.209,94.941,85.215,"Y",51.243,83
47.925,77.215,"Class3",23.996,70.45,4.048,85.218,"Y",42.131,79
54.886,53.859,"Class2",86.29,14.311,68.036,16.226,"M",58.838,23
49.303,66.17,"Class3",23.889,61.277,77.652,85.522,"E",35.829,78
40.294,70.978,"Class2",86.885,39.163,70.52,21.403,"U",62.603,44
34.729,60.048,"Class2",88.099,29.915,62.544,12.599,"I",74.829,42
18.603,71.731,"Class1",71.055,61.881,39.036,7.651,"N",29.345,6
50.951,NA,"Class3",25.46,63.746,58.636,85.73,"R",16.228,82
49.538,86.295,"Class3",37.718,53.685,83.378,85.707,"V",39.335,86
25.863,12.216,"Class2",88.322,35.032,66.338,11.686,"U",55.699,37
47.718,18.139,"Class2",86.289,23.531,65.897,8.699,"M",63.628,28
43.928,88.76,"Class3",22.004,61.452,81.926,85.638,"Z",28.621,80
45.116,84.068,"Class3",30.587,73.188,61.939,85.754,"R",39.377,86
19.439,22.47,"Class1",40.651,79.558,50.53,7.307,"N",27.253,30
43.693,80.333,"Class3",3.406,43.03,43.136,85.409,"E",25.913,88
22.722,71.373,"Class1",61.219,61.965,17.208,6.791,"N",29.85,3
19.773,18.377,"Class1",70.886,79.207,36.401,7.727,"N",2.249,11
49.911,28.797,"Class2",87.577,15.25,67.853,15.514,"H",63.136,38
49.857,61.499,"Class2",87.553,21.54,69.083,17.813,"I",75.474,27
52.317,81.615,"Class3",22.652,46.839,75.805,85.951,"V",26.374,85
48.27,59.651,"Class3",16.038,49.074,56.883,86.02,"Z",46.102,82
44.934,74.031,"Class3",27.656,37.522,72.272,84.994,"Y",39.682,88
17.967,66.779,"Class1",60.99,40.914,33.278,7.623,"S",4.541,24
45.348,83.433,"Class3",17.52,41.402,43.462,85.788,"Z",49.477,87
32.782,33.768,"Class2",87.196,25.256,67.479,16.904,"H",53.606,45
18.85,69.935,"Class1",72.282,75.23,39.816,7.303,"Y",55.258,10
21.703,70.983,"Class1",24.375,72.467,NA,7.66,"S",62.327,24
21.987,30.168,"Class1",75.696,68.873,62.477,6.904,"S",60.123,32
43.361,NA,"Class2",86.45,23.623,63.661,31.879,"M",64.063,26
22.694,36.975,"Class1",66.626,67.458,43.267,7.432,"X",20.058,2
20.056,61.529,"Class1",41.574,37.851,51.371,7.506,"X",15.344,11
18.576,42.754,"Class1",33.445,54.426,20.498,7.789,"N",11.836,46
35.842,25.543,"Class2",87.774,23.236,69.077,22.355,"I",65.597,38
36.629,78.607,"Class2",87.579,18.456,69.664,25.792,"I",72.097,22
38.314,5.716,"Class2",87.707,38.289,66.256,8.929,"I",56.741,27
47.677,54.124,"Class3",-10.722,49.881,53.508,85.919,"V",44.225,82
43.83,68.999,"Class3",-4.252,54.558,37.408,85.696,"R",30.793,85
48.27,82.726,"Class3",30.095,61.985,46.467,85.574,"V",24.797,78
46.925,62.374,"Class3",38.883,47.01,62.86,85.944,"Y",38.439,79
20.492,43.079,"Class1",74.712,89.785,9.545,7.971,"S",25.443,22
18.116,84.425,"Class1",38.54,77.799,33.466,7.873,"N",12.344,24
46.481,60.446,"Class3",19.786,52.852,75.795,85.221,"V",48.739,78
51.761,8.207,"Class2",86.917,39.195,68.449,17.938,"U",60.402,22
44.091,83.346,"Class3",9.157,55.179,71.98,85.606,"V",24.406,80
52.529,26.983,"Class2",86.509,19.972,NA,11.915,"U",76.255,34
21.874,80.718,"Class1",50.227,49.884,NA,7.814,"C",66.958,44
29.454,66.053,"Class2",87.221,42.858,66.498,10.72,"U",67.805,37
47.723,82.74,"Class3",34.741,45.789,66.307,85.979,"E",38.239,78
48.957,58.69,"Class3",28.68,65.594,57.428,85.727,"Y",45.266,83
46.968,56.102,"Class3",15.969,68.219,60.954,84.94,"Y",17.116,79
50.099,NA,"Class3",64.75,67.694,89.025,85.155,"V",29.516,80
34.425,5.953,"Class2",86.571,23.26,67.049,21.9,"H",62.032,34
18.141,22.184,"Class1",53.489,80.843,31.215,7.135,"C",24.89,2
48.703,67.14,"Class3",64.786,55.765,78.165,85.423,"Z",24.535,87
22.488,27.527,"Class1",66.767,99.28,30.378,7.475,"S",65.784,48
18.157,77.962,"Class1",62.002,78.742,51.333,7.277,"X",4.07,42
21.207,72.307,"Class1",61.137,64.703,57.685,7.976,"C",45.049,14
22.737,19.926,"Class1",14.243,52.485,39.969,7.549,"Y",18.095,14
52.703,14.177,"Class2",86.741,24.284,66.461,28.67,"I",53.127,43
21.469,60.316,"Class1",60.638,53.839,34.679,7.502,"N",2.721,43
21.699,28.729,"Class1",50.526,71.332,25.753,7.725,"C",39.382,19
48.291,74.091,"Class3",46.799,44.518,57.693,86.058,"V",18.041,80
28.441,75.364,"Class2",87.267,35.042,64.159,16.092,"U",73.381,34
19.44,58.794,"Class1",21.501,35.583,32.154,7.602,"N",16.129,48
30.34,82.602,"Class2",85.689,42.988,69.394,22.042,"H",78.866,30
50.942,50.972,"Class2",86.943,33.448,67.345,20.933,"H",77.609,45
47.714,70.895,"Class3",34.544,76.021,39.4,85.667,"V",18.394,84
19.883,62.267,"Class1",58.313,63.28,24.816,7.385,"S",47.888,17
50.567,NA,"Class2",88.235,44.351,65.664,19.146,"U",56.642,36
31.474,67.119,"Class2",86.027,18.743,64.618,13.35,"J",53.545,41
18.184,38.442,"Class1",59.966,73.6,22.318,7.749,"N",37.892,36
26.491,63.504,"Class2",88.072,23.223,67.22,21.529,"U",72.921,26
40.519,42.236,"Class2",86.591,40.241,58.649,11.622,"H",76.551,36
49.699,88.252,"Class3",6.54,41.621,64.307,85.328,"Y",54.863,89
17.276,30.003,"Class1",79.113,67.682,31.553,7.93,"S",21.778,34
22.364,20.967,"Class1",63.867,82.808,26.949,7.413,"S",27.032,35
50.89,82.741,"Class2",86.331,55.922,69.768,12.338,"H",73.057,28
18.373,33.245,"Class1",51.875,98.653,31.212,7.107,"S",14.883,19
45.434,93.164,"Class3",6.835,63.392,86.566,85.099,"Z",40.367,83
48.683,69.128,"Class3",17.64,60.44,NA,85.545,"Z",45.866,87
46.15,68.211,"Class3",49.131,59.961,49.145,85.429,"Z",40.475,83
18.413,21.374,"Class1",17.531,66.672,-1.271,7.346,"X",59.051,28
20.71,49.29,"Class1",58.211,87.765,39.209,7.877,"S",33.665,28
27.572,31.92,"Class2",87.9,35.03,70.502,18.673,"I",52.217,34
36.255,28.806,"Class2",86.983,28.656,60.245,19.085,"M",72.17,26
49.904,63.272,"Class2",86.117,24.095,63.871,28.488,"U",72.641,33
43.182,87.587,"Class3",31.919,65.51,62.422,85.721,"Z",46.486,84
21.073,62.251,"Class1",43.928,77.097,NA,7.363,"S",47.075,29
27.176,65.291,"Class2",86.95,30.679,59.186,19.009,"U",53.735,32
50.025,62.267,"Class3",17.98,65.591,24.538,85.76,"V",52.711,83
45.775,80.676,"Class3",32.756,52.598,62.438,85.052,"V",29.447,87
21.044,64.158,"Class1",49.936,63.503,21.332,7.531,"C",28.267,27
17.754,89.991,"Class1",53.016,85.856,NA,7.259,"Y",64.016,21
43.836,56.295,"Class3",40.441,45.738,52.844,85.656,"Y",35.077,87
52.3,56.405,"Class3",40.019,50.27,48.19,85.614,"E",48.999,89
18.669,84.894,"Class1",40.441,95.22,43.206,7.97,"N",50.324,14
17.007,48.443,"Class1",44.913,79.972,38.567,7.499,"N",47.005,25
43.946,83.57,"Class3",71.73,58.286,44.32,85.578,"E",46.433,87
17.34,59.843,"Class1",80.435,39.964,46.181,7.337,"Y",16.372,9
22.046,48.705,"Class1",57.766,76.247,21.643,7.848,"X",65.029,13
21.287,NA,"Class1",38.094,85.11,4.224,7.616,"S",7.668,7
21.085,28.899,"Class1",39.552,88.282,35.092,8.153,"S",60.083,46
46.051,89.759,"Class3",56.745,53.271,99.173,84.859,"V",28.761,89
46.894,54.873,"Class3",38.649,46.112,37.967,85.734,"E",50.276,86
44.514,89.53,"Class3",14.761,39.335,89.923,85.46,"R",32.408,87
48.17,64.341,"Class2",87.678,34.808,67.467,6.907,"I",57.23,31
22.944,32.835,"Class1",5.522,82.033,35.159,8.147,"Y",38.1,35
19.192,56.745,"Class1",73.816,71.811,15.978,7.754,"C",16.902,32
44.206,NA,"Class3",71.93,34.776,62.258,85.667,"E",46.612,78
18.033,34.056,"Class1",26.173,95.244,55.129,7.815,"Y",50.537,29
50.635,91.096,"Class3",30.035,46.711,59.068,85.449,"Z",53.681,84
51.429,78.753,"Class3",58.488,50.814,60.732,85.588,"E",24.433,87
51.387,56.914,"Class3",19.717,53.201,67.47,85.955,"Z",26.801,83
43.952,78.251,"Class2",87.674,21.775,67.561,27.479,"M",56.803,37
50.232,50.45,"Class3",43.396,49.412,95.957,85.288,"V",36.06,85
18.263,88.671,"Class1",34.727,88.619,19.273,7.154,"Y",67.656,35
38.23,2.443,"Class2",86.927,21.64,64.822,12.772,"J",58.751,37
22.732,67.827,"Class1",36.929,77.361,12.898,7.022,"N",12.427,43
18.014,25.845,"Class1",55.002,43.945,26.147,7.604,"X",64.181,47
21.599,26.263,"Class1",49.241,79.688,35.725,8.52,"S",26.179,27
17.337,39.7,"Class1",71.913,81.48,22.217,7.365,"Y",28.146,15
38.639,81.799,"Class2",85.841,27.967,65.563,24.863,"I",75.081,27
51.262,56.786,"Class3",54.622,33.098,43.469,85.708,"Z",25.615,80
52.337,66.965,"Class3",50.063,56.719,27.483,84.943,"V",52.893,80
46.415,90.776,"Class3",14.148,47.027,66.735,86,"E",36.158,85
20.394,80.191,"Class1",22.327,60.521,37.912,7.003,"N",64.249,3
46.568,NA,"Class3",48.747,43.564,67.086,85.564,"R",29.282,85
21.493,60.734,"Class1",19.647,85.301,51.548,6.706,"N",45.968,47
46.855,86.398,"Class3",-0.04,37.998,80.882,85.215,"E",25.358,82
34.461,30.293,"Class2",86.127,27.598,68.3,17.939,"H",53.879,41
43.836,27.796,"Class2",86.315,41.812,68.167,28.074,"J",78.184,30
45.661,81.024,"Class3",24.144,48.477,23.804,86.093,"Y",20.74,82
20.344,49.374,"Class1",52.607,104.153,24.681,7.25,"N",2.408,45
48.137,64.411,"Class3",56.988,69.161,56.028,85.683,"V",21.193,79
52.432,80.745,"Class3",25.998,34.668,63.223,85.78,"V",31.086,86
50.305,83.798,"Class3",47.938,54.778,60.748,85.504,"Y",33.487,83
18.755,52.024,"Class1",62.552,76.683,14.94,6.896,"C",11.704,21
26.313,44.801,"Class2",86.869,26.651,69.08,18.543,"H",56.538,52
33.428,42.985,"Class2",88.232,41.992,65.159,20.548,"J",75.878,23
22.524,20.995,"Class1",75.718,88.494,32.316,7.175,"C",17.981,43
20.31,48.713,"Class1",59.944,66.446,44.957,7.758,"X",36.178,45
54.334,50.15,"Class2",87.083,49.9,70.967,11.959,"M",78.976,47
48.31,60.69,"Class3",55.986,59.081,67.642,85.321,"E",35.229,89
20.056,81.451,"Class1",27.783,102.989,11.28,7.402,"C",67.133,19
21.448,52.746,"Class1",35.076,76.851,23.635,7.806,"C",29.144,5
20.996,19.777,"Class1",19.635,100.991,30.269,7.228,"X",42.432,42
50.046,79.564,"Class3",50.707,42.634,94.685,85.499,"R",22.441,78
28.546,79.097,"Class2",88.124,28.819,NA,11.084,"U",78.317,50
31.952,52.983,"Class2",87.256,32.61,66.995,16.283,"M",65.681,40
47.872,83.165,"Class3",39.427,55.063,78.423,85.939,"E",22.8,84
34.515,56.115,"Class2",86.703,32.162,63.112,14.537,"J",70.562,42
22.482,58.226,"Class1",38.522,91.156,42.306,7.469,"N",38.196,47
50.229,68.888,"Class3",36.026,65.976,50.591,85.921,"Z",32.745,87
25.784,66.245,"Class2",86.412,33.672,61.688,22.933,"J",75.051,34
51.109,60.282,"Class3",12.336,54.899,67.322,85.578,"Z",30.329,82
34.146,31.911,"Class2",86.397,8.82,69.325,21.006,"U",55.105,39
49.705,58.854,"Class3",46.421,77.371,75.684,85.443,"Z",29.685,88
18.327,39.031,"Class1",1.976,68.799,29.529,7.089,"N",63.53,7
48.552,62.295,"Class3",8.084,77.742,87.901,85.497,"Y",27.719,87
40.639,52.544,"Class2",87.043,37.957,66.551,12.944,"I",63.984,39
46.592,82.639,"Class2",86.603,29.536,65.422,19.677,"U",61.707,35
42.814,76.019,"Class2",86.292,31.409,61.995,14.106,"U",64.88,32
19.624,89.973,"Class1",16.608,59.034,28.727,7.362,"Y",65.199,13
45.287,67.215,"Class2",87.712,35.247,62.95,25.589,"J",52.474,47
44.014,77.9,"Class3",22.337,61.263,55.309,85.7,"Z",25.26,87
25.729,28.998,"Class2",86.532,31.149,67.41,16.798,"U",66.061,36
43.392,60.726,"Class3",39.827,54.504,25.193,85.574,"Z",17.483,86
19.933,26.74,"Class1",46.078,76.737,12.278,7.31,"N",11.875,13
47.925,78.858,"Class3",17.223,29.101,64.2,85.847,"Z",32.264,88
52.205,54.049,"Class3",35.171,43.566,60.723,85.227,"R",45.005,84
44.36,50.128,"Class3",14.286,47.831,98.387,85.577,"Z",48.215,82
52.202,77.176,"Class3",6.338,57.397,61.733,85.536,"E",21.581,84
31.389,56.519,"Class2",87.405,37.212,69.4,17.967,"M",72.843,25
49.476,70.012,"Class3",26.02,54.33,101.017,85.551,"Z",36.215,79
45.13,64.521,"Class3",46.541,51.344,62.694,86.077,"Y",32.535,85
49.149,84.009,"Class3",33.194,30.157,75.345,85.808,"Z",21.601,84
21.521,19.013,"Class1",40.768,75.142,36.653,6.916,"S",21.373,41
21.335,27.944,"Class1",62.596,107.458,3.128,7.55,"X",24.849,35
22.761,35.44,"Class1",51.91,95.699,27.724,7.392,"Y",44.38,21
44.63,87.277,"Class3",58.157,57.858,82.675,84.883,"Y",28.54,89
19.202,29.417,"Class1",27.815,38.53,30.673,7.854,"X",23.392,41
36.413,21.876,"Class2",87.248,41.672,67.576,18.2,"U",58.109,42
26.292,77.132,"Class2",87.582,18.92,64.69,9.604,"H",68.652,49
22.366,74.446,"Class1",22.954,45.294,42.37,7.01,"C",20.73,25
39.426,50.039,"Class2",87.166,30.318,61.72,16.679,"I",60.792,30
17.721,78.363,"Class1",92.432,65.724,54.271,8.059,"N",42.964,29
38.562,12.394,"Class2",87.373,37.495,71.443,18.109,"I",66.718,44
26.187,76.829,"Class2",86.925,39.234,71.384,17.59,"I",52.387,38
27.245,40.372,"Class2",87.037,33.502,67.802,20.082,"U",65.876,29
18.778,77.14,"Class1",41.683,88.861,61.633,7.489,"C",52.951,12
52.012,81.749,"Class3",13.943,40.128,NA,86.132,"Z",21.082,89
17.012,39.687,"Class1",72.057,76.933,29.917,7.841,"S",32.047,46
42.125,12.684,"Class2",86.916,46.282,69.658,17.431,"H",73.166,32
50.115,77.937,"Class3",26.266,45.637,62.196,85.625,"E",23.554,80
25.384,40.767,"Class2",86.836,21.305,64.142,19.801,"J",75.038,30
26.151,43.057,"Class2",86.96,30.865,65.529,20.368,"J",67.405,45
46.585,NA,"Class3",55.919,48.811,9.495,85.516,"E",53.519,84
50.364,94.718,"Class3",1.252,53.554,31.155,85.391,"Z",41.262,80
45.955,56.007,"Class3",43.278,62.959,58.498,85.451,"R",22.271,84
47.129,40.839,"Class2",86.518,40.291,60.313,17.525,"U",60.442,37
53.831,NA,"Class2",87.698,45.356,66.238,16.6,"I",60.517,42
26.32,70.416,"Class2",88.005,38.546,65.746,14.16,"M",52.123,45
46.962,NA,"Class3",53.272,50.613,103.809,85.702,"E",27.776,82
47.228,67.186,"Class3",34.621,59.563,37.588,86.018,"E",36.924,88
18.685,18.332,"Class1",23.208,77.988,28.023,7.341,"N",8.914,16
48.131,91.402,"Class3",-3.646,46.904,74.539,85.884,"R",47.728,81
37.102,55.906,"Class2",86.813,21.364,68.856,28.236,"H",74.415,22
47.231,91.411,"Class3",61.049,71.195,99.063,84.794,"E",43.066,78
32.926,17.641,"Class2",88.115,50.732,62.002,9.534,"H",71.013,25
19.101,NA,"Class1",63.368,53.343,34.781,7.252,"Y",29.266,46
37.779,73.864,"Class2",86.68,42.835,65.811,20.116,"I",71.422,33
19.461,50.457,"Class1",72.013,71.948,NA,7.13,"X",17.264,44
50.401,64.842,"Class3",32.577,58.159,62.497,85.167,"Z",49.352,82
43.878,75.267,"Class3",17.791,61.106,61.139,85.824,"E",21.39,87
19.258,36.421,"Class1",45.54,89.024,22.071,7.718,"S",63.651,28
18.936,76.622,"Class1",56.934,63.899,14.119,7.295,"N",22.284,4
52.883,78.911,"Class3",66.101,64.894,34.427,85.443,"V",49.834,85
34.263,23.636,"Class2",87.597,34.24,65.424,23.1,"I",69.882,23
17.679,58.12,"Class1",49.023,83.668,NA,7.736,"X",40.381,2
17.011,66.342,"Class1",58.988,96.089,-3.623,7.253,"N",4.721,21
52.345,64.02,"Class3",50.04,56.785,77.258,85.371,"Y",23.146,79
22.312,62.41,"Class1",44.042,72.503,12.771,7.431,"C",2.453,41
51.2,82.514,"Class3",36.233,58.57,77.135,85.501,"E",43.602,86
43.758,53.79,"Class3",50.977,45.507,56.461,85.826,"Y",32.069,83
45.482,70.56,"Class2",87.188,35.561,68.63,20.939,"H",70.127,33
43.091,86.125,"Class3",20.831,42.072,71.165,85.567,"Z",43.355,81
34.836,1.792,"Class2",87.043,43.751,67.619,20.641,"U",61.713,30
19.959,75.18,"Class1",64.57,74.371,44.742,6.834,"Y",29.237,12
51.892,81.686,"Class3",31.116,52.908,37.051,85.869,"Y",32.96,79
17.565,71.523,"Class1",27.693,64.093,24.258,6.965,"X",19.555,18
24.946,50.155,"Class2",87.317,25.799,62.817,23.952,"J",64.712,35
42.564,14.895,"Class2",86.953,45.631,70.15,22.517,"I",67.453,41
19.948,34.722,"Class1",34.451,67.077,28.297,7.737,"Y",65.953,5
26.231,NA,"Class2",85.93,43.171,67.356,22.249,"I",52.271,48
24.84,29.873,"Class2",86.297,25.205,61.112,18.509,"I",73.102,47
29.628,25.199,"Class2",87.522,33.431,66.463,20.047,"I",52.439,34
52.347,26.326,"Class2",86.397,24.535,NA,17.709,"H",58.083,37
51.433,26.769,"Class2",88.282,33.512,70.689,27.973,"J",79.259,32
50.137,92.364,"Class3",-4.485,56.002,NA,84.746,"Y",46.718,87
35.698,57.469,"Class2",86.836,35.969,65.416,36.282,"J",77.844,32
19.367,79.22,"Class1",75.918,105.617,35.815,7.58,"C",50.23,16
17.191,37.856,"Class1",77.648,70.318,37.184,7.394,"N",42.942,9
27.086,40.769,"Class2",87.171,38.551,59.691,16.05,"U",73.095,49
28.049,57.75,"Class2",86.571,37.948,68.542,19.37,"J",62.253,51
19.649,74.969,"Class1",53.739,65.586,65.306,7.875,"X",53.451,13
54.46,41.973,"Class2",86.856,38.575,62.846,17.735,"J",67.445,31
20.709,72.312,"Class1",50.714,81.597,52.041,7.329,"Y",2.341,25
40.219,28.707,"Class2",86.687,49.748,65.593,15.377,"J",53.478,49
46.175,57.012,"Class2",86.111,36.698,60.673,15.998,"I",76.954,51
45.953,69.623,"Class3",15.161,68.911,74.543,85.157,"Y",43.333,88
20.726,33.922,"Class1",77.395,61.312,45.745,7.048,"Y",38.627,33
41.773,6.784,"Class2",86.685,34.342,67.155,11.669,"H",59.117,39
48.829,60.746,"Class3",36.585,38.616,71.715,85.426,"R",51.87,88
20.821,84.382,"Class1",59.041,66.894,-12.627,7.536,"N",10.888,21
47.918,67.634,"Class3",44.458,32.107,76.804,85.573,"Z",36.849,86
50.812,50.265,"Class3",10.509,52.684,68.7,85.833,"E",46.3,79
20.031,NA,"Class1",30.596,64.247,27.089,7.883,"Y",44.193,38
21.363,19.035,"Class1",28.233,60.182,41.632,7.452,"N",8.771,47
42.822,28.32,"Class2",87.446,33.436,NA,17.9,"M",77.26,26
46.238,NA,"Class3",52.078,60.671,NA,85.395,"E",49.756,81
52.052,50.499,"Class2",87.404,31.336,67.361,19.943,"I",68.978,44
17.296,65.145,"Class1",68.577,99.554,62.026,7.661,"S",64.406,2
51.92,69.169,"Class3",-9.307,39.245,42.336,85.808,"R",27.813,83
22.38,54.242,"Class1",62.106,78.861,68.123,7.381,"S",5.254,41
50.469,92.248,"Class3",10.27,69.97,NA,85.239,"Z",42.486,82
38.307,36.819,"Class2",87.674,35.586,67.253,24.249,"H",78.864,33
21.711,NA,"Class1",24.628,91.385,31.345,7.619,"N",46.942,17
17.157,59.662,"Class1",75.112,76.711,-4.687,7.853,"S",5.611,39
39.038,65.862,"Class2",86.796,26.757,68.288,26.564,"J",56.588,33
50.317,94.291,"Class3",-7.139,45.537,73.46,85.587,"R",35.818,79
25.911,30.311,"Class2",87.57,43.853,66.31,14.214,"M",79.708,48
18.625,83.726,"Class1",56.198,85.126,NA,7.601,"S",56.891,35
46.771,57.16,"Class3",34.27,59.303,68.335,85.233,"Y",52.038,88
47.758,77.378,"Class3",8.286,50.376,59.399,84.916,"Z",32.545,85
17.032,78.753,"Class1",39.655,46.453,31.667,7.959,"Y",27.198,36
29.582,6.509,"Class2",86.886,41.641,69.187,11.199,"J",56.606,24
41.812,1.683,"Class2",87.442,50.373,72.785,20.9,"M",62.174,49
37.785,36.43,"Class2",86.322,33.375,69.957,11.659,"U",70.162,49
48.669,80.124,"Class3",28.665,39.168,52.581,85.356,"Z",46.947,87
51.877,53.747,"Class2",87.527,27.901,71.219,28.781,"J",79.906,38
45.711,25.735,"Class2",87.453,11.089,68.329,28.572,"M",67.642,49
21.349,89.149,"Class1",39.222,33.387,12.086,7.754,"Y",14.348,17
49.552,64.782,"Class3",21.904,37.743,73.596,85.571,"E",35.105,83
33.564,77.779,"Class2",87.526,34.956,64.298,16.187,"I",59.745,24
52.477,64.526,"Class3",48.242,45.043,33.163,86.318,"E",46.021,88
47.892,93.084,"Class3",18.994,43.622,93.478,85.556,"Z",21.852,89
48.245,62.222,"Class3",19.717,67.119,42.069,85.515,"R",22.932,88
18.6,82.051,"Class1",0.71,31.755,61.515,7.493,"C",3.649,24
18.033,59.913,"Class1",51.864,103.208,62.051,7.191,"Y",6.107,20
17.416,50.164,"Class1",66.42,49.442,46.946,7.495,"C",34.019,38
21.699,34.271,"Class1",8.632,66.357,27.649,8.13,"S",49.366,19
44.557,82.713,"Class3",32.637,34.793,63.952,85.229,"R",41.886,87
39.932,15.554,"Class2",88.349,22.153,67.43,21.955,"I",52.33,35
43.748,72.362,"Class3",41.37,63.472,67.203,84.716,"R",52.488,88
26.538,45.913,"Class2",86.594,36.902,65.611,24.421,"I",72.76,25
43.805,72.14,"Class3",11.868,29.081,66.686,85.574,"R",45.813,78
51.25,48.476,"Class2",86.743,18.651,61.021,12.221,"M",72.528,38
42.932,25.155,"Class2",87.608,39.883,71.068,25.466,"U",58.938,46
22.485,76.586,"Class1",36.721,64.614,27.995,7.679,"X",52.725,3
43.147,89.912,"Class3",40.72,58.317,41.442,84.845,"R",29.049,84
18.161,71.346,"Class1",92.198,78.84,NA,7.074,"N",22.528,44
46.625,63.046,"Class3",-2.46,64.997,76.197,85.984,"E",36.851,79
19.781,40.135,"Class1",58.287,94.268,43.638,7.399,"C",23.268,3
18.062,71.13,"Class1",67.229,60.665,51.494,7.799,"Y",65.375,27
51.585,54.99,"Class3",49.391,31.606,84.87,85.019,"Y",42.303,82
46.683,78.811,"Class3",26.46,46.961,57.419,85.47,"Y",38.899,82
52.527,57.66,"Class2",87.168,25.649,68.046,21.546,"U",78.488,23
48.853,54.754,"Class3",19.177,43.795,71.072,85.327,"E",46.53,84
25.055,54.47,"Class2",85.597,31.863,69.342,4.474,"U",52.327,27
48.788,95.335,"Class3",45.492,43.157,79.513,85.485,"V",30.192,84
52.313,86.297,"Class3",40.384,40.471,80.523,85.261,"R",42.167,86
39.825,71.69,"Class2",85.598,59.172,61.842,21.72,"I",77.194,37
46.29,59.99,"Class3",33.424,30.889,45.193,85.42,"Y",46.822,88
20.119,59.598,"Class1",18.427,82.741,39.732,7.988,"N",38.683,20
21.238,71.446,"Class1",59.87,60.351,30.295,7.622,"N",19.707,16
52.045,81.205,"Class3",24.427,54.936,89.203,84.928,"V",36.176,84
51.643,95.457,"Class3",24.915,66.203,83.651,85.795,"Y",17.421,87
54.526,49.266,"Class2",87.259,56.665,66.548,22.489,"M",60.121,46
54.649,33.732,"Class2",87.329,42.971,64.045,16.769,"U",67.695,29
52.939,76.117,"Class3",55.634,41.826,86.947,85.193,"Z",42.061,83
51.464,70.611,"Class2",88.181,27.411,62.641,18.318,"H",59.314,29
21.593,59.829,"Class1",39.613,61.287,29.476,7.816,"C",41.879,22
47.911,71.505,"Class3",15.616,43.602,77.827,85.487,"Z",30.373,89
21.297,NA,"Class1",61.28,63.803,4.529,6.882,"C",12.814,10
49.062,70.777,"Class3",39.541,50.927,40.689,85.339,"Z",46.369,87
52.424,64.735,"Class2",87.776,24.177,65.636,21.616,"M",64.44,27
50.883,61.687,"Class3",19.298,60.043,66.921,84.719,"E",45.183,84
18.051,NA,"Class1",30.97,86.244,39.215,7.696,"Y",30.436,23
37.871,82.862,"Class2",88.337,42.115,63.406,13.376,"U",58.774,46
43.809,10.606,"Class2",87.12,20.348,60.798,23.829,"M",74.67,50
26.246,33.745,"Class2",86.263,28.039,66.705,20.802,"H",75.458,46
19.04,46.295,"Class1",51.735,70.81,7.718,7.257,"C",60.81,22
49.982,53.441,"Class3",15.32,35.322,NA,85.174,"V",43.696,89
43.646,78.388,"Class3",39.385,39.699,62.76,85.643,"Z",38.016,88
19.159,NA,"Class1",27.566,91.201,57.526,7.486,"C",34.481,12
44.645,93.977,"Class3",28.457,57.028,101.38,85.447,"Y",35.495,80
20.632,NA,"Class1",27.425,61.189,28.603,8.041,"C",9.945,8
27.156,32.394,"Class2",86.453,25.529,67.685,14.274,"H",70.795,44
43.125,53.719,"Class3",18.88,45.285,86.902,85.619,"R",37.225,84
43.302,50.462,"Class3",36.113,63.966,82.878,85.596,"V",39.793,85
20.987,44.827,"Class1",56.569,89.263,62.287,7.491,"N",9.813,27
19.304,53.035,"Class1",58.901,91.702,33.843,6.547,"C",8.113,33
47.676,82.131,"Class3",39.588,55.419,99.354,85.539,"R",33.703,89
47.037,79.543,"Class3",20.995,60.861,71.973,86.152,"Z",36.544,81
22.738,41.435,"Class1",40.324,51.182,30.65,7.932,"S",45.497,2
44.567,50.664,"Class2",87.68,15.807,66.775,29.129,"H",58.484,43
44.055,55.346,"Class2",87.711,40.495,70.476,16.472,"I",55.197,39
36.257,60.643,"Class2",85.878,19.289,67.378,19.077,"I",68.509,49
43.703,52.895,"Class3",68.216,56.871,12.809,85.557,"Z",33.65,84
44.515,69.796,"Class3",36.871,49.387,59.262,86.139,"E",41.286,88
49.955,55.681,"Class3",23.319,65.995,37.098,85.631,"R",34.812,84
45.508,53.046,"Class2",87.074,57.351,NA,16.406,"M",61.922,44
51.294,94.741,"Class3",76.049,67.366,73.669,85.166,"E",40.033,82
18.208,33.913,"Class1",40.162,104.282,66.69,7.673,"Y",6.943,46
50.212,94.546,"Class3",6.887,47.599,80.905,85.556,"Z",40.718,78
52.001,50.597,"Class3",17.858,46.366,46.86,85.769,"Y",48.443,80
19.422,85.574,"Class1",50.7,58.24,14.032,7.825,"N",40.892,20
50.073,61.534,"Class3",40.918,62.858,51.567,85.109,"Y",35.279,81
46.528,41.291,"Class2",86.943,48.7,62.385,24.784,"U",73.54,40
18.314,28.046,"Class1",45.854,22.235,34.6,6.774,"Y",19.305,39
52.977,7.971,"Class2",87.533,42.762,69.103,20.527,"U",76.525,50
25.681,34.332,"Class2",86.604,35.38,66.659,24.575,"H",79.935,51
20.79,56.639,"Class1",35.539,51.085,23.593,7.36,"Y",12.32,12
46.857,82.922,"Class3",34.463,60.454,109.613,85.512,"R",20.563,78
50.421,76.629,"Class3",24.201,55.725,80.402,85.701,"E",29.087,86
22.34,52.665,"Class1",67.839,71.099,NA,7.013,"C",66.485,37
43.969,78.769,"Class3",57.248,44.299,80.069,85.027,"V",36.902,89
19.957,43.172,"Class1",21.227,71.507,44.206,6.918,"X",32.611,3
22.941,60.818,"Class1",61.18,46.041,36.463,7.814,"Y",46.769,30
21.77,66.84,"Class1",52.12,68.751,32.985,7.611,"N",59.286,30
50.862,54.723,"Class3",37.369,53.088,26.726,85.745,"E",21.744,89
28.496,1.915,"Class2",87.254,34.329,67.047,16.308,"J",71.026,31
51.488,11.058,"Class2",85.742,24.605,71.753,14.359,"H",58.874,39
18.219,18,"Class1",31.245,65.674,33.549,8.051,"N",54.375,40
49.24,34.326,"Class2",86.548,16.135,70.938,10.341,"M",65.087,49
21.898,48.146,"Class1",121.22,71.666,45.663,7.715,"C",39.024,35
52.138,NA,"Class3",40.307,66.101,64.039,85.671,"R",45.66,87
47.228,55.677,"Class3",23.921,54.936,80.999,85.28,"V",35.996,80
36.129,81.035,"Class2",88.407,27.541,70.512,24.371,"M",66.445,29
43.138,73.997,"Class3",-15.323,59.224,80.076,85.001,"V",40.407,86
30.266,39.647,"Class2",87.55,27.903,69.713,22.935,"H",73.674,23
29.845,23.058,"Class2",87.777,30.813,69.985,23.287,"M",67.144,44
18.649,NA,"Class1",23.171,85.861,59.058,7.993,"N",26.356,37
18.827,47.235,"Class1",60.051,69.948,34.615,7.505,"C",65.918,34
47.277,4.498,"Class2",87.564,47.612,NA,29.371,"M",60.888,41
28.912,18.432,"Class2",86.587,36.392,66.43,33.694,"I",62.389,42
21.099,58.137,"Class1",47.022,70.429,3.737,7.665,"S",23.603,27
52.788,94.133,"Class3",44.676,66.703,47.512,85.349,"Z",31.796,78
49.29,51.383,"Class3",50.439,52.045,82.121,85.305,"Z",25.853,88
51.786,94.702,"Class3",36.596,58.696,74.246,85.048,"V",32.448,82
50.563,82.39,"Class3",51.194,45.658,80.701,84.829,"Z",29.017,80
50.215,35.25,"Class2",86.121,22.009,62.913,17.121,"U",52.956,52
17.818,52.304,"Class1",46.136,49.798,55.527,7.712,"Y",14.097,18
29.898,14.63,"Class2",86.685,41.238,65.476,21.672,"U",77.483,34
34.86,61.639,"Class2",88.199,31.589,63.41,21.631,"I",73.643,42
49.571,77.624,"Class3",3.9,54.52,65.273,85.278,"R",41.155,83
46.918,54.525,"Class3",22.416,28.71,47.308,85.995,"R",25.511,80
38.1,16.59,"Class2",86.156,44.274,66.033,21.963,"U",53.516,22
19.71,40.142,"Class1",71.224,69.127,25.729,7.028,"Y",39.548,37
35.309,4.574,"Class2",86.369,27.726,67.316,6.042,"M",72.194,43
50.044,74.831,"Class3",39.55,52.561,98.756,85.755,"E",52.931,83
46.485,12.128,"Class2",86.706,35.245,67.995,17.94,"I",79.964,33
21.993,62.614,"Class1",40.668,62.716,41.693,7.341,"N",39.247,42
17.941,79.352,"Class1",52.799,120.306,26.008,7.153,"N",5.633,38
17.621,76.064,"Class1",54.632,88.595,10.275,7.122,"X",12.443,18
22.641,30.374,"Class1",40.94,112.486,46.486,7.269,"Y",58.992,32
18.849,84.674,"Class1",70.927,83.226,15.663,6.446,"N",12.719,47
47.998,80.182,"Class3",8.875,58.242,NA,85.187,"E",29.338,85
35.884,69.614,"Class2",86.497,29.385,72.022,15.512,"U",58.421,51
51.904,75.164,"Class3",20.877,57.162,43.854,85.103,"Z",23.999,81
17.724,41.878,"Class1",33.63,69.301,21.541,7.442,"S",18.708,29
21.102,33.24,"Class1",38.93,104.984,50.358,7.055,"X",10.147,2
41.503,47.728,"Class2",87.056,40.632,66.795,21.674,"H",71.944,51
49.651,44.226,"Class2",86.987,22.725,71.449,9.573,"U",74.401,24
22.609,37.092,"Class1",60.453,52.209,38.72,7.202,"Y",36.591,25
51.831,45.203,"Class2",88.218,18.451,66.02,27.605,"J",66.205,46
17.464,18.817,"Class1",64.152,79.348,39.79,7.329,"C",12.944,19
39.424,1.074,"Class2",87.727,19.415,66.125,33.908,"M",57.312,35
31.352,32.684,"Class2",87.771,45.23,70.501,13.564,"U",76.483,38
52.238,54.596,"Class3",28.486,45.694,13.351,85.189,"E",45.533,79
52.037,67.247,"Class2",87.592,16.947,73.353,21.958,"M",55.603,31
54.505,57.336,"Class2",86.65,39.254,67.475,34.076,"U",79.641,24
48.484,83.823,"Class3",4.022,70.191,83.63,86.017,"E",44.055,89
26.53,56.222,"Class2",86.81,27.543,68.887,17.296,"U",61.521,43
29.501,42.06,"Class2",86.39,44.448,67.849,25.7,"U",57.549,51
51.049,89.171,"Class3",41.415,28.574,74.942,85.516,"V",41.734,78
51.19,26.879,"Class2",86.476,39.7,68.479,12.276,"U",55.101,29
44.939,46.969,"Class2",87.087,50.514,62.375,17.35,"I",53.39,36
48.12,NA,"Class3",20.027,39.944,63.813,85.41,"E",52.945,87
51.261,50.749,"Class2",86.515,11.059,68.835,9.749,"H",55.261,34
18.54,40.732,"Class1",25.912,82.474,36.915,7.677,"Y",2.305,13
43.872,94.207,"Class3",57.139,56.885,103.567,85.482,"V",40.886,78
49.308,1.466,"Class2",87.688,23.05,65.083,18.66,"I",56.82,33
48.726,82.564,"Class3",7.948,53.185,78.584,85.652,"Y",33.106,84
47.845,57.756,"Class2",88.084,48.478,68.158,9.415,"H",52.615,52
48.659,20.848,"Class2",88.535,12.949,63.476,19.785,"H",71.883,28
43.76,80.809,"Class2",86.909,42.023,64.172,16.091,"U",78.971,22
24.881,58.956,"Class2",87.521,21.992,63.376,28.284,"H",60.548,23
46.501,NA,"Class2",87.508,11.313,66.76,21.737,"I",72.017,27
46.897,42.7,"Class2",86.953,36.697,71.81,18.478,"H",75.718,47
49.18,87.674,"Class3",47.767,54.416,20.77,85.501,"R",23.647,85
50.234,69.013,"Class3",34.554,60.078,65.64,85.042,"Y",45.769,78
22.461,72.731,"Class1",70.273,86.364,52.108,8.283,"X",36.184,31
21.116,61.913,"Class1",18.146,109.246,15.529,7.875,"N",31.859,2
40.653,63.413,"Class2",87.628,17.001,61.502,11.746,"U",57.078,46
47.868,76.869,"Class3",26.976,67.795,60.14,85.783,"Y",52.328,81
21.858,16.514,"Class1",70.9,78.548,39.198,7.836,"Y",61.592,25
20.919,44.894,"Class1",33.734,50.617,53.653,7.354,"C",6.089,15
49.439,34.844,"Class2",86.37,44.252,68.301,15.747,"J",78.408,47
54.763,45.941,"Class2",87.325,37.936,66.741,8.788,"M",60.807,35
47.182,74.268,"Class3",31.38,58.011,95.009,85.638,"V",27.812,88
22.175,32.811,"Class1",70.734,66.898,42.149,7.454,"N",66.365,24
31.525,68.395,"Class2",87.524,41.392,63.581,9.02,"M",70.946,40
18.955,87.999,"Class1",53.011,77.227,16.193,7.29,"Y",65.014,34
44.802,72.407,"Class3",-1.263,34.601,40.172,85.561,"E",19.781,82
43.611,58.068,"Class3",20.768,42.43,36.347,85.537,"Z",40.18,88
22.735,74.467,"Class1",76.534,58.921,11.309,7.491,"N",21.243,5
26.84,44.939,"Class2",86.504,29.64,67.609,13.401,"I",76.872,43
49.654,54.67,"Class3",30.525,58.373,68.476,85.512,"Y",40.467,87
34.483,8.161,"Class2",87.766,27.349,63.652,22.027,"J",56.973,47
24.096,31.437,"Class2",86.342,26.455,69.414,20.701,"I",64.483,22
53.623,13.024,"Class2",87.534,32.452,65.721,26.14,"M",52.494,37
20.714,68.505,"Class1",84.983,69.261,38.071,7.388,"S",55.388,37
29.001,79.834,"Class2",88.007,18.143,65.962,7.575,"H",66.453,36
18.624,43.102,"Class1",54.349,40.165,58.004,7.163,"S",14.237,47
20.582,26.527,"Class1",58.677,68.177,67.963,7.903,"Y",33.045,36
29.692,68.651,"Class2",87.657,29.875,64.486,9.399,"H",59.659,24
50.4,29.18,"Class2",86.192,45.169,NA,18.355,"M",61.455,26
17.465,70.774,"Class1",28.891,69.519,48.689,7.374,"C",18.42,11
49.666,61.068,"Class3",25.656,63.109,84.208,85.237,"Z",28.173,89
33.254,40.967,"Class2",86.453,21.807,67.433,22.57,"I",56.135,38
17.12,42.994,"Class1",32.606,90.487,38.653,8.252,"Y",47.065,14
17.012,26.063,"Class1",65.669,54.485,32.751,7.297,"N",23.419,22
46.76,36.778,"Class2",87.467,19.483,61.671,12.277,"J",58.985,50
31.448,79.518,"Class2",87.062,46.499,65.703,13.744,"U",58.59,28
20.741,20.611,"Class1",45.14,64.48,44.17,7.083,"X",33.772,49
52.859,93.486,"Class3",43.459,61.057,57.023,85.491,"E",45.582,84
52.936,66.131,"Class3",31.995,59.262,36.789,85.055,"E",32.501,87
18.969,62.972,"Class1",51.315,50.804,80.495,7.367,"X",62.082,6
52.5,71.705,"Class3",29.508,56.269,64.987,85.149,"Y",49.984,85
46.542,NA,"Class2",87.182,32.943,71.445,24.517,"M",67.439,49
17.871,78.135,"Class1",69.865,81.142,45.281,7.134,"C",54.29,18
18.283,87.056,"Class1",94.829,59.324,48.142,7.29,"N",60.955,24
38.817,36.989,"Class2",87.021,46.882,63.017,14.942,"H",79.094,23
37.254,51.171,"Class2",86.955,29.204,61.218,26.352,"M",72.851,47
41.6,20.542,"Class2",87.877,29.054,70.628,15.983,"I",54.641,29
44.85,82.265,"Class3",25.233,69.595,NA,85.56,"Z",31.25,87
19.314,43.373,"Class1",59.594,65.316,22.381,8.053,"Y",2.389,8
48.596,84.117,"Class3",-5.199,48.154,64.878,85.309,"Z",44.653,84
19.026,88.425,"Class1",41.674,116.162,22.202,7.495,"C",20.824,48
52.902,50.855,"Class3",-9.559,46.221,60.684,85.79,"R",27.079,83
36.122,17.581,"Class2",86.537,34.784,67.322,13.566,"I",52.15,52
50.161,27.3,"Class2",87.002,31.017,62.655,18.268,"J",77.047,43
43.524,81.388,"Class3",9.853,60.158,53.41,85.949,"Y",25.534,82
22.341,62.15,"Class1",70.553,53.755,13.564,7.285,"X",26.908,4
22.293,49.35,"Class1",22.828,77.701,45.401,7.415,"N",51.909,47
29.231,70.605,"Class2",88.02,23.667,66.227,22.641,"H",56.031,31
49.709,74.512,"Class3",6.759,70.595,44.787,85.655,"V",16.933,82
20.666,87.765,"Class1",28.596,63.135,32.396,7.364,"C",59.15,6
44.932,81.364,"Class3",53.559,68.92,63.594,85.152,"E",24.719,85
46.209,52.26,"Class2",86.745,38.827,69.26,13.08,"J",59.79,27
22.113,78.037,"Class1",44.941,90.169,9.809,7.581,"S",25.826,38
49.364,89.165,"Class3",50.813,58.158,37.347,85.801,"Y",39.975,84
49.572,64.917,"Class3",8.039,38.619,48.492,85.21,"V",49.348,86
22.125,29.478,"Class1",69.725,98.531,22.188,7.52,"X",13.883,5
18.152,36.997,"Class1",47.11,65.057,65.963,7.151,"Y",53.758,6
22.67,84.536,"Class1",29.798,83.603,-2.333,7.884,"C",57.611,2
45.193,81.209,"Class3",23.789,53.461,47.706,85.147,"Y",17.136,82
48.113,67.958,"Class3",31.333,58.193,78.109,85.552,"Z",51.723,83
43.482,93.618,"Class3",2.298,68.624,59.042,85.513,"R",46.465,88
53.352,30.971,"Class2",86.669,38.065,61.829,9.453,"M",59.527,29
21.496,30.5,"Class1",31.638,80.277,57.99,7.318,"Y",20.899,30
51.377,62.198,"Class3",17.546,68.325,89.436,86.209,"R",50.932,84
20.269,16.884,"Class1",59.849,68.076,33.835,7.233,"S",52.842,13
43.356,6.992,"Class2",88.064,47.781,69.129,26.837,"U",55.616,47
43.952,89.393,"Class3",38.906,43.384,44.252,85.292,"V",33.034,83
18.408,17.881,"Class1",75.327,94.388,0.526,7.24,"Y",55.199,42
19.332,57.351,"Class1",60.495,77.171,38.745,7.006,"Y",18.689,37
33.326,NA,"Class2",85.794,29.531,63.59,16.008,"U",73.132,45
43.571,50.306,"Class3",15.038,53.595,72.232,86.11,"V",34.381,80
48.5,23.732,"Class2",87.2,36.939,62.436,6.638,"H",79.324,48
50.198,55.669,"Class3",13.798,47.524,73.563,85.107,"R",19.536,80
47.322,61.377,"Class3",29.545,52.592,94.744,85.561,"Z",38.416,79
19.325,46.184,"Class1",56.344,68.08,27.359,6.91,"Y",26.076,37
19.113,NA,"Class1",33.704,63.036,36.305,7.599,"N",23.129,31
51.307,89.876,"Class3",59.468,45.53,43.059,85.588,"Z",20.653,83
45.665,19.849,"Class2",88.338,20.33,71.018,21.978,"M",55.735,33
44.268,95.142,"Class3",22.65,52.316,80.439,85.228,"R",23.62,87
21.629,50.792,"Class1",92.716,81.605,37.623,7.874,"S",65.168,45
30.607,29.894,"Class2",86.946,29.646,69.37,21.231,"I",62.495,41
17.739,72.117,"Class1",70.354,38.438,55.057,8.162,"X",14.186,24
45.712,8.181,"Class2",86.314,46.188,62.559,20.454,"M",57.596,44
37.465,76.354,"Class2",86.767,28.069,64.295,15.07,"H",63.745,45
28.389,80.976,"Class2",87.145,30.53,NA,22.302,"J",72.239,23
30.955,65.077,"Class2",87.417,43.014,67.2,16.536,"J",72.394,29
44.555,95.081,"Class3",50.049,52.66,69.299,85.802,"R",41.278,87
17.112,56.064,"Class1",66.218,48.942,12.359,7.005,"N",54.801,22
19.961,57.254,"Class1",71.515,86.166,35.528,7.587,"S",29.888,13
20.833,46.364,"Class1",31.415,111.605,1.637,7.955,"C",38.709,34
52.03,73.877,"Class3",39.709,39.215,40.879,85.569,"Z",49.681,82
19.891,80.775,"Class1",69.473,101.962,61.081,7.873,"S",31.23,24
50.672,71.72,"Class2",87.179,30.576,62.281,13.957,"H",77.427,45
29.762,54.934,"Class2",86.712,22.381,65.446,15.102,"J",65.287,40
53.725,13.304,"Class2",86.507,33.984,62.093,24.452,"H",72.837,50
29.136,23.628,"Class2",86.529,29.465,68.601,19.306,"J",79.893,52
47.379,80.675,"Class3",31.076,38.929,77.071,85.441,"Z",32.946,88
47.908,53.958,"Class2",86.788,33.585,70.018,11.638,"J",56.884,49
21.028,22.889,"Class1",61.362,61.312,55.976,7.643,"N",67.415,37
49.965,71.325,"Class3",52.86,53.576,77.63,85.264,"R",49.014,78
43.989,1.027,"Class2",87.959,45.073,64.043,23.423,"H",78.007,23
20.407,25.73,"Class1",61.368,96.083,55.882,7.657,"C",22.713,28
21.794,76.085,"Class1",42.594,67.838,26.977,6.834,"N",29.928,26
46.914,88.738,"Class3",25.882,33.965,41.12,85.292,"Y",50.885,83
30.271,55.013,"Class2",87.77,23.249,63.479,17.451,"M",62.544,50
42.985,3.858,"Class2",87.219,50.65,67.063,6.1,"M",74.79,27
18.808,70.551,"Class1",68.463,82.252,63.575,7.252,"N",4.225,18
44.663,68.023,"Class3",24.935,41.057,85.226,86.247,"Y",53.46,85
20.883,24.077,"Class1",61.696,72.46,27.853,7.449,"X",54.845,6
20.878,73.95,"Class1",60.357,82.523,NA,8.019,"Y",42.424,23
22.347,66.828,"Class1",62.3,86.727,27.328,7.684,"N",50.986,39
48.519,93.95,"Class3",21.779,51.352,59.955,85.283,"E",38.502,88
51.839,62.626,"Class3",34.574,45.712,36.273,85.698,"E",26.363,82
45.218,88.571,"Class3",61.67,50.68,NA,85.298,"Y",27.898,78
49.224,50.836,"Class3",16.67,61.423,35.236,85.253,"V",25.487,82
46.546,64.79,"Class3",3.174,59.731,13.357,85.442,"V",37.136,84
47.795,54.575,"Class3",27.007,36.12,108.916,85.217,"E",17.701,84
17.018,31.329,"Class1",29.192,28.615,31.057,7.944,"X",32.163,6
21.087,49.211,"Class1",25.654,101.019,33.283,7.638,"N",18.481,5
46.177,71.791,"Class3",23.769,63.87,87.191,85.503,"E",17.416,78
31.963,35.167,"Class2",86.788,34.897,64.43,23.556,"I",60.538,31
49.801,86.906,"Class3",49.539,51.823,10.895,85.572,"V",21.323,87
20.178,88.312,"Class1",63.492,75.566,41.512,8.224,"X",13.393,39
47.501,89.226,"Class3",20.432,45.103,NA,85.579,"E",33.862,85
47.541,91.842,"Class3",67.768,51.039,63.88,85.197,"Z",47.066,86
20.931,20.679,"Class1",46.536,48.79,28.346,6.983,"S",39.786,35
30.529,18.929,"Class2",86.984,46.332,65.467,18.757,"J",52.262,34
48.833,79.992,"Class3",6.133,27.949,86.256,85.216,"V",42.043,84
47.329,75.321,"Class3",34.321,57.052,22.136,85.265,"Y",48.131,83
19.531,59.722,"Class1",36.41,86.35,57.835,7.831,"N",51.173,21
25.519,82.112,"Class2",86.387,41.391,63.382,5.589,"J",59.706,30
45.236,89.775,"Class3",48.377,58.859,67.651,85.404,"Y",28.753,80
21.923,20.785,"Class1",47.758,72.951,34.058,7.403,"X",6.758,47
51.981,69.224,"Class3",-1.405,59.653,78.459,85.544,"Z",38.205,82
18.768,27.813,"Class1",47.948,55.194,15.512,7.622,"X",57.169,20
28.057,34.291,"Class2",86.741,23.685,68.49,22.339,"U",74.603,50
46.928,70.607,"Class3",11.915,34.966,37.544,85.201,"E",26.898,80
18.445,41.897,"Class1",36.333,75.957,57.036,7.328,"S",30.029,23
52.096,32.04,"Class2",87.546,30.389,70.278,20.253,"U",75.989,36
27.918,44.246,"Class2",87.897,31.414,67.2,26.551,"H",65.23,49
19.689,76.048,"Class1",87.985,61.165,26.782,8.019,"S",39.098,43
52.813,72.02,"Class3",57.562,29.756,74.29,84.569,"V",19.207,84
54.392,60.651,"Class2",86.569,30.987,63.025,27.399,"I",74.952,40
45.868,51.261,"Class2",87.646,36.62,68.224,25.249,"J",74.413,46
18.139,81.441,"Class1",50.951,99.959,NA,7.599,"S",56.744,26
44.286,73.674,"Class3",36.232,38.761,81.061,85.556,"Z",47.428,82
21.812,21.616,"Class1",46.395,78.394,11.581,7.826,"S",62.904,25
48.633,91.247,"Class3",31.401,60.054,54.461,85.387,"Y",35.083,83
52.113,91.491,"Class3",37.54,55.777,91.949,85.407,"E",26.176,80
20.413,50.021,"Class1",51.487,73.417,47.057,8.043,"X",40.316,20
19.707,81.464,"Class1",65.671,114.91,46.807,7.289,"X",63.816,15
44.119,17.075,"Class2",85.811,28.315,63.015,11.276,"I",71.874,40
34.406,16.814,"Class2",87.521,10.985,65.913,5.166,"H",70.091,36
49.536,46.451,"Class2",86.288,24.405,NA,13.447,"U",52.79,25
22.937,62.434,"Class1",39.219,77.537,19.244,7.158,"X",65.989,8
20.459,22.581,"Class1",59.154,73.489,20.32,6.869,"S",5.782,15
44.428,52.28,"Class2",88.581,33.487,67.028,2.965,"I",62.462,36
51.651,86.687,"Class3",14.737,38.873,NA,85.31,"Y",24.806,88
19.169,56.132,"Class1",48.463,82.914,54.388,8.122,"N",37.503,23
52.581,54.415,"Class2",87.331,26.273,63.249,20.349,"H",52.493,28
50.626,91.462,"Class3",29.092,33.876,101.731,85.544,"V",47.752,88
26.006,15.762,"Class2",87.05,50.423,69.544,17.862,"I",61.853,47
47.356,NA,"Class3",43.992,51.775,73.442,85.983,"Y",32.818,78
47.417,79.429,"Class3",15.448,61.573,31.051,85.731,"Y",47.086,87
34.944,NA,"Class2",88.191,36.846,67.563,32.046,"M",57.572,43
44.37,25.183,"Class2",87.789,41.672,63.171,17.843,"I",60.853,33
45.034,60.301,"Class2",88.052,30.898,63.079,16.382,"U",70.679,35
17.812,31.204,"Class1",32.601,85.288,31.45,7.278,"X",11.223,11
39.289,6.585,"Class2",86.803,53.697,69.405,26.497,"M",72.195,45
40.879,31.417,"Class2",87.612,14.842,68.074,21.645,"H",75.109,44
20.588,32.33,"Class1",27.199,45.603,67.8,7.789,"S",2.713,48
24.896,24.135,"Class2",87.396,28.889,65.054,31.688,"J",63.613,27
21.825,24.913,"Class1",42.452,86.479,34.533,7.248,"Y",42.277,5
17.628,33.252,"Class1",67.468,65.746,39.649,7.725,"C",52.815,7
50.184,18.798,"Class2",87.795,2.622,65.771,12.726,"I",53.176,22
29.274,14.786,"Class2",86.571,35.497,63.03,21.633,"M",79.052,33
18.63,30.683,"Class1",55.917,85.75,19.913,7.698,"N",38.418,22
20.528,83.563,"Class1",49.213,72.456,33.274,7.533,"S",22.165,45
45.315,94.499,"Class3",-5.259,38.076,NA,84.962,"R",46.018,88
17.06,32.237,"Class1",51.877,93.989,22.21,7.377,"N",11.189,21
24.444,76.018,"Class2",86.542,34.722,64.267,13.464,"M",69.674,45
36.055,74.1,"Class2",87.259,41.74,62.823,16.927,"M",66.67,44
29.919,10.061,"Class2",86.929,28.679,70.26,13.863,"H",71.512,49
45.326,65.382,"Class3",28.564,56.057,60.869,85.537,"E",52.828,78
51.487,66.509,"Class3",54.415,45.159,78.368,85.596,"E",27.026,83
17.961,65.131,"Class1",54.595,89.588,32.212,8.06,"X",40.342,4
52.618,57.334,"Class2",86.949,27.252,65.164,10.065,"H",71.042,52
35.483,39.307,"Class2",87.045,22.735,70.574,19.263,"J",62.223,45
19.068,64.98,"Class1",43.744,46.588,35.351,7.528,"S",55.929,7
45.767,41.523,"Class2",86.407,27.309,NA,13.311,"H",65.782,50
17.417,71.564,"Class1",40.27,82.412,35.039,7.256,"X",22.592,14
34.839,81.373,"Class2",87.301,31.1,65.733,3.244,"I",74.195,32
48.762,7.681,"Class2",86.921,28.712,NA,19.019,"H",75.25,34
21.364,67.319,"Class1",68.083,88.983,49.458,8.005,"Y",64.119,49
50.221,74.662,"Class3",50.91,49.982,70.005,85.599,"Y",34.054,85
20.547,72.625,"Class1",25.011,72.446,36.046,7.569,"Y",32.541,41
29.316,65.159,"Class2",87.393,37.052,69.719,14.017,"M",64.135,39
49.814,22.488,"Class2",86.543,45.64,66.866,13.821,"J",55.167,30
32.516,24.505,"Class2",87.727,18.384,67.717,13.121,"I",53.665,30
48.023,16.571,"Class2",86.761,23.432,60.079,17.799,"U",71.153,44
18.364,36.275,"Class1",75.361,106.721,24.906,7.732,"X",4.632,32
34.079,64.825,"Class2",88.052,31.88,67.172,28.208,"U",79.76,23
36.053,40.066,"Class2",87.13,28.644,69.286,23.773,"J",60.179,33
18.12,17.386,"Class1",67.55,44.754,49.908,7.452,"N",54.222,20
18.771,49.545,"Class1",13.311,73.031,37.741,7.254,"X",23.983,7
44.998,81.412,"Class3",28.863,33.727,85.767,85.47,"R",35.979,81
46.429,56.372,"Class3",36.655,40.897,87.651,86.073,"Z",50.573,82
22.116,77.786,"Class1",45.965,61.678,43.014,8.135,"X",17.69,28
17.894,77.354,"Class1",67.037,91.627,21.302,8.363,"X",60.863,48
30.745,50.661,"Class2",87.489,38.073,68.758,19.06,"J",62.545,47
46.159,NA,"Class3",25.705,52.335,33.089,85.162,"Y",51.496,82
49.839,93.157,"Class3",13.185,74.584,31.905,86,"Y",42.489,88
39.948,53.449,"Class2",87.482,32.842,66.558,24.182,"U",64.102,35
50.686,67.781,"Class3",44.025,29.553,35.077,85.175,"V",39.852,89
43.066,78.709,"Class3",31.197,80.847,90.556,85.198,"Y",52.348,85
45.496,82.859,"Class2",86.518,31.821,64.95,19.24,"I",64.684,22
39.275,14.314,"Class2",87.105,38.981,69.39,11.44,"H",72.757,38
20.029,NA,"Class1",59.819,88.609,33.154,7.742,"N",12.739,20
46.263,93.741,"Class3",46.688,52.877,66.281,85.1,"R",50.06,87
18.784,51.757,"Class1",76.4,86.34,NA,7.308,"S",17.487,16
22.655,40.629,"Class1",39.259,97.565,32.02,7.653,"X",7.275,34
48.011,84.91,"Class3",80.219,55.039,70.403,85.943,"E",28.382,85
49.637,NA,"Class3",24.074,63.033,57.987,85.247,"V",19.68,85
17.252,17.994,"Class1",56.112,71.132,8.444,7.7,"C",33.62,5
22.652,58.35,"Class1",50.18,48.083,21.185,7.97,"Y",8.84,8
46.371,88.691,"Class3",-9.38,40.146,72.586,85.43,"R",49.456,81
50.802,NA,"Class3",44.46,44.874,58.213,85.22,"Z",31.862,83
24.069,9.902,"Class2",85.817,52.828,70.063,12.97,"H",78.492,38
20.211,34.242,"Class1",63.886,73.776,13.925,7.283,"X",25.731,46
20.52,22.677,"Class1",53.728,72.969,29.127,7.306,"C",25.931,20
19.093,38.086,"Class1",34.02,83.763,24.627,7.638,"N",23.489,25
26.239,31.899,"Class2",86.954,11.711,66.23,10.567,"U",75.537,45
18.264,55.662,"Class1",40.911,70.626,31.702,7.922,"X",21.952,19
18.948,86.418,"Class1",77.496,92.395,37.931,7.47,"X",16.257,3
20.558,NA,"Class1",38.921,53.504,37.028,7.444,"X",47.465,16
18.361,62.424,"Class1",28.811,100.218,27.401,7.659,"X",38.361,13
52.099,60.928,"Class2",87.366,37.418,63.965,6.458,"I",74.429,29
18.792,25.04,"Class1",51.276,62.683,39.081,7.415,"X",33.325,13
47.573,63.436,"Class3",40.739,79.117,50.737,85.954,"Y",26.81,84
49.387,NA,"Class3",15.73,50.819,60.08,85.542,"R",19.112,78
44.36,77.327,"Class3",74.033,56.342,71.29,85.9,"V",35.427,78
22.904,40.546,"Class1",53.739,56.881,55.769,7.24,"Y",12.163,7
20.382,81.984,"Class1",40.524,74.033,21.102,7.524,"X",41.589,39
19.15,51.603,"Class1",41.448,43.847,25.386,7.233,"Y",59.678,18
19.403,67.226,"Class1",21.3,63.035,34.634,7.163,"Y",24.953,38
44.903,85.412,"Class3",2.968,40.407,61.187,86.21,"Z",46.748,79
43.565,73.614,"Class3",38.859,50.274,58.664,86.192,"E",17.089,79
20.54,23.452,"Class1",65.916,48.286,35.526,7.392,"S",44.808,9
24.731,29.26,"Class2",87.063,36.52,67.104,17.322,"J",56.73,30
18.648,42.5,"Class1",68.324,69.688,NA,7.268,"S",33.116,21
48.365,88.076,"Class3",47.379,46.516,85.906,85.828,"R",41.596,88
21.09,82.115,"Class1",16.987,77.593,32.887,7.428,"S",2.875,36
20.205,24.324,"Class1",28.584,48.482,33.944,7.095,"Y",57.683,39
35.305,54.228,"Class2",87.756,46.881,67.58,17.89,"I",73.445,34
51.553,89.782,"Class3",20.091,74.763,72.544,85.999,"Y",27.597,83
47.623,75.206,"Class3",58.603,35.903,106.748,86.017,"Z",52.779,78
39.581,34.743,"Class2",87.093,37.815,65.516,12.943,"J",73.668,49
33.005,43.091,"Class2",87.361,38.715,NA,24.271,"J",69.822,40
38.585,51.535,"Class2",85.711,19.303,64.416,15.583,"M",79.925,22
22.703,33.888,"Class1",68.825,55.045,56.276,7.552,"X",8.102,2
34.811,32.521,"Class2",86.331,35.888,64.091,21.291,"J",57.174,47
19.281,31.158,"Class1",36.795,29.448,NA,7.525,"Y",62.865,25
21.595,30.965,"Class1",64.88,53.221,55.771,7.678,"X",31.625,18
50.571,NA,"Class3",50.222,77.394,60.7,85.127,"Z",19.73,80
20.976,80.564,"Class1",57.591,67.585,24.441,7.211,"C",18.36,41
49.558,79.488,"Class3",38.343,71.076,82.029,85.089,"E",21.641,80
48.181,63.382,"Class3",41.557,48.893,54.38,85.688,"Z",30.669,84
48.516,54.834,"Class3",44.086,32.2,36.729,85.642,"Y",30.087,78
46.156,76.762,"Class3",14.46,60.494,81.808,86.054,"E",38.182,87
22.23,50.236,"Class1",94.92,63.071,4.306,7.618,"Y",64.669,43
28,41.874,"Class2",86.57,28.439,NA,29.822,"J",67.226,46
46.141,15.346,"Class2",86.162,14.9,66.903,30.693,"M",66.344,35
49.642,53.503,"Class3",37.929,42.825,71.841,85.319,"Y",46.984,80
17.056,21.991,"Class1",42.816,99.989,10.63,7.047,"S",67.973,26
40.29,5.522,"Class2",87.078,51.572,64.442,17.275,"M",60.497,51
52.112,52.794,"Class2",86.417,36.642,71.661,14.418,"J",64.786,38
49.787,63.572,"Class2",86.877,39.28,NA,16.303,"I",77.876,29
17.634,83.179,"Class1",73.603,73.934,30.911,7.67,"N",10.713,27
28.686,68.671,"Class2",86.902,21.358,64.169,16.307,"M",76.078,33
22.494,24.949,"Class1",36.489,108.294,35.129,7.762,"Y",5.336,32
31.718,52.367,"Class2",87.929,35.415,71.732,23.389,"I",79.666,43
48.232,77.404,"Class2",86.166,36.291,66.354,8.034,"H",78.036,44
19.673,72.368,"Class1",1.079,67.434,31.152,7.736,"S",55.267,49
22.222,83.331,"Class1",89.109,58.64,NA,7.213,"N",63.82,14
17.488,60.551,"Class1",47.215,63.456,NA,7.614,"X",27.536,33
44.454,57.267,"Class3",34.546,44.877,58.448,86.26,"E",52.437,87
29.395,18.483,"Class2",85.996,18.962,67.598,14.197,"M",63.067,41
29.537,55.342,"Class2",87.661,57.094,60.702,19.401,"U",67.551,25
20.463,65.888,"Class1",66.924,70.574,10.856,7.752,"S",47.159,6
46.264,86.452,"Class3",34.647,34.696,57.747,85.223,"R",40.753,87
51.502,51.542,"Class3",25.59,49.401,60.06,85.698,"Z",21.016,79
19.781,38.403,"Class1",48.974,96.382,18.341,7.891,"Y",48.272,14
46.903,64.552,"Class3",25.535,60.785,80.791,85.681,"Y",48.01,86
17.699,74.789,"Class1",27.875,85.424,52.45,7.418,"N",15.39,3
45.45,57.926,"Class3",27.043,56.66,97.777,85.616,"Z",51.945,78
21.557,NA,"Class1",23.003,84.647,50.834,7.055,"C",16.159,22
48.282,24.012,"Class2",87.575,42.711,70.977,16.567,"M",66.568,47
52.981,60.539,"Class3",25.566,68.829,31.312,85.242,"Y",33.181,88
47.607,92.101,"Class3",39.335,74.056,84.53,85.767,"V",20.202,84
21.242,82.597,"Class1",79.164,57.478,NA,7.686,"C",54.126,49
18.7,37.661,"Class1",67.861,93.636,49.85,7.863,"N",54.689,6
46.159,55.841,"Class3",20.345,60.59,42.572,85.154,"Y",18.975,82
21.645,62.827,"Class1",68.734,59.438,47.478,7.467,"X",51.931,2
51.988,87.848,"Class3",31.939,30.802,81.247,85.145,"E",37.15,79
22.897,56.639,"Class1",67.523,73.724,28.028,7.992,"S",51.282,24
19.442,18.452,"Class1",75.177,85.292,33.745,7.546,"N",55.84,44
22.758,28.154,"Class1",30.681,57.752,38.139,6.987,"Y",47.912,33
51.528,22.038,"Class2",87.323,22.406,71.273,22.707,"H",78.329,22
52.981,5.446,"Class2",86.841,54.851,63.21,17.474,"H",67.78,34
44.237,41.097,"Class2",87.206,51.1,66.723,15.441,"I",65.759,37
17.686,70.135,"Class1",53.121,60.566,30.479,7.363,"Y",24.781,7
47.169,62.443,"Class3",46.428,54.962,82.378,85.351,"Y",29.406,78
19.429,76.358,"Class1",25.888,51.738,40.761,7.468,"S",58.39,6
49.392,NA,"Class3",78.323,51.382,81.817,85.176,"R",52.224,79
21.701,48.518,"Class1",16.101,67.928,37.664,7.615,"N",37.756,49
49.337,50.161,"Class3",25.2,51.846,26.979,86.006,"V",17.295,86
25.648,78.637,"Class2",86.36,54.919,66.58,17.066,"U",64.762,23
49.734,77.382,"Class2",86.65,36.317,60.144,25.9,"H",55.631,37
18.36,76.381,"Class1",50.28,51.749,NA,7.368,"S",49.722,7
37.291,24.022,"Class2",86.866,22.07,69.052,13.106,"J",55.224,22
51.526,86.76,"Class3",-13.11,52.773,40.545,85.948,"Z",44.242,88
46.115,NA,"Class2",87.807,31.746,66.023,30.169,"I",62.822,33
50.883,NA,"Class3",3.146,48.861,59.83,86.137,"R",25.954,86
17.435,49.516,"Class1",-17.562,69.779,49.923,7.3,"N",48.865,22
17.715,39.66,"Class1",47.454,71.775,29.928,7.821,"C",18.52,2
35.215,NA,"Class2",86.71,33.16,66.86,19.384,"I",71.8,50
44.455,89.121,"Class3",23.738,62.185,31.487,84.999,"V",20.353,88
19.535,16.386,"Class1",19.843,80.904,35.104,7.962,"S",17.215,35
44.445,72.365,"Class3",41.087,67.015,67.529,85.445,"V",29.73,82
45.421,81.921,"Class3",47.517,50.569,23.919,85.239,"R",44.246,85
50.648,76.319,"Class2",87.79,45.754,61.88,9.385,"I",53.245,25
18.673,22.778,"Class1",23.288,58.376,44.121,7.642,"C",4.475,30
22.375,24.833,"Class1",56.245,78.997,27.897,7.299,"N",40.334,7
42.141,64.246,"Class2",87.013,27.518,67.963,24.411,"J",66.118,45
44.163,49.511,"Class2",87.342,39.503,67.317,23.759,"H",65.822,43
39.12,71.672,"Class2",86.759,34.2,64.113,11.772,"I",53.802,28
44.217,78.707,"Class3",50.17,34.862,NA,85.64,"R",30.64,82
29.586,51.133,"Class2",86.437,45.302,67.037,23.163,"H",69.451,34
17.621,79.593,"Class1",103.596,69.487,43.88,8.159,"X",39.813,37
50.833,75.784,"Class3",28.048,35.571,38.128,85.792,"Z",18.175,88
45.989,75.872,"Class3",44.048,45.709,51.202,86.059,"Z",31.67,81
47.062,73.329,"Class3",39.642,52.15,47.912,85.588,"Z",26.329,87
38.255,34.927,"Class2",85.505,26.82,67.941,18.569,"M",73.367,40
44.166,72.874,"Class3",67.911,38.54,64.093,85.277,"Z",36.149,79
44.267,63.197,"Class2",87.902,43.647,69.807,16.831,"H",77.17,44
32.082,NA,"Class2",87.075,28.034,69.085,15.882,"H",69,40
17.202,77.1,"Class1",66.367,47.838,NA,7.485,"X",39.601,32
17.634,NA,"Class1",34.388,90.879,53.514,7.1,"N",34.49,6
48.757,58.322,"Class3",19.072,49.988,51.18,85.58,"E",16.71,83
43.146,50.746,"Class3",47.265,44.82,72.95,85.625,"V",48.421,83
52.862,85.137,"Class3",6.45,64.069,60.565,86.178,"E",41.126,87
22.796,43.612,"Class1",53.962,89.714,18.973,6.918,"N",45.876,4
46.162,85.88,"Class3",39.618,30.183,51.227,85.516,"Z",16.135,86
42.518,11.775,"Class2",85.792,36.616,63.444,18.583,"M",71.573,52
51.728,76.12,"Class3",15.559,23.138,80.775,85.701,"E",54.794,88
17.473,50.083,"Class1",43.386,88.906,18.389,7.537,"S",56.518,48
53.943,60.679,"Class2",85.95,38.832,66.133,13.868,"U",64.403,33
45.728,89.766,"Class3",26.3,50.445,96.035,85.598,"Z",29.526,79
43.651,NA,"Class3",27.633,57.915,49.953,85.327,"Y",40.759,81
20.7,45.523,"Class1",48.298,53.534,42.52,7.109,"S",18.294,13
21.286,34.534,"Class1",91.972,74.907,56.294,7.28,"S",38.055,39
17.189,38.787,"Class1",61.086,55.072,23.843,7.116,"X",32.054,48
40.768,2.13,"Class2",87.547,50.31,70.688,18.841,"I",60.015,28
52.207,94.222,"Class3",38.171,63.046,105.916,85.637,"Y",25.826,80
47.833,72.039,"Class3",31.74,36.405,70.164,85.731,"Y",26.391,84
43.894,34.266,"Class2",87.352,41.303,65.791,3.018,"J",76.046,47
21.134,65.543,"Class1",72.207,97.586,34.985,7.638,"C",34.431,38
52.512,NA,"Class2",86.826,25.412,70.326,24.49,"U",76.327,47
46.709,90.444,"Class3",32.226,53.311,84.585,84.666,"Z",47.113,80
17.448,56.659,"Class1",76.122,72.834,21.633,7.835,"Y",58.496,19
50.195,60.754,"Class3",31.781,33.852,99.442,85.919,"Z",32.683,88
37.206,43.118,"Class2",87.182,21.28,63.606,20.384,"J",55.796,35
20.602,53.15,"Class1",13.741,65.34,56.594,7.045,"Y",30.686,31
47.686,73.188,"Class2",86.519,19.022,65.691,12.544,"U",63.311,35
21.431,72.945,"Class1",52.239,60.916,NA,7.214,"Y",21.859,43
21.64,70.571,"Class1",57.694,92.487,17.115,6.792,"S",2.692,49
52.938,75.568,"Class3",39.98,51.813,79.954,85.708,"E",18.118,82
42.206,9.107,"Class2",86.333,35.081,65.334,12.589,"J",75.063,26
52.779,72.454,"Class3",10.331,58.06,57.417,84.961,"R",28.209,86
24.321,25.755,"Class2",86.859,49.315,65.605,8.226,"H",76.906,26
17.958,27.301,"Class1",36.658,65.96,NA,8.287,"C",51.185,10
49.552,35.856,"Class2",86.502,47.485,64.805,14.29,"M",55.723,36
54.578,58.43,"Class2",86.756,47.929,71.722,18.469,"J",64.8,37
50.256,12.192,"Class2",87.813,9.914,65.787,12.351,"J",61.725,28
52.903,65.126,"Class3",4.251,51.904,34.065,86.069,"R",28.953,80
19.537,69.315,"Class1",52.419,91.827,16.459,7.801,"N",52.448,8
48.246,61.094,"Class3",55.799,26.984,42.535,86.017,"E",49.682,83
22,25.304,"Class1",43.785,64.063,NA,8.225,"S",61.088,18
47.522,60.217,"Class3",48.005,48.292,71.229,85.356,"E",50.678,82
52.583,93.603,"Class3",53.274,55.127,60.591,85.486,"Z",31.075,79
44.708,69.875,"Class3",28.069,49.694,47.545,85.407,"Z",49.496,79
47.241,62.882,"Class3",44.999,67.282,20.852,85.063,"E",37.121,81
27.664,76.044,"Class2",86.672,33.328,65.413,12.258,"U",74.751,40
21.49,27.606,"Class1",113.108,78.876,22.157,7.837,"Y",20.981,23
21.061,53.307,"Class1",100.224,62.486,46.047,7.52,"C",40.639,19
26.265,25.898,"Class2",86.525,30.184,64.647,12.692,"I",60.582,46
46.551,50.38,"Class3",54.157,71.552,81.895,85.685,"R",46.059,78
17.392,83.852,"Class1",49.064,97.274,46.931,7.021,"X",51.195,24
43.495,10.483,"Class2",86.895,25.052,67.457,25.9,"J",67.997,52
46.54,16.894,"Class2",86.623,41.303,65.089,10.723,"J",55.985,47
45.938,64.723,"Class3",33.909,76.311,73.616,84.843,"E",52.89,79
46.078,27.102,"Class2",87.14,45.011,68.23,25.72,"J",61.637,43
21.897,46.138,"Class1",33.522,65.254,21.648,7.846,"X",26.451,3
20.228,30.574,"Class1",50.375,84.795,34.702,6.964,"N",15.733,15
17.412,62,"Class1",3.994,70.519,4.991,7.837,"Y",27.899,43
50.412,52.893,"Class3",17.306,43.528,30.888,85.365,"E",33.774,82
44.098,64.026,"Class3",2.951,44.804,40.86,85.88,"R",49.353,81
22.855,58.477,"Class1",60.784,89.085,30.984,7.705,"S",57.602,3
43.839,56.559,"Class2",87.409,39.507,62.93,18.857,"J",53.848,43
19.44,18.628,"Class1",27.625,62.085,36.609,7.841,"X",33.75,22
22.036,25.669,"Class1",60.306,73.136,59.25,7.449,"Y",25.575,28
26.687,26.585,"Class2",87.965,27.721,69.858,28.464,"I",76.126,37
54.651,73.305,"Class2",86.917,22.84,68.831,20.64,"M",59.187,31
49.269,64.651,"Class3",23.455,61.061,20.255,86.209,"Z",35.991,87
21.91,NA,"Class1",45.825,57.472,-8.417,7.296,"Y",44.264,42
20.324,85.844,"Class1",73.155,49.919,31.366,7.778,"N",46.738,29
25.287,72.104,"Class2",87.942,35.364,65.995,19.029,"J",71.155,52
21.935,19.91,"Class1",79.546,72.08,79.199,7.454,"Y",21.147,4
36.465,2.414,"Class2",86.906,12.432,70.275,16.456,"I",52.034,31
20.821,37.775,"Class1",42.542,84.944,51.979,7.977,"S",48.287,41
47.768,44.96,"Class2",85.939,37.374,70.413,27.041,"I",70.109,22
47.293,76.204,"Class3",46.872,48.645,104.487,86.124,"E",30.387,85
17.369,80.043,"Class1",65.375,84.128,14.696,7.564,"C",29.046,14
46.451,94.115,"Class3",39.619,65.827,72.265,85.397,"Z",35.291,83
51.788,95.704,"Class3",44.815,46.316,69.753,84.988,"V",51.506,80
52.709,64.386,"Class3",28.881,68.474,59.377,85.889,"V",21.444,83
51.297,NA,"Class3",28.767,72.977,22.441,85.506,"Z",33.096,79
44.971,57.811,"Class3",45.106,42.095,59.284,85.061,"Z",51.217,87
50.18,55.195,"Class3",21.382,46.488,77.879,85.058,"V",46.746,85
50.344,29.692,"Class2",87.615,28.59,66.039,19.557,"U",62.634,46
26.279,67.116,"Class2",86.682,32.886,61.147,17.348,"J",53.885,38
53.712,23.79,"Class2",87.549,13.026,69.183,14.665,"J",74.539,45
26.6,82.263,"Class2",85.995,50.866,59.894,15.602,"M",69.57,32
22.232,35.142,"Class1",52.392,71.133,24.446,7.35,"S",67.366,14
49.427,85.056,"Class3",-6.272,53.306,61.277,85.613,"Z",26.255,79
35.01,75.818,"Class2",87.648,27.848,62.853,12.898,"J",57.378,31
22.151,80.238,"Class1",50.564,76.555,36.24,7.244,"C",51.313,45
22.372,32.056,"Class1",44.243,99.8,50.332,7.45,"N",40.253,47
19.193,76.906,"Class1",36.695,85.205,9.932,7.612,"N",49.186,28
47.998,57.95,"Class3",33.115,33.864,31.572,85.729,"R",26.881,86
27.352,50.036,"Class2",87.944,24.917,63.157,13.895,"J",70.219,30
50.074,68.509,"Class3",5.242,71.506,60.99,85.638,"E",43.104,83
43.27,67.194,"Class3",62.819,65.511,63.826,85.578,"Z",34.346,82
19.873,75.887,"Class1",24.261,73.803,24.498,7.36,"C",57.736,15
51.484,59.808,"Class3",48.638,69.26,67.442,85.815,"R",46.158,82
44.785,59.559,"Class3",33.47,30.34,63.939,85.526,"Z",49.588,84
25.084,70.099,"Class2",87.024,49.933,66.046,19.442,"U",67.611,29
34.146,58.716,"Class2",86.377,30.567,63.288,20.691,"U",72.297,22
51.369,74.569,"Class3",22.922,63.076,29.228,86.102,"E",50.206,78
20.64,58.684,"Class1",36.079,66.663,24.714,7.765,"S",27.791,33
19.942,20.463,"Class1",35.581,49.928,30.706,7.312,"N",30.312,15
20.058,39.578,"Class1",41.054,79.554,28.356,7.618,"C",12.676,7
18.859,55.409,"Class1",21.024,59.389,NA,7.252,"C",3.814,41
33.399,59.602,"Class2",87.204,34.156,72.466,27.303,"I",58.757,44
41.513,74.672,"Class2",87.798,48.219,68.726,15.906,"J",76.703,33
17.665,31.425,"Class1",48.313,74.383,NA,7.062,"X",55.387,15
18.266,50.032,"Class1",88.431,96.612,-7.178,7.071,"S",8.524,30
33.069,23.719,"Class2",87.789,22.83,66.754,9.968,"M",70.449,22
20.668,23.407,"Class1",87.378,91.278,63.633,7.952,"Y",8.715,31
40.342,24.198,"Class2",87.239,49.352,66.273,8.797,"H",70.067,35
50.978,55.229,"Class3",20.231,32.255,80.326,85.717,"V",46.524,85
40.692,20.935,"Class2",86.27,36.737,64.048,13.34,"J",58.337,33
50.323,87.763,"Class3",49.191,51.219,63.336,85.334,"E",24.686,88
46.522,NA,"Class3",18.812,67.933,56.281,85.396,"R",16.515,81
43.768,62.85,"Class3",0.576,67.571,101.417,85.253,"Y",44.101,79
46.874,76.434,"Class2",87.235,23.03,65.619,16.829,"U",62.217,44
54.82,35.915,"Class2",86.95,43.181,67.199,13.476,"U",76.299,40
52.978,74.309,"Class3",-2.754,72.564,24.217,85.184,"Y",35.502,88
48.175,74.381,"Class3",51.001,58.837,32.493,85.334,"V",35.818,79
17.485,71.257,"Class1",47.448,87.959,29.636,7.139,"N",33.448,9
51.186,80.21,"Class3",15.432,65.629,72.153,85.192,"Y",20.727,85
54.831,14.148,"Class2",87.955,37.246,64.891,12.054,"H",65.724,38
52.543,71.704,"Class3",36.821,36.514,40.629,85.425,"R",35.455,88
20.007,80.213,"Class1",53.865,59.506,59.908,7.726,"C",21.967,23
19.784,52.343,"Class1",88.008,85.933,25.823,6.91,"S",52.88,39
21.32,88.168,"Class1",26.493,76.838,48.361,7.809,"X",55.816,2
50.173,72.701,"Class2",87.173,21.192,65.278,16.577,"I",71.066,46
45.699,67.561,"Class2",87.068,43.902,67.242,29.376,"U",72.593,44
47.726,52.786,"Class3",35.724,51.139,62.798,85.422,"V",20.333,79
18.357,85.717,"Class1",61.542,75.791,43.808,7.754,"X",64.435,39
44.386,89.556,"Class3",11.119,49.285,59.048,85.043,"E",36.311,83
21.388,44.055,"Class1",42.357,70.348,42.897,6.61,"N",18.218,48
45.477,61.831,"Class3",57.999,71.618,76.306,85.422,"Y",45.267,87
35.734,28.64,"Class2",88.004,22.871,73.4,16.489,"I",73.113,25
21.618,NA,"Class1",90.305,72.67,19.476,7.234,"N",21.448,33
19.948,20.391,"Class1",57.616,85.225,58.332,7.314,"N",33.684,48
40.04,NA,"Class2",86.084,39.041,57.99,4.151,"I",66.861,32
52.102,94.915,"Class3",33.299,31.387,80.243,85.8,"Z",32.081,88
50.48,52.215,"Class2",86.762,36.367,66.967,-0.393,"I",64.737,42
44.197,39.148,"Class2",85.999,22.18,70.468,16.847,"J",72.602,40
51.363,68.46,"Class3",31.438,49.95,37.63,85.255,"V",51.05,79
51.623,63.007,"Class3",40.426,41.443,87.332,85.689,"R",35.096,82
20.204,42.926,"Class1",100.543,75.291,46.079,7.136,"C",27.862,42
20.653,35.489,"Class1",46.825,58.142,42.599,7.114,"X",3.692,32
50.668,50.285,"Class3",43.186,52.756,36.221,85.202,"Y",40.924,85
41.097,15.401,"Class2",86.635,43.787,66.597,16.145,"M",61.078,28
22.615,80.039,"Class1",75.468,85.871,59.667,7.738,"C",44.086,24
22.659,22.278,"Class1",50.778,67.5,45.548,7.66,"N",15.557,10
48.922,63.308,"Class3",35.705,52.813,46.356,86.143,"V",47.951,85
18.671,33.412,"Class1",35.789,43.214,3.417,7.402,"Y",9.804,48
31.573,19.562,"Class2",87.52,26.731,64.471,17.759,"J",73.99,48
48.748,86.762,"Class3",59.375,60.6,91.113,85.145,"E",36.457,79
51.875,75.424,"Class3",38.134,41.393,19.361,85.491,"Y",37.096,89
44.131,85.328,"Class3",-19.086,59.149,48.908,85.744,"Y",51.143,87
48.702,NA,"Class3",46.272,45.824,121.488,85.795,"Y",29.472,88
21.764,39.904,"Class1",4.536,101.14,40.927,7.708,"N",34.248,2
19.897,22.058,"Class1",26.285,111.188,58.779,7.757,"S",2.925,15
22.178,65.664,"Class1",60.998,71.075,56.473,7.083,"S",26.553,7
17.146,35.799,"Class1",71.675,51.272,36.15,7.357,"X",36.741,32
52.186,27.787,"Class2",86.063,45.167,67.897,8.662,"H",71.592,28
19.876,45.997,"Class1",48.642,69.773,46.37,7.306,"C",33.625,20
19.278,38.178,"Class1",90.752,80.556,50.475,7.448,"C",34.366,17
52.305,84.616,"Class3",18.098,40.154,74.923,85.753,"Z",17.861,88
45.205,87.164,"Class3",43.319,31.399,31.316,85.368,"Y",48.024,88
50.723,68.257,"Class3",24.489,58.468,79.229,85.913,"Y",32.09,79
48.054,29.857,"Class2",87.78,22.503,67.594,11.896,"J",59.184,28
49.5,79.873,"Class3",10.592,37.384,46.079,85.334,"Z",31.337,87
41.272,18.407,"Class2",87.357,46.746,67.535,18.591,"U",69.044,36
49.433,56.01,"Class3",24.423,70.628,68.412,85.805,"Z",18.357,83
49.041,55.609,"Class2",86.513,28.267,63.563,16.595,"J",77.881,29
20.451,79.184,"Class1",65.986,61.277,15.889,7.422,"C",3.047,37
52.274,93.365,"Class3",43.142,43.413,69.062,85.6,"Z",54.777,83
17.152,66.291,"Class1",80.792,48.61,57.485,7.205,"X",17.792,13
32.632,71.346,"Class2",86.215,47.569,70.942,-1.642,"I",77.172,25
28.198,17.301,"Class2",86.014,21.313,68.065,11.981,"U",58.852,40
36.906,44.941,"Class2",86.453,18.637,67.867,7.014,"J",71.979,47
34.146,52.336,"Class2",86.852,36.262,61.47,18.938,"M",67.1,29
21.475,28.679,"Class1",66.329,70.957,-2.152,7.902,"N",25.777,44
52.546,81.258,"Class3",27.388,47.8,63.778,84.781,"Z",42.827,78
24.391,52.085,"Class2",87.856,25.911,63.325,11.061,"H",77.892,24
21.72,49.094,"Class1",32.236,71.14,0.465,7.638,"N",30.104,38
22.335,75.765,"Class1",32.001,76.042,18.222,7.694,"N",3.467,8
44.915,11.525,"Class2",86.675,33.881,67.031,12.884,"I",53.911,30
52.324,42.683,"Class2",85.85,36.808,69.922,23.603,"M",61.177,34
46.552,NA,"Class3",10.809,54.244,71.031,85.753,"Y",41.662,84
49.368,78.713,"Class3",-1.852,66.058,107.492,85.557,"E",18.117,79
44.822,50.525,"Class3",39.622,60.6,49.015,84.949,"Z",36.745,87
43.038,55.611,"Class3",24.931,52.393,46.815,84.736,"E",42.822,82
47.208,69.737,"Class2",86.137,38.429,68.924,13.328,"I",59.585,27
30.796,33.954,"Class2",87.717,49.21,72.481,19.942,"H",76.309,26
19.281,33.489,"Class1",8.959,43.291,30.438,7.028,"S",8.936,21
21.882,40.013,"Class1",55.233,56.772,48.395,7.324,"X",14.049,44
38.089,30.409,"Class2",87.255,46.668,65.988,23.043,"H",70.466,41
46.698,28.706,"Class2",86.3,25.251,68.037,14.977,"I",55.697,36
38.703,24.38,"Class2",87.159,40.101,61.968,18.593,"J",64.026,47
51.726,NA,"Class3",18.11,59.885,95.298,85.314,"R",54.185,81
18.126,85.794,"Class1",113.432,57.037,34.125,7.661,"Y",29.348,46
46.117,82.403,"Class3",48.75,56.612,74.175,85.445,"Z",34.101,89
38.899,37.197,"Class2",87.785,44.844,63.967,16.446,"I",60.104,33
43.752,63.545,"Class3",-2.135,56.95,67.41,85.13,"E",51.503,85
21.092,23.878,"Class1",58.836,60.207,23.628,6.956,"C",12.574,22
50.506,44.358,"Class2",86.595,52.411,69.853,23.452,"U",66.732,24
53.296,57.271,"Class2",87.002,33.127,66.686,13.568,"I",68.998,28
44.594,58.742,"Class3",49.121,56.19,27.353,85.708,"E",39.438,83
53.669,29.571,"Class2",86.97,60.019,69.334,11.882,"H",62.185,48
21.168,75.655,"Class1",45.46,98.221,15.601,7.479,"X",60.519,4
20.388,NA,"Class1",57.767,63.872,41.831,7.499,"Y",35.422,10
19.499,29.965,"Class1",30.226,61.25,25.208,7.8,"X",2.181,3
38.263,12.462,"Class2",86.628,25.169,65.439,17.125,"H",52.752,39
20.711,31.421,"Class1",64.734,92.556,34.131,7.501,"C",63.2,34
19.281,62.189,"Class1",59.036,81.384,22.043,7.913,"S",30.464,15
17.642,44.025,"Class1",55.22,107.776,20.486,7.788,"Y",43.506,6
32.731,5.004,"Class2",86.612,28.586,66.729,13.475,"U",60.649,25
50.728,78.887,"Class3",32.037,67.717,83.567,85.727,"Z",17.061,88
33.188,17.45,"Class2",87.227,-14.369,70.687,16.793,"I",76.735,30
41.744,59.354,"Class2",86.577,18.503,70.642,20.939,"U",52.672,48
33.719,21.435,"Class2",86.838,32.764,71.183,24.06,"U",64.373,23
34.881,74.459,"Class2",85.879,23.433,71.284,22.981,"I",56.334,40
19.676,41.365,"Class1",56.985,59.748,35.399,7.345,"N",45.207,45
37.516,16.012,"Class2",87.938,53.529,63.776,19.252,"J",66.645,52
48.506,95.442,"Class3",42.594,39.513,59.664,85.732,"E",40.716,86
47.183,62.032,"Class3",16.435,38.403,82.757,85.33,"Z",38.223,89
44.561,75.918,"Class3",5.812,54.944,52.564,85.17,"V",45.198,84
46.331,51.541,"Class3",28.671,64.551,75.9,85.519,"V",32.608,85
46.614,65.625,"Class3",19.705,54.791,97.576,85.332,"E",47.639,80
22.438,66.418,"Class1",78.279,69.664,17.047,7.325,"X",25.89,49
48.316,51.608,"Class3",13.795,38.037,77.966,85.323,"Y",54.852,85
48.172,67.416,"Class3",25.251,48.178,83.534,85.7,"Y",37.074,84
49.252,72.651,"Class3",32.028,54.774,57.223,85.711,"Y",39.154,89
21.093,22.219,"Class1",64.95,75.324,38.801,8.172,"Y",21.729,21
22.283,17.33,"Class1",56.366,89.361,18.298,7.415,"N",43.234,41
18.426,85.168,"Class1",43.186,74.191,33.667,7.475,"X",29.612,16
47.761,84.72,"Class3",19.051,39.307,57.779,85.846,"E",33.396,81
18.804,31.211,"Class1",18.215,64.828,NA,7.71,"X",50.408,37
53.054,4.807,"Class2",86.444,44.372,67.578,22.145,"I",75.867,25
47.505,34.292,"Class2",87.555,33.937,69.898,13.578,"U",54.253,44
46.502,NA,"Class3",39.608,40.638,88.506,85.74,"R",51.62,79
20.421,21.332,"Class1",41.643,85.802,44.279,7.642,"N",50.278,34
53.956,51.148,"Class2",87.457,28.208,66.165,24.485,"I",74.479,52
38.49,6.818,"Class2",86.608,36.949,62.94,13.442,"M",79.818,23
20.908,50.865,"Class1",50.519,98.305,42.39,7.006,"N",33.011,37
22.772,72.611,"Class1",66.071,65.863,46.371,6.946,"X",33.019,19
50.656,NA,"Class3",38.439,41.501,61.585,85.481,"E",24.478,87
18.048,49.055,"Class1",60.203,100.14,20.031,7.629,"S",20.182,32
46.636,51.206,"Class2",86.538,38.392,68.317,12.289,"M",74.684,36
50.254,47.095,"Class2",87.086,30.672,70.728,18.924,"I",76.946,42
19.826,67.835,"Class1",30.58,91.237,28.686,7.041,"C",4.709,46
18.316,72.121,"Class1",12.762,87.218,35.097,7.866,"Y",19.649,31
31.003,3.002,"Class2",86.586,34.221,70.251,23.699,"I",53.491,26
20.33,67.881,"Class1",33.428,72.02,69.528,6.91,"S",39.626,38
34.187,24.814,"Class2",86.584,16.184,65.852,10.953,"U",60.832,46
21.758,45.233,"Class1",46.998,90.545,16.438,7.672,"N",5.241,34
50.641,87.067,"Class3",38.553,47.209,21.322,85.744,"E",28.896,87
51.283,72.697,"Class3",52.716,54.261,49.722,85.583,"V",29.237,89
31.936,12.655,"Class2",87.653,47.647,64.44,29.483,"I",68.472,43
30.591,25.641,"Class2",86.347,45.315,62.972,17.424,"J",56.484,26
20.356,57.856,"Class1",52.339,50.656,25.125,7.507,"S",67.818,25
34.345,NA,"Class2",87.145,30.789,64.892,24.615,"U",78.778,49
52.288,61.9,"Class2",87.116,33.458,71.381,12.353,"J",77.028,36
51.565,56.029,"Class2",86.802,26.596,70.797,13.945,"J",78.125,31
45.446,73.235,"Class3",41.723,62.371,46.625,84.761,"Y",16.569,84
50.442,86.212,"Class3",29.534,52.428,54.4,85.855,"V",48.193,87
45.565,39.635,"Class2",86.731,33.844,64.405,20.269,"H",73.102,39
44.789,51.972,"Class3",54.959,46.013,14.588,84.911,"V",16.625,81
46.282,84.471,"Class3",42.059,55.851,68.346,85.484,"R",35.326,84
48.149,74.808,"Class3",43.984,61.471,113.088,85.902,"Y",43.274,83
32.671,55.039,"Class2",86.829,18.095,67.917,25.591,"J",60.984,26
17.223,47.16,"Class1",47.541,64.669,26.052,8.032,"Y",59.416,44
21.755,17.2,"Class1",66.717,65.975,15.327,7.593,"C",39.556,38
37.407,81.809,"Class2",86.631,40.238,67.505,12.986,"M",52.234,49
51.38,60.913,"Class3",28.469,66.464,29.054,85.264,"V",23.122,81
53.199,24.47,"Class2",87.035,31.276,72.904,28.628,"I",70.894,50
21.868,25.145,"Class1",62.318,72.372,NA,8.007,"S",6.451,38
51.818,66.337,"Class3",54.224,39.223,94.586,85.541,"E",26.705,86
21.981,44.145,"Class1",86.317,81.723,0.595,7.449,"C",65.535,6
45.455,87.806,"Class3",25.812,54.368,78.732,85.14,"Z",21.041,89
52.84,55.068,"Class3",73.584,54.917,47.356,85.276,"V",38.402,87
19.175,21.603,"Class1",77.979,53.006,24.296,7.338,"Y",43.924,8
30.486,3.654,"Class2",86.301,46.327,62.352,18.138,"J",77.516,40
50.85,81.481,"Class3",17.856,38.932,12.994,85.258,"E",16.146,89
17.753,78.556,"Class1",44.604,90.927,16.005,7.278,"S",45.301,35
18.465,25.691,"Class1",49.5,89.054,35.35,7.176,"N",54.508,6
48.838,60.128,"Class2",87.892,26.224,69.562,19.497,"M",77.921,44
34.418,43.583,"Class2",86.621,30.404,65.977,21.655,"M",70.248,27
39.38,82.473,"Class2",87.168,46.308,61.83,18.12,"U",60.369,50
52.724,83.319,"Class3",35.491,52.626,46.07,84.965,"E",43.725,89
51.927,81.131,"Class3",47.338,54.622,68.161,86.136,"Z",20.367,84
45.795,52.87,"Class3",15.356,41.253,13.768,85.219,"V",22.054,78
49.787,54.006,"Class3",17.05,53.606,61.956,84.803,"V",20.726,83
19.521,67.898,"Class1",61.21,50.77,6.693,7.776,"S",7.432,35
21.595,75.179,"Class1",41.304,86.335,-1.78,7.546,"X",4.566,49
54.786,75.408,"Class2",87.666,11.924,68.79,12.682,"I",76.926,38
18.958,59.949,"Class1",24.788,67.032,67.429,7.689,"C",56.461,12
35.174,66.504,"Class2",87.214,25.658,67.524,11.207,"H",53.785,25
22.222,62.325,"Class1",8.399,67.417,50.079,7.233,"S",58.844,22
52.001,52.411,"Class3",55.767,53.203,NA,86.098,"E",21.357,88
46.057,27.183,"Class2",86.36,35.8,63.053,17.507,"U",63.007,36
45.643,80.734,"Class3",20.688,36.443,67.246,85.459,"Z",49.018,78
49.87,89.598,"Class3",28.762,56.131,95.073,84.861,"Z",23.837,80
32.016,12.539,"Class2",86.849,36.497,62.341,31.956,"I",65.293,22
34.849,47.094,"Class2",86.916,27.886,70.176,26.572,"I",75.757,42
21.23,62.068,"Class1",48.804,48.149,7.458,7.877,"X",35.533,28
21.643,16.648,"Class1",33.882,95.936,38.379,6.833,"N",35.654,41
40.755,17.984,"Class2",87.086,24.877,67.78,19.771,"U",61.306,38
32.341,60.946,"Class2",86.777,35.386,64.739,25.117,"H",60.145,38
19.805,26.35,"Class1",35.005,85.354,44.838,7.256,"X",48.731,35
20.034,NA,"Class1",26.757,64.02,20.58,7.773,"C",38.73,2
51.73,75.69,"Class3",38.132,41.172,43.84,86.049,"E",40.068,81
53.359,9.899,"Class2",86.327,7.25,70.357,20.336,"J",55.849,24
17.566,77.315,"Class1",38.975,104.488,21.791,7.665,"C",26.694,34
21.11,83.426,"Class1",55.594,71.712,27.463,7.158,"Y",55.938,2
31.605,26.112,"Class2",87.035,26.062,67.247,22.949,"J",78.191,52
52.464,73.443,"Class3",20.481,47.139,74.539,85.476,"V",52.495,84
20.72,48.192,"Class1",47.954,75.683,38.072,7.597,"Y",39.947,14
47.553,46.197,"Class2",87.617,47.789,66.877,27.384,"M",77.112,25
18.493,33.446,"Class1",63.516,53.802,45.21,7.222,"S",8.697,16
17.293,60.166,"Class1",76.863,88.345,10.687,6.517,"S",64.856,30
47.56,56.138,"Class2",87.348,16.508,61.153,17.299,"M",73.917,47
48.734,69.9,"Class2",86.193,42.925,66.586,25.078,"U",74.384,52
49.697,70.357,"Class3",10.748,61.062,NA,85.542,"E",32.789,88
43.2,10.374,"Class2",86.618,36.969,64.88,27.751,"H",75.098,38
46.806,68.583,"Class2",86.19,42.539,65.668,16.005,"H",70.674,40
17.013,77.989,"Class1",39.32,79.937,18.478,7.453,"S",7.487,11
48.259,54.769,"Class3",35.77,54.524,69.425,85.398,"V",49.267,84
52.151,14.746,"Class2",87.009,33.196,66.62,10.624,"M",71.282,30
36.261,21.984,"Class2",87.001,19.935,65.847,15.268,"H",74.715,29
19.863,62.048,"Class1",38.293,51.604,62.196,7.501,"X",59.365,19
19.967,62.35,"Class1",50.831,82.997,23.135,7.805,"S",64.415,9
44.446,53.515,"Class3",20.671,55.26,73.483,85.307,"Z",38.979,85
42.527,9.535,"Class2",86.729,41.133,67.737,31.547,"U",58.823,38
35.89,13.262,"Class2",86.501,23.096,64.28,14.913,"I",67.212,22
17.927,26.73,"Class1",33.691,79.053,32.181,7.552,"Y",47.691,27
43.668,59.144,"Class2",86.933,45.929,NA,13.392,"I",62.303,37
45.777,68.315,"Class2",87.918,49.683,68.965,21.45,"J",53.528,41
21.379,39.915,"Class1",3.931,72.328,15.61,7.791,"X",47.268,41
38.448,7.434,"Class2",86.608,28.679,62.404,18.788,"H",66.949,48
47.479,77.805,"Class3",43.042,55.154,58.609,85.264,"Y",34.6,78
19.178,80.021,"Class1",50.566,65.662,NA,7.373,"N",64.116,22
30.917,38.34,"Class2",86.299,40.457,65.398,17.307,"U",68.853,39
43.522,67.154,"Class3",22.211,49.002,60.773,86.048,"E",23.019,82
22.756,36.002,"Class1",79.119,71.647,5.548,7.417,"C",10.608,16
32.863,38.906,"Class2",87.14,18.036,NA,25.719,"M",72.171,49
46.762,11.59,"Class2",87.119,27.709,66.873,19.072,"J",77.878,38
19.861,36.428,"Class1",8.71,86.686,33.715,7.428,"C",50.787,23
20.785,46.892,"Class1",108.096,91.536,20.572,7.665,"S",66.696,19
47.312,62.089,"Class3",11.823,69.925,70.445,85.556,"Z",29.031,82
44.35,1.75,"Class2",86.937,35.457,70.403,14.057,"U",67.225,29
45.657,59.834,"Class3",37.443,47.985,56.236,85.665,"R",49.456,85
22.533,16.744,"Class1",34.626,52.236,22.482,7.79,"N",43.337,13
51.469,78.101,"Class3",-4.435,54.252,61.326,85.855,"V",19.682,78
17.286,69.363,"Class1",15.663,81.862,49.595,7.967,"N",16.297,7
24.089,64.617,"Class2",87.682,38.838,65.853,18.115,"U",65.8,49
21.08,66.733,"Class1",10.101,69.834,33.242,7.96,"C",11.239,39
45.503,51.054,"Class3",55.602,49.757,46.326,85.539,"Y",29.931,84
47.912,53.102,"Class2",86.133,51.786,66.733,17.311,"I",57.46,28
43.974,11.781,"Class2",87.188,32.664,61.71,6.656,"J",75.801,44
22.877,69.348,"Class1",49.163,60.864,50.435,7.475,"N",36.32,36
50.761,90.145,"Class3",29.468,44.098,119.781,85.732,"Z",46.746,79
51.104,61.443,"Class3",21.103,45.278,72.758,85.48,"Z",41.603,78
17.192,32.716,"Class1",93.57,71.993,30.141,7.345,"N",21.063,16
47.979,85.39,"Class3",31.486,64.982,68.992,85.448,"E",23.815,86
38.593,26.999,"Class2",87.908,37.69,59.902,15.469,"I",57.823,49
38.319,34.051,"Class2",87.378,10.498,NA,26.092,"M",76.846,25
22.989,33.554,"Class1",16.377,84.388,23.636,7.645,"C",29.911,12
49.376,6.258,"Class2",86.273,27.786,66.105,15.709,"U",75.003,39
21.632,29.484,"Class1",44.555,82.535,10.862,6.884,"S",11.652,48
51.831,65.686,"Class3",35.058,41.036,65.807,84.938,"V",39.225,86
49.384,58.437,"Class3",25.516,68.982,57.502,85.055,"E",45.999,87
49.223,52.352,"Class3",35.074,67.423,102.622,85.36,"Z",38.053,82
46.927,8.071,"Class2",86.548,21,66.661,13.539,"U",79.125,46
19.408,70.564,"Class1",19.938,31.271,38.741,7.667,"N",31.83,26
51.924,64.803,"Class3",12.149,69.529,43.566,85.943,"Y",31.96,83
26.776,11.177,"Class2",88.044,41.012,73.391,7.766,"J",75.862,45
19.473,61.813,"Class1",81.824,36.706,50.94,7.928,"N",48.257,25
36.341,NA,"Class2",86.868,29.657,67.743,17.717,"H",76.503,50
24.185,52.727,"Class2",86.697,24.416,67.517,17.614,"J",55.36,41
20.027,41.325,"Class1",26.888,87.073,19.872,7.157,"C",54.863,27
20.912,73.636,"Class1",59.485,60.55,31.493,7.169,"Y",35.039,40
49.642,62.628,"Class3",8.657,74.824,39.319,85.798,"E",25.509,83
26.305,11.411,"Class2",87.136,34.812,66.222,20.21,"U",64.634,22
34.802,43.341,"Class2",87.425,35.829,65.246,17.84,"I",55.5,26
19.427,70.381,"Class1",58.364,55.682,40.015,7.301,"X",37.867,37
47.091,78.739,"Class3",16.287,32.996,69.284,85.048,"Z",44.745,84
19.36,28.9,"Class1",35.858,65.047,NA,7.312,"X",31.245,22
22.765,51.496,"Class1",16.626,79.192,15.392,7.428,"S",63.265,45
44.069,30.297,"Class2",86.036,8.317,64.537,11.495,"U",79.205,22
52.679,71.293,"Class3",26.493,61.081,60.606,85.816,"R",24.19,88
54.104,58.504,"Class2",85.909,45.945,66.155,17.512,"J",68.703,46
45.15,79.275,"Class3",23.565,44.186,78.639,85.724,"Y",26.51,86
29.135,5.131,"Class2",88.105,29.075,65.304,16.005,"M",55.903,39
43.277,NA,"Class3",16.358,70.146,77.236,85.983,"V",26.713,78
52.351,75.158,"Class3",21.855,75.272,36.595,85.51,"Z",27.07,79
28.164,1.756,"Class2",86.013,37.056,67.981,15.392,"I",58.81,29
50.289,64.862,"Class3",48.931,38.04,46.714,85.122,"R",29.629,78
21.967,36.817,"Class1",57.29,51.944,46.164,7.492,"S",61.275,21
19.159,80.934,"Class1",43.686,74.68,31.274,7.625,"X",40.546,21
43.773,15.405,"Class2",87.138,48.789,63.821,23.125,"U",57.413,51
48.069,74.327,"Class3",24.84,31.619,67.644,85.164,"E",18.251,89
41.128,56.861,"Class2",88.013,12.058,64.511,17.9,"M",59.343,44
48.628,76.248,"Class3",42.44,46.26,63.953,85.041,"Y",19.582,80
30.7,11.046,"Class2",85.678,22.861,74.065,19.689,"H",60.364,48
44.199,73.122,"Class3",95.568,71.753,46.928,85.101,"R",34.819,78
52.085,94.378,"Class3",7.597,51.664,64.022,85.157,"Y",36.98,81
21.4,31.064,"Class1",41.391,104.122,31.54,8.011,"Y",50.723,17
45.096,25.814,"Class2",86.936,25.14,69.14,15.248,"J",67.799,28
18.886,41.728,"Class1",21.51,56.868,NA,7.723,"C",9.716,44
49.34,57.272,"Class3",14.815,60.333,65.661,85.176,"Y",44.277,81
49.462,67.73,"Class3",15.079,46.413,81.326,85.678,"Y",24.182,86
48.388,NA,"Class3",12.301,65.452,66.95,85.584,"V",26.763,85
48.138,59.721,"Class3",14.587,50.008,40.923,85.291,"R",22.159,79
36.284,58.769,"Class2",87.232,41.372,69.17,7.803,"H",74.453,33
17.563,24.446,"Class1",29.648,44.597,NA,7.876,"N",33.947,6
19.289,43.13,"Class1",28.417,78.769,26.719,7.507,"Y",12.467,4
22.353,26.784,"Class1",46.475,82.063,29.552,7.658,"S",44.839,30
49.853,15.071,"Class2",87.156,31.849,NA,13.521,"M",72.313,36
35.882,69.255,"Class2",87.825,23.85,63.473,14.931,"H",77.263,44
32.323,80.394,"Class2",87.915,37.669,60.83,1.696,"I",66.102,32
22.213,34.319,"Class1",5.024,65.486,72.438,7.69,"C",16.29,11
36.502,67.838,"Class2",86.879,21.403,67.318,17.167,"I",74.598,29
44.727,85.975,"Class3",37.141,58.417,52.136,85.547,"Z",51.299,88
45.275,85.137,"Class3",30.806,51.058,53.001,85.848,"E",36.152,82
52.149,36.726,"Class2",87.134,36.041,64.923,8.851,"M",54.687,31
52.414,66.212,"Class3",30.735,44.974,79.441,85.559,"E",35.51,78
48.294,50.936,"Class2",87.228,17.465,71.199,12.895,"U",61.195,36
44.103,NA,"Class2",86.912,36.449,65.262,17.497,"H",66.5,25
17.702,57.03,"Class1",76.18,60.688,56.12,7.6,"X",50.185,19
17.447,21.003,"Class1",27.643,32.592,54.835,7.214,"S",14.272,38
47.355,36.413,"Class2",88.064,42.006,63.239,14.054,"J",77.052,44
45.867,89.912,"Class3",25.221,71.461,66.198,85.469,"E",30.383,83
17.912,41.266,"Class1",48.974,59.281,42.119,7.954,"S",11.685,11
50.204,80.898,"Class3",9.658,67.412,66.395,85.463,"E",33.762,88
