"VRI1","Output5","TNI2","NSM3","YUZ4","ESZ5","EUQ6","KCV7","GVU8","HPF9","MSC10","PKX11"
86.322,"Class2","H",71.243,62.098,15.42,3.001,"T",58.652,10.907,56,83.298
55.939,"Class1","S",25.714,30.095,44.348,53.096,"Q",43.838,23.097,23,61.614
51.375,"Class2","H",74.407,33.374,34.219,1.937,"T",48.32,41.761,74,65.428
63.601,"Class1","W",9.13,73.084,47.829,52.716,"M",49.268,10.134,16,66.901
26.827,"Class1","S",25.156,66.995,45.462,33.444,"U",40.742,15.415,23,43.813
81.635,"Class2","B",85.115,77.216,49.317,3.11,"G",40.181,16.102,65,54.126
45.097,"Class3","Q",38.774,48.259,81.953,6.138,"B",11.746,79.229,52,56.714
NA,"Class1","S",9.327,28.841,41.49,44.866,"Q",39.383,10.483,18,21.694
52.485,"Class2","W",45.646,88.27,30.029,0.785,"E",60.801,17.049,68,55.095
84.692,"Class3","S",26.592,40.148,76.306,17.892,"P",7.333,76.224,65,53.957
93.716,"Class2","B",61.972,85.709,35.95,4.126,"Q",58.326,3.487,76,87.001
30.053,"Class3","Q",30.183,36.939,90.967,12.764,"X",23.454,64.105,58,35.823
48.482,"Class2","B",94.172,62.731,41.294,3.909,"B",41.929,5.262,69,88.091
48.312,"Class2","R",71.679,72.762,17.878,1.142,"E",68.547,47.151,52,79.266
81.33,"Class2","H",88.477,95.271,31.308,3.567,"G",96.088,48.273,59,62.244
59.402,"Class3","U",30.676,48.136,83.818,7.9,"A",10.22,77.054,55,50.51
32.622,"Class3","U",30.858,44.614,81.02,11.128,"B",29.042,92.947,57,57.376
53.104,"Class1","W",26.547,12.793,42.413,31.792,"N",38.602,17.354,18,50.211
85.99,"Class2","W",52.965,55.604,23.854,2.146,"B",90.385,9.486,52,58.271
72.473,"Class2","R",61.71,35.776,31.974,3.336,"Q",74.399,28.61,75,80.134
49.544,"Class3","Q",25.542,31.838,90.729,7.561,"I",19.293,85.721,54,56.157
84.681,"Class3","S",23.156,28.201,101.363,17.647,"X",26.088,86.363,69,58.468
66.011,"Class1","L",2.863,28.424,44.398,56.257,"M",46.92,25.304,19,50.745
77.914,"Class3","U",24.541,26.55,85.696,7.823,"I",26.006,77.067,59,41.288
29.081,"Class3","S",20.127,37.43,85.065,11.851,"I",24.129,68.377,67,45.405
43.987,"Class1","S",22.188,38.863,43.592,46.342,"M",27.148,12.117,22,22.136
14.029,"Class3","G",29.859,33.528,76.884,12.382,"A",13.33,96.436,65,45.508
65.006,"Class2","W",43.481,63.265,29.885,0.881,"G",9.409,40.194,68,77.842
31.029,"Class1","W",14.363,28.623,48.729,50.594,"N",49.788,28.017,14,11.068
52.529,"Class1","T",16.645,75.879,40.316,50.562,"U",31.115,7.895,22,2.098
78.505,"Class3","Q",28.589,34.901,89.912,17.934,"I",13.468,75.36,52,50.374
76.304,"Class2","R",94.229,35.945,34.136,3.362,"Q",56.587,30.117,74,55.72
NA,"Class3","G",31.345,30.481,85.695,13.205,"P",28.072,72.315,53,41.086
69.357,"Class2","B",78.723,70.007,34.206,2.798,"B",-17.279,-6.292,53,68.382
67.524,"Class2","W",NA,92.469,36.98,3.353,"B",18.636,22.287,61,57.035
30.712,"Class1","S",24.968,46.554,44.613,29.803,"N",41.392,13.151,17,25.814
69.481,"Class2","B",52.075,56.566,28.385,2.096,"E",95.879,12.699,75,71.335
73.523,"Class2","U",NA,87.362,28.037,2.801,"E",51.91,9.297,78,68.286
56.31,"Class2","H",49.84,33.561,33.155,5.01,"G",64.768,30.545,73,66.218
64.394,"Class1","W",24.279,29.782,49.582,63.793,"X",51.621,-0.801,21,26.932
68.653,"Class1","X",15.319,28.587,45.994,53.322,"X",47.559,10.1,22,8.961
51.9,"Class3","U",29.605,28.661,92.025,7.219,"X",11.717,82.697,67,63.82
27.873,"Class1","S",11.884,21.657,38.495,47.106,"Q",32.695,11.65,18,68.187
69.046,"Class2","W",72.382,17.75,44.093,3.908,"B",72.613,30.836,59,77.306
74.502,"Class2","R",71.102,71.803,21.26,4.165,"Q",42.865,18.389,62,69.062
24.172,"Class1","X",13.989,53.369,46.539,56.513,"M",43.209,20.735,20,20.916
26.312,"Class1","L",5.067,42.26,40.664,63.466,"N",37.452,0.994,22,23.892
77.011,"Class3","G",35.416,46.653,88.077,14.863,"A",19.797,86.291,61,61.25
10.426,"Class3","S",29.894,46.527,79.272,12.48,"A",16.989,67.82,63,33.274
78.786,"Class3","U",22.465,30.423,80.734,10.258,"P",18.458,72.011,53,46.457
49.043,"Class2","U",86.339,66.86,24.599,3.759,"Q",39.734,34.953,78,78.71
27.228,"Class1","T",2.239,67.026,44.889,53.217,"U",24.86,17.005,23,56.37
61.888,"Class2","B",80.232,84.456,28.933,2.045,"B",-9.624,32.967,68,88.745
75.268,"Class2","B",56.051,79.028,30.069,2.397,"T",47.024,22.54,58,55.67
34.666,"Class3","S",20.608,51.7,95.914,21.267,"P",27.626,83.955,54,60.517
69.185,"Class2","U",89.536,89.635,42.479,2.954,"B",57.548,27.441,54,73.927
60.458,"Class3","U",21.985,34.806,86.589,16.059,"B",18.429,78.746,52,44.577
84.086,"Class2","B",75.268,91.791,39.427,2.527,"Q",20.718,2.933,73,88.665
66.304,"Class2","H",94.144,31.88,27.549,2.277,"G",98.735,38.466,53,57.64
20.783,"Class1","L",23.806,43.833,45.033,47.9,"N",35.807,21.091,23,22.776
21.769,"Class1","S",3.098,9.535,47.788,38.078,"N",34.093,0.065,19,39.697
73.956,"Class2","R",77.526,40.283,25.604,2.274,"B",54.506,0.513,67,82.69
26.099,"Class1","X",18.946,33.233,49.64,45.695,"Q",52.147,28.136,17,17.246
77.57,"Class2","B",57.601,34.106,23.61,2.965,"E",75.473,28.858,80,81.21
87.803,"Class3","G",27.632,31.875,88.574,12.445,"I",12.164,64.901,54,32.247
47.362,"Class1","W",14.18,44.945,39.539,65.448,"U",38.538,19.909,14,59.777
77.321,"Class2","R",49.162,57.652,25.336,2.525,"T",55.682,10.072,66,59.088
28.292,"Class3","G",30.86,41.447,84.498,5.313,"A",38.034,85.114,52,33.65
95.874,"Class2","H",72.363,56.504,15.04,5.726,"G",65.587,12.741,74,82.04
22.596,"Class1","W",11.67,24.679,44.9,54.259,"Q",64.736,-8.317,17,37.969
22.84,"Class1","W",NA,78.321,43.231,50.621,"N",43.078,30.917,16,33.587
69.234,"Class2","R",43.282,86.547,30.619,2.989,"G",59.908,21.294,56,66.591
76.808,"Class2","H",85.187,82.14,16.723,1.658,"E",56.73,28.442,51,85.099
57.471,"Class2","H",72.079,90.383,34.924,2.15,"E",62.929,36.576,71,81.392
23.042,"Class1","S",27.587,49.973,44.829,50.023,"U",29.251,-1.261,18,9.408
68.403,"Class1","W",26.125,22.728,44.023,36.2,"X",50.743,31.098,19,22.822
45.515,"Class3","U",26.113,26.24,89.266,18.743,"P",17.582,73.287,51,41.676
50.656,"Class1","L",31.202,55.432,44.69,46.123,"U",44.275,22.439,14,62.535
45.957,"Class1","L",25.519,77.545,42.339,59.08,"N",42.186,16.297,18,22.049
75.247,"Class3","G",26.482,53.737,89.605,11.08,"X",19.443,64.006,55,60.627
26.036,"Class1","L",27.884,57.818,44.407,58.013,"N",42,10.259,16,75.649
79.843,"Class2","R",75.309,65.256,35.295,2.236,"G",78.492,14.963,75,87.786
70.054,"Class2","W",92.941,16.512,26.022,2.755,"B",51.409,24.641,67,87.945
90.873,"Class2","R",86.579,73.983,27.922,1.473,"E",61.488,22.377,67,80.863
NA,"Class1","T",29.231,17.607,43.018,59.599,"Q",46.228,2.814,21,25.012
19.436,"Class1","S",9.537,69.095,41.369,85.455,"Q",39.793,0.741,15,11.214
37.104,"Class3","S",29.545,41.764,77.929,20.352,"I",27.435,67.565,62,38.117
51.95,"Class2","U",64.567,77.926,11.965,4.434,"G",14.557,24.797,77,77.137
45.26,"Class3","A",35.32,42.064,85.399,6.672,"A",23.111,72.108,67,50.585
81.479,"Class3","U",34.745,30.119,84.665,15.369,"A",19.98,81.612,63,59.152
36.255,"Class1","W",27.348,68.205,46.616,55.089,"M",41.703,19.5,20,20.985
48.543,"Class3","Q",37.335,32.128,84.351,10.353,"P",25.588,69.834,63,64.467
62.264,"Class3","S",37.732,31.727,97.305,8.898,"I",16.931,60.7,64,64.267
72.025,"Class3","A",26.641,30.23,88.158,14.54,"A",25.514,73.778,54,48.139
59.079,"Class2","U",49.783,64.797,47.996,0.979,"Q",57.758,28.817,60,78.108
74.599,"Class2","U",65.335,47.548,17.871,3.831,"Q",59.285,28.434,49,58.861
51.083,"Class3","G",NA,26.475,89.869,12.943,"I",18.975,70.107,53,42.665
15.585,"Class1","T",9.846,15.534,45.483,61.713,"Q",38.932,45.012,21,64.807
69.218,"Class3","A",31.79,53.347,89.119,4.079,"P",11.565,85.086,57,39.523
78.964,"Class3","U",26.512,38.306,76.238,12.573,"X",10.78,81.027,65,33.401
66.051,"Class2","B",83.409,73.754,14.665,2.101,"B",10.249,36.319,57,71.303
21.658,"Class3","A",27.132,34.792,93.672,12.418,"P",19.767,82.34,57,61.092
19.876,"Class1","S",9.716,7.517,43.87,42.065,"X",20.4,28.25,20,40.747
57.264,"Class2","U",87.633,21.617,39.735,4.586,"T",10.836,20.495,76,60.514
86.106,"Class2","R",92.912,94.437,20.929,2.075,"G",57.372,25.899,75,60.276
62.629,"Class3","A",37.62,30.386,84.688,16.025,"A",13.983,75.667,65,37.596
14.845,"Class3","S",25.761,45.571,87.783,6.884,"A",15.041,76.778,63,34.211
71.143,"Class3","U",38.441,45.679,82.274,6.038,"X",7.077,66.311,67,38.26
22.973,"Class3","G",23.777,55.88,89.654,16.867,"X",15.122,77.729,68,38.758
69.076,"Class2","H",66.073,74.511,24.552,4.112,"T",6.108,26.771,77,70.533
95.91,"Class2","B",43.726,96.107,1.181,2.901,"Q",80.034,12.763,56,71.155
70.414,"Class3","U",28.19,50.95,76.065,12.285,"A",26.329,69.417,63,43.064
93.728,"Class2","W",85.94,88.574,36.062,3.313,"T",46.264,11.553,66,71.978
23.853,"Class3","U",35.619,45.768,91.607,18.282,"X",8.523,77.127,66,51.58
10.485,"Class1","S",14.334,55.604,45.182,49.415,"Q",30.651,22.091,21,14.454
85.854,"Class2","H",60.756,22.047,40.393,0.381,"T",50.22,16.133,67,64.262
92.507,"Class2","U",86.397,66.885,27.1,3.874,"G",7.943,19.73,63,70.823
26.741,"Class1","X",4.655,61.677,49.104,57.91,"Q",51.657,13.223,16,8.289
80.881,"Class2","R",91.31,79.141,21.127,3.656,"Q",58.942,16.744,74,81.317
25.496,"Class1","T",5.196,31.099,45.465,55.853,"M",53.438,19.069,15,30.525
29.192,"Class1","T",30.612,42.001,47.705,72.037,"U",32.526,5.52,18,20.066
41.524,"Class1","X",17.919,9.07,46.293,53.14,"U",25.617,5.755,22,54.161
78.475,"Class2","H",51.323,79.104,37.216,1.302,"B",35.276,-3.23,75,64.299
88.716,"Class3","S",38.412,49.19,89.753,6.563,"P",17.275,76.429,61,43.29
47.884,"Class2","U",74.783,24.661,22.348,3.002,"B",18.197,13.518,68,82.619
71.451,"Class2","R",56.252,58.974,18.38,3.646,"T",98.606,31.66,76,78.146
42.076,"Class3","S",39.144,30.54,81.726,11.956,"I",22.752,77.613,65,58.729
60.186,"Class2","W",87.247,52.592,40.231,1.629,"B",17.015,24.11,64,77.967
47.479,"Class1","W",NA,48.367,45.037,74.852,"Q",48.753,9.251,18,34.63
44.301,"Class1","L",25.302,36.792,39.152,33.722,"U",49.851,16.478,21,62.977
NA,"Class2","W",66.042,62.911,31.212,2.958,"T",94.142,30.351,54,79.128
80.735,"Class2","B",59.31,72.018,24.837,2.398,"B",80.001,12.233,55,61.504
95.252,"Class2","B",69.781,80.242,28.624,3.504,"B",64.722,19.963,67,69.967
91.297,"Class2","W",43.356,18.551,24.721,3.576,"Q",80.742,32.381,78,75.714
33.283,"Class1","W",8.354,55.155,46.693,46.264,"N",48.413,11.307,16,72.808
66.28,"Class2","U",NA,34.24,15.201,3.276,"E",48.229,27.939,61,62.568
24.617,"Class1","W",8.139,63.703,46.74,43.506,"X",52.462,-4.693,19,50.524
NA,"Class3","A",27.115,34.529,90.46,13.666,"P",32.527,86.69,59,43.688
30.339,"Class3","A",39.818,34.717,93.49,16.135,"X",23.101,69.318,60,58.186
64.475,"Class2","U",90.235,25.994,44.049,2.447,"Q",109.88,31.793,73,62.593
29.807,"Class3","Q",NA,34.512,94.798,12.317,"I",22.603,79.276,68,55.971
40.229,"Class1","W",28.979,37.881,45.746,65.765,"M",42.522,4.63,16,48.536
23.488,"Class1","L",12.645,48.492,47.638,65.184,"Q",44.327,21,17,76.364
12.285,"Class1","S",6.382,40.058,43.131,46.157,"X",44.43,21.934,14,37.281
88.297,"Class3","A",26.098,33.902,87.168,18.209,"P",20.969,72.956,52,42.311
86.221,"Class2","U",44.941,25.569,25.721,1.906,"Q",47.815,26.587,58,81.123
41.004,"Class3","Q",21.967,40.308,92.225,8.347,"P",25.003,95.768,51,33.425
48.807,"Class2","W",48.495,47.261,30.814,3.093,"Q",69.345,26.397,79,74.572
68.608,"Class2","H",52.047,17.541,7.477,1.661,"Q",87.121,20.785,63,56.271
76.759,"Class3","S",38.588,42.594,73.845,14.799,"P",23.126,77.796,65,48.976
55.074,"Class1","S",12.828,10.839,46.194,29.182,"Q",49.355,16.185,23,34.68
62.466,"Class2","H",83.188,25.591,31.93,4.807,"E",49.268,35.665,64,73.84
23.08,"Class1","X",14.681,25.346,45.51,32.813,"X",30.408,17.928,17,30.809
53.385,"Class2","U",82.707,26.209,10.562,1.616,"Q",37.45,27.423,72,54.526
68.265,"Class1","X",9.638,7.717,42.388,43.821,"M",45.752,20.434,23,64.868
55.052,"Class2","H",NA,94.867,38.214,2.568,"E",30.427,37.512,52,70.454
77.89,"Class2","U",70.247,40.834,49.878,3.179,"T",9.944,42.717,52,87.251
81.858,"Class2","H",88.816,66.305,15.366,4.265,"Q",81.849,49.481,63,85.88
NA,"Class3","U",20.936,35.494,85.815,4.779,"A",31.119,64.293,60,37.104
24.102,"Class3","A",20.789,56.878,80.809,13.187,"P",21.891,68.561,67,43.939
51.339,"Class2","W",91.608,48.585,28.454,2.926,"E",80.937,23.995,75,58.679
74.905,"Class3","S",34.452,50.393,87.777,12.006,"B",15.439,68.965,53,42.593
44.503,"Class1","L",9.325,44.591,42.025,29.41,"N",30.387,16.989,19,6.037
84.511,"Class3","G",22.707,44.659,82.217,10.03,"P",16.106,74.69,54,41.872
60.813,"Class2","W",88.192,63.644,1.894,3.117,"E",51.997,29.841,49,84.915
86.844,"Class3","G",20.177,29.223,84.421,4.414,"X",20.904,80.714,55,35.71
NA,"Class2","H",70.964,26.216,35.401,3.127,"G",58.301,35.81,52,67.765
73.952,"Class3","G",29.409,26.967,85.031,15.707,"P",21.963,86.704,63,61.614
61.936,"Class3","U",27.814,38.911,88.954,10.287,"A",17.028,76.042,55,52.132
55.961,"Class2","U",60.955,40.092,25.648,6.114,"B",55.34,32.074,79,64.992
54.362,"Class2","B",44.619,40.374,7.189,2.763,"G",30.696,3.1,64,65.836
68.148,"Class1","W",24.793,5.278,48.434,64.494,"M",40.31,18.237,18,30.086
68.943,"Class2","B",64.089,30.969,-7.097,1.154,"T",50.896,5.139,72,72.805
52.435,"Class1","T",21.743,47.875,50.109,82.788,"N",43.016,9.269,20,24.002
54.629,"Class2","B",70.416,96.874,16.944,2.881,"B",-1.298,11.881,57,54.97
9.172,"Class3","S",37.502,44.721,81.599,22.285,"I",28.251,75.459,51,38.098
23.956,"Class1","T",20.581,75.116,44.392,71.24,"U",39.917,12.739,19,59.847
93.678,"Class2","R",83.765,18.751,43.454,1.05,"E",37.019,3.597,54,81.39
58.803,"Class1","T",7.388,21.068,47.811,54.849,"M",30.259,15.321,16,8.617
53.637,"Class3","A",21.263,36.508,90.234,16.941,"B",18.215,67.917,64,64.247
32.225,"Class1","S",10.841,36.01,48.733,56.485,"U",53.27,10.309,17,31.333
64.346,"Class1","X",22.359,62.206,47.021,49.423,"M",42.091,10.497,20,36.818
66.951,"Class2","W",65.686,78.529,22.794,2.961,"E",60.102,14.904,50,69.774
11.465,"Class1","W",22.701,14.717,45.743,56.92,"N",41.88,5.591,21,4.73
44.666,"Class3","U",38.762,49.697,80.124,9.906,"P",18.037,82.528,51,53.174
77.826,"Class3","G",37.946,49.62,85.861,7.897,"X",26.526,100.8,69,52.164
61.074,"Class3","S",26.057,38.996,89.773,7.484,"I",23.006,85.052,65,62.249
32.996,"Class3","U",29.923,40.349,89.204,16.067,"X",26.874,87.814,68,58.02
64.117,"Class1","X",7.645,8.407,40.28,47.996,"X",40.921,18.606,20,27.456
63.248,"Class2","H",59.393,65.603,25.06,4.353,"Q",102.748,30.072,76,54.158
79.88,"Class2","H",44.272,42.939,47.281,0.489,"Q",5.899,29.067,67,59.68
68.792,"Class1","L",19.932,5.595,44.201,61.154,"M",46.025,17.257,21,40.862
68.307,"Class1","X",2.811,26.107,38.231,71.071,"U",47.602,10.634,19,58.897
65.907,"Class1","W",7.118,53.321,51.409,26.631,"N",48.254,15.398,21,37.255
22.194,"Class1","X",29.89,34.13,43.36,45.447,"X",51.38,7.186,21,14.882
51.658,"Class2","H",93.687,84.149,15.105,2.397,"G",44.385,31.825,73,71.838
20.222,"Class1","L",10.989,38.605,42.571,35.575,"M",43.607,15.523,15,33.583
23.577,"Class1","W",27.344,44.967,44.923,56.086,"Q",43.44,15.372,20,6.5
54.524,"Class1","W",10.6,27.169,40.618,64.395,"X",46.531,8.338,22,55.594
77.998,"Class3","U",25.994,28.496,85.78,12.743,"A",17.794,75.303,54,32.441
67.446,"Class1","T",17.659,33.446,45.668,37.912,"X",47.367,17.059,16,46.414
71.186,"Class3","G",27.166,33.449,88.995,8.085,"A",20.846,85.194,58,35.866
62.296,"Class3","S",28.974,37.397,88.43,13.293,"B",24.56,78.747,55,47.839
72.532,"Class3","U",31.586,50.871,82.03,15.323,"B",27.4,93.003,60,54.819
51.909,"Class2","U",60.468,29.901,21.661,2.377,"T",24.466,7.089,75,71.879
75.4,"Class2","R",43.815,95.06,13.843,3.588,"E",58.267,20.248,54,54.239
50.402,"Class2","B",NA,54.394,8.411,2.078,"Q",33.916,9.818,70,66.654
28.249,"Class3","S",35.732,48.936,86.865,14.895,"B",12.62,82.328,58,41.438
78.969,"Class3","S",31.266,37.358,91.681,8.732,"X",23.352,98.605,52,34.356
13.747,"Class3","U",24.119,44.767,87.449,8.844,"P",17.017,90.971,61,51.25
36.422,"Class3","S",31.187,55.777,86.488,14.305,"P",17.586,83.663,52,38.74
37.339,"Class1","L",31.201,73.087,43.097,58.291,"U",50.436,16.217,22,10.775
32.775,"Class1","W",13.534,6.321,47.803,44.535,"U",35.5,-0.063,15,70.936
48.653,"Class2","W",80.704,52.893,31.574,3.563,"G",105.356,20.871,80,62.295
70.749,"Class2","B",76.927,17.637,30.004,4.066,"T",20.269,28.282,55,82.456
37.865,"Class3","Q",22.245,29.53,83.476,8.549,"I",23.608,74.583,55,35.421
43.254,"Class1","X",28.616,35.648,38.91,62.895,"Q",35.342,3.831,23,61.801
45.304,"Class1","S",14.786,34.442,46.303,43.369,"Q",42.062,15.837,21,3.129
92.057,"Class2","H",46.851,83.134,15.517,2.349,"E",40.82,20.114,79,88.823
85.764,"Class3","A",32.652,27.757,82.957,9.393,"I",18.421,73.881,51,49.687
23.308,"Class1","T",8.487,38.478,46.872,28.462,"U",45.501,9.755,15,71.793
NA,"Class1","T",26.494,23.144,40.388,31.408,"Q",29.534,20.097,21,10.349
60.849,"Class1","T",23.154,76.424,43.801,45.76,"U",37.842,15.606,19,7.449
23.829,"Class3","A",23.184,37.322,95.928,10.687,"I",26.22,66.745,55,52.426
NA,"Class2","R",82.65,25.078,29.505,1.76,"T",15.768,4.465,49,64.04
62.108,"Class1","W",4.781,44.929,43.803,56.874,"X",45.087,10.323,20,11.805
61.625,"Class2","B",43.951,20.747,10.771,4.404,"G",69.471,20.388,80,75.82
63.789,"Class1","W",27.055,76.598,43.331,55.601,"X",41.594,18.539,15,53.457
54.123,"Class1","X",15.743,32.711,44.272,55.313,"Q",33.428,13.702,20,55.621
62.286,"Class2","U",41.839,79.875,52.785,3.584,"T",53.174,23.552,59,73.539
18.549,"Class1","S",4.21,58.165,46.226,36.2,"Q",38.082,18.816,23,73.781
48.235,"Class2","H",92.723,88.132,-14.098,2.986,"B",58.896,13.644,60,89.658
23.612,"Class1","X",31.957,55.214,45.678,61.13,"M",40.251,18.762,17,66.993
14.618,"Class1","S",25.221,45.54,43.685,58.717,"M",35.749,25.76,19,36.709
26.03,"Class1","W",17.711,78.806,43.265,53.476,"N",51.193,26.218,17,26.489
72.933,"Class2","U",56.155,87.857,40.487,3.303,"B",71.041,18.089,51,66.426
92.696,"Class2","H",62.784,64.434,20.37,2.412,"B",52.873,24.76,67,56.605
11.578,"Class3","G",31.16,36.593,95.417,6.031,"I",16.509,68.938,65,51.553
65.121,"Class2","W",84.363,25.892,47.077,1.868,"B",68.187,33.193,67,63.061
48.24,"Class2","B",NA,88.973,23.584,4.533,"T",23.475,22.691,56,61.486
62.107,"Class1","S",13.572,34.34,44.843,49.053,"M",52.345,11.789,19,53.848
32.676,"Class1","S",19.951,64.229,46.428,48.153,"U",42.813,15.897,16,25.082
53.645,"Class1","W",23.39,80.936,45.798,68.154,"N",46.859,7.006,15,73.214
NA,"Class2","H",94.392,17.349,50.646,2.819,"T",30.969,17.84,65,75.6
18.304,"Class3","A",NA,31.553,85.837,8.304,"P",19.455,71.291,68,36.85
49.042,"Class2","U",52.384,66.135,21.807,4.197,"T",62.984,16.276,77,74.658
22.323,"Class1","L",12.526,17.794,44.627,42.453,"Q",40.915,17.095,23,42.726
38.036,"Class1","W",7.64,65.013,45.362,47.241,"M",39.184,19.96,16,21.758
39.486,"Class1","T",30.216,72.864,45.47,46.684,"U",29.378,10.713,19,39.186
64.62,"Class3","S",35.224,48.878,87.123,12.317,"B",25.696,81.718,54,43.528
94.293,"Class2","R",65.402,19.437,28.842,3.43,"G",38.695,38.353,60,88.442
37.688,"Class3","A",NA,38.525,88.382,17.929,"B",19.367,78.87,58,47.804
73.286,"Class2","H",58.754,67.524,34.357,3.836,"T",-17.387,39.036,63,55.309
58.364,"Class3","A",35.648,51.206,92.908,11.652,"X",14.651,75.933,61,33.65
NA,"Class1","X",14.349,20.699,44.42,39.744,"X",31.839,13.166,21,60.063
49.663,"Class3","G",20.921,45.522,88.752,9.265,"B",21.366,77.736,58,63.994
30.993,"Class1","T",2.915,12.232,48.273,58.283,"N",51.31,18.116,22,53.784
48.781,"Class2","B",65.857,43.648,15.29,2.046,"E",21.921,15.252,75,58.826
32.02,"Class3","G",25.501,44.263,84.342,9.756,"A",20.616,62.659,68,38.62
84.141,"Class3","U",NA,51.864,90.928,19.667,"A",27.279,54.94,53,45.279
28.125,"Class1","L",NA,5.197,44.435,53.235,"X",39.528,4.657,15,30.925
60.356,"Class1","S",25.539,29.086,43.349,38.94,"X",33.207,7.015,20,3.953
52.249,"Class1","S",6.9,71.081,49.68,52.473,"Q",36.796,7.101,21,16.208
61.259,"Class1","W",8.687,73.572,44.873,55.749,"X",41.391,9.135,15,9.007
36.911,"Class1","T",NA,46.563,43.212,36.337,"U",48.28,8.458,18,2.165
63.482,"Class1","L",2.566,72.939,47.945,48.444,"N",39.066,20.17,17,22.492
52.707,"Class1","X",6.076,34.348,47.188,59.539,"U",46.508,34.091,19,68.623
81.328,"Class2","H",49.687,58.441,27.167,1.554,"G",88.054,39.541,73,84.905
53.057,"Class2","H",51.45,95.673,27.084,1.664,"Q",52.968,11.743,67,87.06
66.046,"Class1","T",NA,35.627,46.758,55.254,"M",41.25,7.71,19,61.937
42.28,"Class3","S",25.473,32.127,83.588,8.424,"A",21.962,85.979,58,61.398
19.108,"Class1","S",6.073,79.026,42.678,66.98,"U",41.815,18.352,14,32.126
63.873,"Class1","L",12.195,66.341,50.269,34.019,"Q",42.104,24.134,15,14.43
54.508,"Class2","W",50.439,28.87,30.248,3.861,"B",111.655,15.973,63,63.773
17.734,"Class3","S",22.175,42.329,82.278,15.171,"A",11.535,76.863,57,51.572
51.292,"Class1","L",4.307,56.733,46.187,51.51,"M",35.357,14.359,18,22.117
9.617,"Class1","S",6.701,38.975,46.375,53.971,"Q",43.438,8.84,14,50.762
10.628,"Class1","W",6.899,32.364,45.941,59.524,"M",49.959,18.851,15,17.066
45.755,"Class3","U",26.308,26.315,88.326,11.312,"P",23.078,76.518,65,49.989
10.718,"Class1","T",23.227,72.384,42.447,37.745,"Q",42.372,17.82,19,5.737
68.011,"Class3","A",37.887,38.188,92.172,12.289,"P",21.07,86.167,69,46.993
52.046,"Class3","Q",22.656,28.976,76.05,12.169,"X",20.35,54.605,53,45.489
15.147,"Class1","W",9.417,6.377,45.52,44.356,"X",48.365,22.511,16,37.588
19.043,"Class1","S",24.105,25.751,44.14,54.112,"N",47.357,7.391,23,27.114
61.474,"Class1","T",30.031,60.08,46.785,51.716,"M",33.756,22.347,23,56.66
9.02,"Class3","Q",29.627,34.498,78.407,19.24,"I",20.478,84.255,59,34.412
20.828,"Class1","X",31.628,12.77,44.64,23.249,"M",26.116,7.671,18,14.794
85.098,"Class2","R",85.123,59.553,24.517,1.619,"Q",71.998,21.831,56,63.42
34.189,"Class3","G",32.035,56.357,86.389,14.982,"B",20.781,66.898,67,43.184
33.275,"Class3","Q",24.493,54.447,87.443,13.359,"X",15.426,89.037,58,31.446
79.4,"Class3","U",26.481,39.516,82.286,12.887,"P",10.073,99.68,55,51.503
69.36,"Class3","A",30.349,32.068,88.021,12.245,"A",22.116,84.102,64,47.336
91.016,"Class2","R",90.484,34.955,2.724,4.179,"T",30.856,-7.046,68,63.021
71.446,"Class3","G",NA,38.633,84.793,5.169,"B",18.436,72.545,69,51.175
31.34,"Class1","X",19.779,71.976,48.966,34.683,"U",34.961,15.351,14,62.914
68.092,"Class2","H",66.092,39.065,40.326,3.672,"G",13.648,26.059,56,68.033
51.208,"Class1","S",8.545,12.053,44.93,70.276,"X",50.631,7.482,20,68.817
76.693,"Class2","U",47.644,27.512,28.254,4.425,"E",22.351,7.785,68,84.479
62.175,"Class1","T",NA,46.046,45.182,70.895,"Q",58.063,5.346,14,57.208
59.643,"Class2","H",52.216,21.304,31.704,4.644,"E",56.8,-2.49,80,64.592
14.089,"Class1","X",4.022,52.103,44.095,47.235,"X",57.886,15.296,19,67.089
76.214,"Class3","Q",31.422,46.016,82.73,8.776,"A",20.461,80.228,54,51.1
65.258,"Class3","G",23.01,56.743,79.822,17.047,"P",20.029,73.736,69,46.279
54.76,"Class1","L",18.797,73.145,44.261,57.372,"U",46.242,4.612,17,75.002
62.465,"Class1","L",17.221,42.841,41.541,56.839,"X",51.523,20.117,17,20.694
61.793,"Class2","H",93.529,20.899,25.447,3.348,"B",65.822,22.559,53,71.004
53.877,"Class1","X",11.472,32.296,42.553,36.383,"X",60.309,6.484,20,61.48
15.614,"Class1","X",2.234,21.481,42.698,58.301,"U",42.475,0.317,14,68.812
47.038,"Class2","U",NA,57.609,27.069,3.714,"E",92.32,17.745,58,63.93
65.343,"Class2","B",61.177,36.293,9.359,4.249,"B",17.837,18.321,73,61.71
NA,"Class1","X",4.351,6.734,43.428,48.916,"Q",35.566,14,14,27.768
38.995,"Class1","T",2.672,65.479,47.418,67.934,"N",35.703,8.483,20,52.731
49.475,"Class2","W",70.023,83.314,42.368,3.6,"E",79.221,29.846,63,71.636
52.07,"Class2","W",88.027,64.429,44.204,2.037,"T",48.397,34.053,62,71.973
51.413,"Class2","H",93.216,88.364,-0.394,1.118,"Q",104.415,41.81,53,80.08
31.125,"Class1","L",29.459,72.063,42.11,61.578,"Q",57.05,15.413,15,24.845
54.925,"Class2","H",64.93,80.019,14.981,2.736,"G",37.351,22.168,57,75.098
35.739,"Class1","W",27.837,46.935,43.839,63.051,"Q",45.164,9.454,16,32.619
56.908,"Class2","W",85.823,17.009,26.804,2.408,"G",86.108,20.157,72,65.743
NA,"Class2","B",61.548,49.717,31.329,3.713,"B",72.981,34.921,69,87.587
84.894,"Class2","H",94.405,57.795,18.876,5.564,"G",21.098,29.624,59,89.567
NA,"Class3","A",27.36,34.668,96.066,16.034,"A",22.22,75.935,67,59.709
79.765,"Class3","A",26.573,40.769,86.657,10.094,"I",22.913,95.36,55,62.264
60.46,"Class3","G",35.367,37.198,76.859,6.024,"I",12.63,82.539,61,61.023
49.629,"Class3","U",21.277,38.992,93.144,10.628,"I",23.69,84.631,54,48.589
14.757,"Class1","W",27.254,36.397,43.008,40.286,"M",33.061,5.869,18,71.106
56.777,"Class2","H",66.916,24.103,44.79,5.796,"B",82.035,47.64,68,55.458
85.56,"Class2","U",66.278,66.08,21.669,1.193,"E",60.093,17.967,50,66.42
NA,"Class2","B",50.328,86.535,18.699,2.073,"E",31.285,30.248,53,69.461
64.269,"Class1","S",24.595,13.432,47.413,34.816,"N",38.552,3.924,23,52.308
92.117,"Class2","R",51.78,35.01,28.96,2.813,"E",28.293,7.571,69,81.085
62.345,"Class1","L",13.154,66.505,48.322,57.536,"N",46.195,16.338,22,70.664
25.338,"Class3","U",34.526,26.564,86.173,12.685,"I",28.551,59.515,67,35.576
20.113,"Class1","T",20.241,11.97,43.343,53.926,"M",43.336,16.9,16,66.606
89.406,"Class2","U",72.281,68.303,33.015,3.863,"Q",65.921,21.857,53,81.532
70.054,"Class3","G",39.008,29.811,86.633,14.559,"B",18.585,64.368,66,54.39
37.6,"Class1","S",29.72,61.736,49.088,48.355,"M",53.208,2.169,16,56.782
49.201,"Class3","G",25.497,55.649,90.197,7.248,"X",20.856,68.527,63,65.261
9.781,"Class1","T",7.619,64.229,44.881,62.719,"U",50.22,9.525,16,55.678
84.144,"Class2","H",49.005,55.284,20.252,1.647,"E",99.601,23.438,79,77.491
8.121,"Class3","A",30.685,31.016,75.549,20.639,"P",16.774,79.302,62,46.771
84.266,"Class2","W",43.721,77.488,29.513,2.736,"E",34.119,9.979,68,73.23
71.717,"Class3","G",21.08,34.772,86.189,12.09,"P",20.394,77.426,52,40.428
86.631,"Class2","W",41.942,29.179,24.706,1.113,"B",79.021,24.32,61,73.588
65.08,"Class1","L",NA,47.796,48.43,39.521,"N",35.681,22.864,15,32.323
60.071,"Class2","W",46.054,96.529,32.544,4.664,"T",60.734,35.379,57,55.576
64.104,"Class2","R",64.632,53.529,13.159,4.504,"G",87.231,14.184,63,55.675
19.537,"Class1","W",29.148,40.975,46.102,55.487,"N",38.848,0.16,22,47.667
56.144,"Class2","U",83.665,29.374,35.026,2.823,"E",44.823,24.299,55,60.008
63.006,"Class2","B",74.655,53.823,36.13,4.651,"B",89.85,33.362,55,82.761
93.848,"Class2","H",92.997,77.218,33.693,3.931,"T",53.885,38.579,60,90.008
NA,"Class2","B",75.089,64.979,-1.583,6.056,"T",53.713,24.913,69,88.802
73.518,"Class3","S",28.469,38.345,84.093,21.001,"X",19.088,74.916,69,43.614
17.14,"Class1","T",13.63,27.103,44.446,64.915,"N",29.255,24.122,21,13.744
19.163,"Class1","L",22.197,33.924,47.646,72.081,"Q",35.708,22.883,14,2.818
53.902,"Class1","X",6.457,23.025,44.826,53.678,"X",67.648,21.474,14,8.507
54.011,"Class2","R",58.32,93.991,35.494,2.992,"B",21.851,30.438,66,89.197
41.374,"Class3","A",35.726,38.873,84.492,8.36,"I",17.441,68.761,52,37.858
94.122,"Class2","U",NA,43.802,42.095,1.681,"G",75.308,24.803,63,69.765
28.737,"Class3","U",21.506,30.41,88.54,9.346,"B",21.955,78.412,60,61.916
NA,"Class3","G",23.272,28.888,87.504,16.516,"X",13.025,68.686,69,44.691
NA,"Class1","S",21.098,62.893,49.714,41.096,"U",54.19,7.119,14,69.178
53.339,"Class3","S",36.195,33.313,91.42,14.423,"I",16.065,95.456,54,49.426
40.505,"Class3","A",25.222,29.413,80.801,10.718,"X",16.342,78.269,51,46.364
48.577,"Class2","W",95.401,36.684,41.47,5.786,"E",33.483,18.601,54,84.531
49.713,"Class2","U",NA,78.416,28.39,1.674,"E",12.569,30.768,73,80.49
13.864,"Class3","G",22.585,42.986,95.019,12.322,"P",20.404,76.795,59,49.805
56.871,"Class3","A",24.542,48.881,86.193,13.298,"A",14.944,79.042,67,51.918
79.908,"Class2","H",87.561,38.01,26.656,0.755,"E",99.22,37.835,57,59.872
62.954,"Class1","W",24.076,75.566,47.175,62.382,"M",33.187,35.574,17,26.331
83.447,"Class2","W",66.149,26.569,37.001,3.469,"T",70.167,10.725,75,83.456
46.943,"Class1","X",9.419,36.757,44.095,71.64,"X",51.832,12.007,21,66.663
86.972,"Class3","S",32.133,33.697,75.012,11.54,"I",19.98,80.259,66,46.66
34.742,"Class1","X",4.894,20.768,42.862,42.826,"M",43.9,14.599,16,24.874
80.172,"Class3","A",28.992,53.937,89.756,8.486,"P",20.167,84.803,64,36.388
18.704,"Class1","L",21.101,77.399,42.149,41.035,"U",54.183,0.561,19,39.526
70.212,"Class3","G",25.68,50.473,88.599,15.75,"I",18.496,52.465,63,43.31
67.123,"Class1","W",12.221,39.461,45.841,64.275,"N",48.288,27.228,16,65.757
38.41,"Class3","Q",27.651,48.784,99.277,23.722,"P",20.8,89.889,51,57.968
23.044,"Class1","L",12.454,41.84,44.209,53.472,"X",40.545,29.147,15,40.401
75.635,"Class3","A",31.671,29.895,88.498,7.269,"P",25.057,73.414,68,52.107
79.307,"Class3","U",31.701,54.159,79.839,16.27,"X",16.314,73.691,60,63.123
43.781,"Class3","G",28.545,29.806,84.751,16.441,"X",18.039,74.187,59,42.62
9.42,"Class3","Q",25.308,26.566,92.439,10.576,"X",18.542,76.933,51,50.626
22.714,"Class1","X",27.447,17.538,47.394,47.984,"M",41.742,25.253,18,75.848
90.37,"Class2","U",61.372,76.67,31.974,1.599,"T",105.467,19.597,60,86.696
83.069,"Class3","A",20.193,27.523,82.769,13.726,"X",19.665,98.078,67,60.698
44.378,"Class3","Q",31.57,55.86,95.27,17.156,"I",18.556,59.417,51,37.997
49.641,"Class2","U",68.24,73.724,22.559,4.178,"T",68.422,14.375,74,87.156
16.324,"Class1","T",24.885,23.602,41.437,60.777,"U",58.921,11.029,18,77.573
94.111,"Class2","W",44.739,16.195,25.837,1.893,"T",20.566,16.153,76,61.8
61.881,"Class2","W",78.542,68.542,26.679,3.777,"B",57.938,14.907,58,66.544
10.105,"Class1","L",27.591,75.212,44.487,45.8,"Q",40.086,5.111,17,56.059
9.866,"Class3","U",21.507,53.906,81.746,13.619,"P",24.206,78.561,55,32.628
75.525,"Class2","H",47.543,43.616,21.806,3.968,"Q",61.775,20.147,55,75.051
NA,"Class2","R",79.112,43.653,15.136,4.62,"E",64.711,45.921,80,76.326
62.339,"Class3","Q",27.438,47.918,84.516,14.545,"I",17.106,99.98,55,50.704
80.013,"Class2","R",92.828,56.84,26.604,3.819,"G",48.691,25.659,74,54.406
46.759,"Class1","T",NA,74.613,45.825,22.454,"N",32.16,13.73,16,12.894
75.712,"Class3","S",32.346,49.512,80.468,5.445,"X",17.977,83.301,54,40.055
86.219,"Class3","U",30.824,50.498,95.717,8.67,"X",25.726,83.521,57,40.472
74.777,"Class2","U",NA,34.581,13.552,2.09,"Q",76.895,18.855,68,88.219
73.691,"Class2","B",42.455,79.939,26.81,3.769,"B",39.191,26.532,70,66.479
33.11,"Class1","S",26.503,60.628,42.251,27.156,"N",33.113,15.094,15,67.476
63.77,"Class3","S",36.116,41.609,82.535,19.778,"P",12.714,82.171,64,52.848
60.131,"Class3","Q",33.363,55.405,84.044,8.832,"A",19.177,78.399,51,35.134
26.876,"Class1","X",17.272,32.966,43.215,63.349,"N",33.615,11.738,19,69.159
53.129,"Class2","B",75.118,64.27,27.248,2.981,"B",79.873,13.391,58,56.125
49.242,"Class3","A",28.468,38.432,94.425,9.437,"P",12.934,79.081,65,40.048
37.652,"Class3","S",24.665,30.672,94.474,12.596,"B",18.119,69.931,51,53.18
29.976,"Class1","T",8.181,37.533,45.472,67.811,"X",45.998,3.106,23,65.929
87.18,"Class3","Q",NA,50.543,92.058,10.534,"B",8.47,76.16,55,31.751
49.915,"Class3","G",37.755,31.6,90.772,11.972,"X",30.539,64.005,60,41.55
42.764,"Class3","Q",24.024,55.693,87.516,7.336,"X",24.565,64.333,56,41.272
64.936,"Class1","T",6.664,58.994,45.169,34.4,"M",38.568,16.492,16,72.487
47.211,"Class2","R",43.464,82.885,32.737,3.081,"Q",65.296,29.355,74,71.562
11.686,"Class3","U",24.409,37.095,93.45,6.875,"B",22.624,73.342,61,57.707
56.383,"Class1","W",24.419,11.076,43.725,56.485,"M",33.004,22.421,20,57.822
54.268,"Class3","S",23.299,56.656,86.497,13.599,"A",11.853,92.026,65,35.882
88.724,"Class3","G",37.952,26.955,72.548,10.293,"B",29.274,76.701,55,45.4
83.354,"Class2","U",56.069,39.472,37.124,4.16,"B",54.26,37.308,59,89.193
38.504,"Class1","S",6.315,35.752,44.866,41.795,"Q",42.558,23.706,21,2.257
60.086,"Class3","Q",38.886,36.444,90.53,10.531,"B",16.502,84.261,52,43.185
23.092,"Class1","W",7.818,79.082,45.478,33.222,"Q",51.171,24.555,20,55.745
66.91,"Class3","G",34.911,53.656,83.254,9.634,"P",23.422,86.175,56,61.526
60.626,"Class3","A",27.798,47.371,87.66,10.563,"I",21.241,72.305,67,59.268
45.117,"Class3","A",25.794,31.965,78.522,13.588,"B",28.896,69.221,67,55.719
45.207,"Class1","T",NA,13.534,44.378,60.449,"M",35.519,16.536,20,28.406
71.892,"Class2","R",48.322,45.991,34.347,3.654,"Q",38.773,22.035,65,80.207
38.064,"Class1","W",12.12,44.698,45.315,54.225,"N",43.6,10.077,18,45.756
82.338,"Class3","Q",32.95,44.164,88.184,14.715,"P",20.301,87.484,65,41.424
71.51,"Class2","B",57.788,88.393,20.678,2.266,"G",88.165,21.551,58,59.038
27.05,"Class1","S",25.853,78.236,45.684,62.402,"X",59.363,4.079,15,63.455
48.257,"Class3","S",31.079,37.334,83.839,5.899,"A",21.086,83.314,69,53.346
61.58,"Class3","A",24.922,35.5,80.846,6.2,"X",19.643,71.406,51,63.201
48.827,"Class1","W",15.048,5.957,43.304,55.354,"Q",30.386,18.253,18,44.557
39.039,"Class1","X",29.146,72.098,43.27,58.56,"X",44.717,9.786,14,33.8
NA,"Class2","R",80.966,65.948,36.525,3.032,"E",27.907,17.147,65,84.335
64.644,"Class2","R",66.226,48.898,20.736,0.782,"G",36.479,2.644,61,61.058
58.725,"Class3","G",38.422,29.133,83.048,7.755,"A",16.751,88.171,53,37.202
78.558,"Class3","Q",23.099,29.535,90.074,15.941,"B",20.105,77.847,53,47.233
86.762,"Class2","U",42.932,50.824,1.609,2.009,"B",52.638,13.741,69,73.214
37.463,"Class1","W",3.294,42.167,46.198,63.956,"X",17.266,13.999,17,55.683
15.782,"Class1","L",4.775,47.896,45.012,68.844,"U",33.756,18.767,14,51.346
60.686,"Class1","W",11.658,42.143,40.886,52.361,"M",40.596,19.755,22,25.551
34.179,"Class1","W",12.17,63.456,45.528,46.249,"U",41.927,14.322,17,6.777
69.9,"Class2","W",50.442,44.704,38.037,0.405,"Q",103.943,28.305,51,69.577
48.007,"Class1","T",24.957,17.568,43.522,72.164,"X",34.486,10.112,20,32.708
NA,"Class3","S",21.765,35.248,84.59,16.295,"I",29.828,84.051,63,32.575
76.999,"Class2","H",54.352,62.07,7.009,3.746,"G",40.124,27.71,74,78.026
12.236,"Class1","S",31.291,38.534,40.606,51.9,"Q",32.306,18.935,23,41.643
66.556,"Class3","U",23.082,43.163,96.519,13.3,"B",9.151,80.404,65,32.83
50.679,"Class2","R",53.636,51.775,41.683,0.484,"G",62.484,29.328,60,63.539
78.83,"Class2","B",67.259,54.63,45.582,2.581,"T",17.463,9.198,67,81.667
45.725,"Class3","U",35.214,54.251,79.961,15.987,"B",19.922,85.89,63,48.944
55.161,"Class1","X",30.36,6.374,46.475,62.531,"M",51.843,16.1,20,75.786
71.91,"Class3","G",31.169,29.737,76.964,17.394,"X",14.789,75.342,60,39.087
74.053,"Class2","H",75.344,71.883,21.068,4.135,"B",67.38,23.273,50,80.899
33.148,"Class1","S",30.529,50.706,41.641,63.914,"N",41.886,3.203,16,46.219
62.396,"Class2","U",92.502,36.158,28.301,3.762,"T",61.458,6.46,75,77.631
93.236,"Class2","U",59.193,47.44,44.317,6.366,"T",55.613,18.785,50,57.826
72.245,"Class2","H",54.987,45.293,25.301,2.337,"G",100.756,13.361,58,71.876
34.032,"Class1","X",15.683,35.13,45.46,50.518,"X",40.596,19.501,14,6.971
55.111,"Class3","S",32.692,40.811,86.736,9.25,"P",26.533,66.287,61,61.006
56.347,"Class3","A",37.61,49.435,81.362,16.036,"A",17.928,78.237,63,64.592
49.111,"Class3","Q",27.665,37.853,82.272,13.926,"P",18.119,71.042,68,61.823
64.981,"Class2","H",93.295,71.155,24.846,6.15,"T",103.518,35.903,63,74.96
23.876,"Class3","U",28.042,27.16,88.021,16.747,"P",19.521,75.517,64,57.871
25.444,"Class3","S",35.478,49.666,78.582,15.254,"A",23.59,71.852,69,37.658
65.516,"Class3","A",34.732,28.515,88.407,17.189,"P",21.86,81.052,62,36.804
90.024,"Class2","H",55.521,79.89,36.81,6.16,"E",67.108,32.188,57,56.811
45.088,"Class3","S",24.854,56.527,83.039,18.818,"X",28.297,79.564,64,60.818
82.381,"Class2","U",64.086,83.11,31.674,1.381,"B",97.907,6.348,70,70.702
22.393,"Class3","U",38.946,55.52,92.715,14.043,"A",25.115,77.161,53,33.099
15.742,"Class3","Q",37.227,31.917,94.663,12.302,"I",15.585,77.579,63,44.875
65.517,"Class2","B",52.8,17.575,33.962,2.366,"E",65.462,38.423,72,78.304
52.833,"Class1","S",3.208,48.569,40.653,41.682,"U",41.559,1.197,20,38.903
42.05,"Class1","L",24.432,18.392,50.956,41.998,"M",35.081,23.767,18,76.715
56.479,"Class1","X",12.342,31.547,44.92,41.081,"X",46.081,26.818,16,38.446
40.556,"Class1","T",31.12,61.601,46.747,42.07,"M",42.26,22.688,23,51.53
49.077,"Class2","B",95.343,78.495,46.367,1.496,"G",66.489,18.604,60,73.413
60.128,"Class1","T",19.938,13.884,46.122,55.688,"U",33.463,25.551,18,49.23
61.072,"Class2","H",67.77,74.672,19.801,1.723,"Q",30.148,14.135,55,75.16
80.496,"Class3","G",21.813,28.972,86.261,12.794,"P",28.771,88.455,68,39.603
18.749,"Class1","L",14.253,53.977,44.41,39.379,"Q",40.479,24.968,19,25.931
30.792,"Class1","T",6.713,36.986,48.167,72.909,"M",34.367,14.257,23,37.689
NA,"Class3","A",34.574,52.72,80.766,12.246,"X",17.505,73.702,65,47.165
28.656,"Class1","S",31.567,71.883,42.875,62.447,"X",49.446,8.312,21,78.382
14.516,"Class1","L",25.259,42.553,45.945,46.936,"N",51.089,16.943,21,37.439
43.229,"Class1","X",6.035,9.013,43.965,54.448,"N",43.276,21.59,14,38.342
25.71,"Class1","X",27.145,54.424,44.322,40.765,"N",42.301,17.988,16,31.995
55.531,"Class3","S",38.418,44.319,82.824,21.352,"P",19.559,73.701,63,46.127
47.642,"Class2","H",60.98,31.886,31.336,3.261,"B",31.064,54.683,54,55.755
75.968,"Class2","W",46.762,80.469,17.666,2,"G",-12.512,9.38,67,74.959
81.126,"Class3","G",25.609,37.335,90.316,16.234,"I",22.107,79.863,58,42.729
48.906,"Class1","W",5.223,32.615,43.21,26.215,"U",25.83,11.326,23,2.415
NA,"Class1","L",NA,66.77,48.175,53.364,"U",43.711,18.996,19,29.24
82.709,"Class2","R",87.823,16.633,6.585,0.504,"G",68.255,3.422,75,55.66
41.884,"Class3","Q",20.416,27.662,87.048,8.553,"B",27.208,80.696,51,40.767
80.684,"Class2","W",88.579,91.741,34.239,2.721,"T",81.907,18.863,71,63.074
43.76,"Class1","X",5.888,73.954,43.735,52.894,"U",38.316,11.421,15,45.351
66.228,"Class2","R",45.426,19.231,24.368,4.993,"G",48.281,17.369,55,78.85
39.391,"Class3","Q",25.524,44.408,89.877,12.843,"X",18.394,72.12,58,62.182
88.585,"Class3","G",36.146,42.173,89.701,13.798,"X",14.39,94.248,65,42.398
19.403,"Class3","S",33.497,39.874,85.683,10.883,"X",17.57,73.425,61,51.947
22.628,"Class3","G",39.967,30.463,88.195,9.431,"I",17.117,72.794,55,41.446
74.103,"Class3","A",21.172,28.864,86.745,10.437,"B",17.873,74.94,56,44.47
76.651,"Class3","A",20.335,30.413,83.496,9,"B",26.587,85.986,61,62.415
43.955,"Class1","S",28.808,24.216,50.188,62.296,"M",62.052,32.085,16,15.613
19.66,"Class3","G",20.512,41.28,89.19,7.068,"I",27.922,86.909,68,34.565
14.837,"Class3","G",NA,35.58,76.455,4.768,"X",23.228,83.513,56,56.033
48.687,"Class3","A",39.662,31.417,73.64,13.869,"A",26.544,62.601,59,40.513
74.837,"Class2","W",57.117,40.338,49.982,2.286,"Q",70.134,24.5,64,61.096
79.774,"Class2","R",44.442,22.45,20.937,3.05,"B",29.616,40.148,51,75.707
25.793,"Class1","T",18.346,57.332,46.327,60.174,"Q",40.498,20.892,23,36.912
57.884,"Class3","S",21.211,53.998,85.098,16.591,"I",23.84,70.053,63,36.792
NA,"Class3","G",36.179,37.557,84.464,17.069,"B",22.628,79.287,63,48.371
47.889,"Class1","L",12.896,19.51,44.141,55.965,"N",39.166,11.854,16,75.545
87.793,"Class3","Q",34.693,47.915,87.572,11.097,"B",16.227,77.595,58,49.089
66.75,"Class1","W",29.385,49.642,46.97,44.514,"Q",42.227,-1.62,21,75.011
19.308,"Class3","U",39.635,46.65,88.873,14.499,"X",26.143,70.79,57,44.169
56.309,"Class2","R",88.865,70.556,22.844,5.908,"B",57.954,5.979,58,80.419
67.835,"Class3","Q",36.975,49.4,90.535,6.937,"B",18.252,83.195,55,45.987
62.867,"Class3","Q",36.151,37.395,89.829,8.621,"P",20.331,89.468,65,54.295
51.218,"Class1","T",27.293,14.738,47.588,68.324,"M",43.076,21.769,16,79.951
26.152,"Class1","S",3.162,30.261,40.97,65.304,"Q",37.515,7.647,23,46.999
65.979,"Class1","X",13.892,18.07,45.398,53.996,"N",42.665,10.643,19,51.315
48.426,"Class1","W",25.131,74.266,43.793,53.538,"U",55.6,16.376,18,77.771
16.067,"Class3","S",30.767,37.818,89.252,15.391,"X",13.501,63.448,59,48.416
56.917,"Class2","H",91.634,38.516,23.929,2.452,"Q",83.995,22.219,52,61.694
68.606,"Class3","U",32.761,46.946,91.095,14.549,"A",21.218,89.573,56,35.969
63.847,"Class2","R",89.555,64.438,23.663,0.756,"Q",88.637,15.773,60,67.507
82.235,"Class3","A",33.577,51.937,93.763,12.772,"B",28.616,67.763,56,61.133
52.73,"Class3","Q",33.346,47.771,81.01,8.797,"X",18.792,79.158,62,48.232
58.572,"Class1","W",29.301,13.411,46.511,39.685,"M",44.788,24.85,23,24.695
39.577,"Class1","X",13.817,64.021,38.771,46.618,"U",42.252,30.933,17,46.819
57.238,"Class1","T",17.91,26.934,43.047,22.66,"M",28.776,14.61,21,9.263
73.23,"Class3","S",36.178,34.394,83.731,12.687,"P",16.928,78.271,69,40.706
67.536,"Class3","S",31.688,47.823,76.517,0.429,"B",27.698,76.467,52,53.598
47.599,"Class2","W",90.387,86.801,21.612,2.456,"B",83.006,27.77,69,88.703
58.758,"Class1","W",21.271,55.181,45.351,73.843,"N",44.499,18.339,18,4.794
15.938,"Class3","G",NA,44.984,81.855,10.371,"X",16.637,75.9,52,31.725
51.258,"Class2","U",65.728,17.757,42.554,0.843,"Q",83.918,35.584,70,70.121
85.811,"Class3","S",22.178,42.932,90.304,11.815,"P",22.898,71.49,69,52.286
74.511,"Class3","Q",34.426,30.937,79.47,16.051,"A",23.378,79.396,64,57.567
17.433,"Class1","L",25.404,66.569,45.46,56.778,"M",37.291,18.629,22,21.116
31.385,"Class1","W",21.992,61.367,46.904,65.732,"Q",46.742,24.178,21,70.475
44.001,"Class1","S",16.085,62.842,41.347,46.695,"N",40.153,12.707,16,43.917
55.436,"Class1","X",7.695,53.661,47.499,60.424,"Q",30.445,-0.189,18,71.159
56.828,"Class3","G",NA,42.288,77.29,9.28,"I",19.343,87.476,61,46.078
65.752,"Class3","Q",33.837,31.851,84.274,27.528,"A",17.006,70.807,62,62.22
70.094,"Class2","W",95.582,47.16,18.681,1.438,"E",40.968,28.641,78,75.924
66.37,"Class2","B",56.741,40.83,47.533,2.162,"T",23.973,26.864,61,90.165
79.316,"Class2","R",45.522,21.366,5.226,3.025,"B",27.286,25.278,57,82.338
68.479,"Class1","T",31.441,19.013,41.78,30.514,"U",53.861,14.255,21,67.314
20.412,"Class3","G",30.647,49.729,87.159,8.553,"I",30.831,90.203,56,61.8
26.537,"Class1","T",18.706,68.865,45.148,46.8,"Q",42.435,15.129,20,14.05
61.441,"Class1","L",27.752,25.531,43.99,60.96,"M",36.091,9.711,20,13.596
65.458,"Class2","B",86.885,89.266,33.221,2.221,"T",86.166,23.399,49,63.491
NA,"Class2","W",86.795,79.045,34.448,1.708,"G",49.611,4.942,49,89.069
52.186,"Class2","R",88.684,50.113,36.811,4.89,"B",15.57,25.957,65,75.001
66.035,"Class1","T",4.929,77.285,46.729,69.98,"X",42.861,21.097,20,61.436
78.951,"Class2","H",45.106,72.245,19.711,1.868,"E",87.484,-1.244,59,64.256
26.573,"Class3","A",20.029,41.407,85.759,6.745,"X",12.021,79.033,62,43.546
49.779,"Class2","B",57.232,37.584,19.859,1.641,"Q",49.907,66.367,69,68.239
47.87,"Class2","R",79.466,64.707,22.218,1.473,"E",61.548,14.103,64,83.575
41.982,"Class1","W",12.19,18.109,48.8,52.297,"N",32.451,15.541,23,14.359
NA,"Class1","X",14.032,79.756,46.138,58.888,"N",41.128,20.548,18,65.444
33.641,"Class1","X",30.985,30.348,46.529,37.345,"U",46.017,1.535,22,12.915
52.731,"Class3","S",21.878,52.219,81.238,4.25,"A",27.896,69.092,64,47.054
39.293,"Class1","S",9.033,41.814,44.724,43.816,"X",35.574,3.548,21,16.96
53.805,"Class1","X",30.348,80.949,41.134,56.065,"Q",39.188,27.79,23,4.204
77.562,"Class2","B",80.666,51.624,32.349,4.566,"E",101.833,28.174,78,88.024
44.538,"Class3","A",33.278,36.884,86.417,15.808,"P",13.016,70.958,61,48.991
88.592,"Class2","H",63.616,61.422,29.09,4.561,"T",78.139,23.817,56,90.531
59.659,"Class1","X",18.971,30.663,45.923,35.525,"N",39.92,11.083,14,58.745
64.999,"Class2","B",61.958,43.851,30.309,2.505,"Q",67.99,-1.245,67,66.141
89.797,"Class2","W",41.315,62.265,36.522,4.462,"G",58.151,16.487,52,64.768
12.643,"Class3","G",NA,45.248,71.751,9.609,"A",19.519,73.821,62,51.771
NA,"Class3","G",25.91,36.207,93.605,16.665,"I",18.806,56.019,64,52.251
NA,"Class2","U",49.713,81.482,18.881,3.23,"E",12.162,36.32,57,74.045
60.393,"Class3","G",20.199,54.678,79.341,9.12,"A",21.427,78.985,68,54.373
54.482,"Class2","B",93.533,70.234,6.952,3.683,"G",90.721,48.182,50,82.654
58.439,"Class1","W",21.243,41.006,49.811,50.588,"X",39.976,29.898,18,55.485
63.24,"Class2","W",80.985,26.932,31.226,1.654,"G",80.593,29.403,54,71.419
78.084,"Class2","B",NA,83.603,24.386,3.039,"Q",77.238,7.301,54,76.838
52.814,"Class1","W",30.997,80.845,47.776,63.212,"X",44.802,22.518,18,24.157
57.156,"Class3","U",30.098,44.649,81.096,13.524,"X",28.634,73.618,66,39.394
85.429,"Class3","Q",28.574,30.063,83.017,1.869,"X",22.003,87.203,64,44.45
49.621,"Class2","B",71.219,74.262,16.986,3.431,"B",-4.379,24.149,56,65.807
89.979,"Class2","R",84.876,78.152,45.989,4.114,"Q",46.652,11.83,72,81.595
58.034,"Class2","R",NA,37.626,44.896,1.196,"Q",49.613,16.166,61,73.59
87.956,"Class3","U",32.672,48.558,83.319,16.974,"X",23.589,71.52,56,52.597
NA,"Class3","S",35.565,30.185,96.791,6.233,"P",26.156,74.994,64,61.613
58.476,"Class1","W",15.53,65.131,45.291,55.319,"M",55.077,14.698,23,65.218
49.774,"Class3","S",35.53,47.203,86.093,10.065,"B",15.337,89.406,62,43.188
56.311,"Class3","Q",38.804,39.298,83.177,14.659,"B",20.123,81.895,58,33.443
73.555,"Class3","Q",27.755,30.046,82.476,11.115,"B",25.822,70.738,59,46.926
48.283,"Class1","L",3.086,52.697,41.777,74.523,"N",48.245,25.06,17,60.599
29.951,"Class1","S",18.14,49.116,45.505,53.422,"X",32.51,5.742,19,74.95
81.403,"Class3","S",30.646,35.686,84.591,10.351,"B",9.832,61.209,51,47.724
67.362,"Class2","W",53.156,70.34,37.507,2.582,"B",79.729,28.735,59,85.785
66.562,"Class1","L",16.602,79.772,40.726,42.835,"X",46.008,17.633,14,46.752
37.213,"Class1","S",14.413,63.27,44.479,48.766,"U",43.065,13.799,17,36.373
32.055,"Class1","L",29.761,69.497,43.753,60.239,"U",38.418,11.831,22,7.857
48.424,"Class1","T",6.383,49.871,40.789,64.937,"N",44.192,9.176,20,35.006
68.825,"Class1","L",24.924,77.603,45.804,55.924,"U",42.286,-0.521,16,53.18
NA,"Class2","R",43.806,50.668,21.197,4.805,"G",89.269,23.633,62,84.708
72.359,"Class2","R",85.241,95.021,13.924,3.614,"G",75.342,18.49,69,83.82
78.63,"Class3","S",26.171,29.496,90.932,9.872,"X",17.022,59.921,57,44.246
81.371,"Class3","G",26.525,45.184,93.883,12.661,"P",21.789,64.183,61,45.121
92.061,"Class2","B",48.688,47.494,27.255,4.375,"B",26.424,38.75,73,54.455
62.934,"Class1","T",25.421,54.951,42.643,38.178,"Q",47.288,8.383,16,57.561
92.247,"Class2","U",93.851,84.066,8.759,1.276,"G",56.754,9.361,79,58.579
80.298,"Class2","H",95.759,87.885,25.132,2.492,"G",25.48,22.99,80,65.706
41.286,"Class3","A",21.947,32.604,96.02,9.74,"P",20.034,95.724,56,33.411
54.176,"Class1","W",NA,40.627,46.852,80.396,"M",48.109,3.925,21,61.01
55.214,"Class1","X",23.42,78.628,45.773,55.619,"U",40.503,11.398,14,14.401
83.084,"Class2","H",NA,64.771,17.884,3.57,"Q",74.344,23.745,78,56.415
74.114,"Class3","G",37.842,44.137,93.759,21.758,"X",22.035,84.477,65,65.215
74.217,"Class2","R",75.894,68.085,15.102,3.524,"E",66.003,6.33,74,59.193
92.127,"Class2","H",66.792,39.685,17.027,1.5,"E",54.46,18.81,64,60.246
49.668,"Class1","L",25.759,6.817,48.221,46.387,"X",30.233,14.548,23,40.416
61.912,"Class1","X",20.707,20.096,50.052,35.949,"M",53.658,12.633,16,17.599
61.275,"Class2","R",47.439,81.88,30.716,1.092,"Q",65.511,29.926,65,74.886
NA,"Class2","U",83.728,67.888,24.441,2.658,"T",24.559,20.865,76,84.205
14.294,"Class1","L",31.347,17.385,46.531,41.67,"N",43.556,29.434,18,18.001
86.916,"Class3","S",26.989,35.772,80.301,18.164,"X",19.983,78.723,52,49.628
66.57,"Class2","U",59.873,40.262,32.625,3.329,"E",41.477,30.491,77,82.93
53.175,"Class1","S",12.667,14.685,47.796,42.716,"M",40.37,15.669,14,45.205
92.103,"Class2","W",78.731,71.499,34.111,1.578,"E",51.031,12.229,51,72.912
51.924,"Class2","H",67.371,57.894,9.348,1.68,"Q",37.321,15.731,61,89.808
21.597,"Class3","Q",28.063,43.873,91.741,9.225,"P",27.586,82.707,65,36.48
44.497,"Class1","S",8.315,36.979,45.154,39.071,"X",49.023,12.502,22,57.55
23.664,"Class3","Q",30.014,27.265,87.856,11.675,"A",25.399,68.63,69,44.733
26.365,"Class1","T",10.933,57.001,48.781,55.977,"N",44.609,0.442,22,65.038
50.206,"Class1","X",11.063,21.091,42.072,61.255,"X",43.625,10.829,16,25.66
83.682,"Class3","S",33.021,27.344,83.87,11.04,"P",31.638,63.169,67,45.391
78.611,"Class2","B",41.203,58.231,24.565,1.923,"T",0.456,26.394,54,59.984
12.001,"Class3","U",23.949,41.088,84.174,14.626,"B",24.597,84.039,54,57.029
16.727,"Class1","S",29.388,45.637,40.983,55.269,"N",34.892,20.677,21,60.916
55.56,"Class3","U",33.965,38.794,94.885,11.755,"I",20.894,63.887,60,31.224
93.716,"Class2","W",77.855,66.13,32.066,3.775,"Q",43.165,35.38,64,54.998
NA,"Class1","L",3.962,10.221,43.27,56.648,"N",43.043,18.743,19,50.431
79.231,"Class2","H",56.104,71.759,17.592,5.121,"G",29.522,31.729,65,84.245
67.41,"Class3","S",26.372,53.091,86.799,17.882,"X",30.022,71.397,51,35.865
83.072,"Class3","Q",32.083,55.354,83.739,14.307,"X",14.406,81.132,62,33.913
53.046,"Class2","B",77.946,86.07,18.703,3.169,"Q",53.521,24.68,59,69.481
32.404,"Class1","S",7.465,20.598,42.207,50.599,"Q",52.748,17.764,18,40.921
54.076,"Class3","S",24.431,39.448,89.787,16.406,"A",20.604,90.549,67,55.36
34.999,"Class1","S",8.988,52.759,40.541,54.94,"X",48.534,29.47,23,23.412
68.001,"Class3","G",39.099,36.119,92.311,14.759,"B",22.022,75.685,64,37.603
56.401,"Class3","Q",28.624,38.128,90.281,12.236,"P",11.033,72.676,60,59.385
54.177,"Class1","W",3.258,62.538,48.5,40.981,"N",42.545,15.441,23,2.415
79.945,"Class2","B",47.367,43.531,37.754,0.776,"E",55.068,1.378,51,69.62
NA,"Class3","G",NA,49.406,88.052,4.908,"I",17.637,81.497,61,35.522
67.937,"Class1","W",15.178,57.798,49.848,22.296,"M",53.194,15.714,19,57.034
12.873,"Class3","S",32.598,39.557,74.233,15.582,"P",26.074,86.155,62,47.153
68.037,"Class3","S",36.601,44.328,86.903,12.061,"P",25.16,81.375,59,32.338
48.076,"Class1","W",11.621,21.868,40.653,65.682,"U",47.475,2.317,18,66.315
83.763,"Class2","R",NA,58.819,26.998,0.932,"Q",40.946,18.652,58,65.354
NA,"Class2","B",86.692,38.598,18.842,4.563,"T",51.23,36.88,75,69.101
77.795,"Class3","S",37.285,44.378,81.187,12.692,"P",22.866,84.374,64,49.604
62.86,"Class2","H",83.264,81.145,27.421,2.398,"B",88.766,35.879,50,89.472
29.538,"Class1","X",21.183,47.382,46.606,62.161,"N",46.912,28.044,16,48.225
14.643,"Class3","Q",21.548,39.184,78.555,14.13,"B",23.477,73.338,56,59.79
74.65,"Class2","W",47.959,42.615,41.007,1.973,"G",96.047,16.282,71,56.332
18.567,"Class1","X",19.374,66.582,44.323,35.61,"U",31.221,26.221,21,66.374
51.887,"Class3","U",28.596,44.349,85.412,4.176,"P",22.257,85.423,67,48.145
8.575,"Class3","Q",NA,42.955,78.893,11.138,"X",20.713,78.457,51,52.857
NA,"Class1","W",2.285,33.956,43.428,69.642,"X",41.667,26.752,14,42.029
50.381,"Class1","X",13.089,80.06,47.607,52.492,"U",30.975,15.5,15,53.164
18.944,"Class1","W",8.146,62.668,42.61,66.631,"U",46.791,8.611,20,76.31
91.314,"Class2","H",50.743,96.01,39.821,1.166,"B",97.405,12.141,70,90.617
38.426,"Class1","L",11.362,77.884,47.01,58.158,"N",44.532,-1.995,15,46.65
67.964,"Class3","Q",35.986,37.082,79.723,12.177,"A",19.703,68.675,57,60.022
73.552,"Class2","R",44.614,64.753,13.218,-0.116,"T",39.883,19.216,57,75.812
11.489,"Class1","L",23.495,54.822,46.564,53.25,"X",46.324,-2.497,22,20.409
54.644,"Class2","R",46.116,86.962,14.219,4.165,"G",69.713,8.105,58,76.501
21.186,"Class3","G",33.017,29.125,84.471,11.288,"P",25.28,60.369,58,44.337
50.549,"Class2","R",79.409,74.651,8.615,0.753,"G",14.736,19.773,56,61.776
11.131,"Class1","X",25.031,48.405,47.647,57.899,"M",41.115,11.462,21,61.685
81.389,"Class2","W",67.878,40.223,43.975,3.348,"Q",38.443,9.148,70,76.167
88.406,"Class2","R",58.885,26.7,35.948,0.23,"G",109.652,20.714,62,88.287
20.208,"Class1","X",6.876,38.746,45.419,64.11,"Q",49.054,14.916,21,10.403
54.112,"Class1","W",15.7,69.272,40.502,64.837,"U",38.63,18.399,18,63.844
13.004,"Class1","T",30.871,32.69,45.102,40.052,"U",36.28,14.829,15,76.713
61.083,"Class1","L",31.451,19.766,46.182,43.54,"X",41.391,-0.886,20,65.638
71.28,"Class3","A",23.63,53.807,82.763,12.906,"X",6.552,67.166,54,38.201
86.807,"Class2","U",NA,69.251,19.495,3.15,"B",46.161,49.456,62,81.146
38.248,"Class3","U",31.179,47.373,85.347,23.125,"A",14.209,75.375,63,36.113
19.506,"Class3","G",29.521,48.406,83.802,12.909,"X",21.521,81.856,56,34.748
82.59,"Class3","U",39.401,32.686,83.712,21.989,"P",35.927,88.011,56,59.464
59.684,"Class3","U",27.447,50.311,87.15,10.501,"P",28.504,72.175,51,64.698
60.421,"Class1","L",19.969,11.141,44.19,46.728,"M",52.314,2.889,23,40.27
18.854,"Class3","S",NA,54.55,87.342,12.366,"I",20.433,70.903,60,64.658
58.272,"Class1","T",22.823,13.884,46.263,41.757,"U",44.477,18.588,15,49.811
20.503,"Class3","U",31.976,26.933,87.155,16.129,"I",11.107,78.886,66,65.471
53.71,"Class3","S",37.785,38.325,85.844,8.824,"P",22.076,96.526,53,31.026
60.72,"Class2","U",71.798,50.57,33.937,1.988,"E",32.081,37.78,61,67.852
NA,"Class2","B",77.073,93.431,17.921,5.153,"E",18.299,20.06,65,89.959
49.219,"Class2","H",76.725,18.695,41.529,4.495,"E",71.672,28.549,60,85.432
92.673,"Class2","H",88.508,24.507,-2.343,2.379,"B",74.924,10.275,63,88.759
85.813,"Class3","Q",NA,38.673,78.491,15.349,"B",25.817,67.297,54,63.278
36.017,"Class1","T",2.711,72.307,40.507,48.248,"X",52.004,11.991,17,15.143
58.022,"Class2","B",61.897,66.423,18.574,3.302,"E",75.759,21.419,51,63.937
38.452,"Class1","S",8.237,72.55,42.061,36.349,"M",30.854,21.084,21,79.39
83.642,"Class3","Q",27.668,32.197,89.035,15.012,"X",25.114,71.905,55,55.05
26.471,"Class3","Q",26.948,47.888,82.523,8.12,"B",21.152,80.392,68,59.277
81.145,"Class2","H",60.505,71.211,22.497,3.847,"G",50.251,12.415,74,70.559
15.325,"Class1","L",23.844,55.843,45.023,63.715,"X",42.925,8.869,15,58.37
33.624,"Class1","W",31.074,6.18,46.127,40.943,"N",42.934,18.728,22,54.073
64.444,"Class3","G",21.918,31.114,97.403,16.975,"X",24.799,87.236,67,35.157
49.342,"Class2","W",48.42,46.851,10.52,4.427,"G",40.937,13.736,55,55.792
9.348,"Class3","G",25.858,45.99,87.629,15.088,"A",30.889,69.232,59,53.077
31.697,"Class3","U",37.116,37.188,89.094,14.056,"X",19.857,71.364,61,55.05
83.561,"Class3","Q",25.687,51.377,88.956,14.025,"X",23.852,81.597,66,34.743
34.392,"Class1","T",31.298,47.253,43.462,55.978,"M",26.978,5.945,20,3.589
80.207,"Class3","G",31.11,29.181,88.726,8.759,"A",24.856,74.044,51,37.2
79.655,"Class2","R",53.774,65.895,35.213,2.47,"B",67.158,44.761,63,82.49
85.001,"Class2","B",NA,34.728,29.699,0.293,"Q",29.275,32.641,50,63.985
33.543,"Class3","S",38.712,54.18,83.195,11.828,"P",10.443,87.261,65,62.216
73.451,"Class2","U",52.625,52.73,23.635,3.547,"T",35.163,26.601,72,79.448
60.921,"Class2","H",87.271,86.856,38.382,0.732,"B",56.571,43.829,73,55.505
76.264,"Class2","R",47.025,93.848,25.254,1.765,"Q",89.506,16.393,51,78.578
58.542,"Class2","B",49.311,21.767,35.537,3.765,"Q",15.073,9.24,49,64.283
45.706,"Class1","L",22.916,71.934,46.983,63.462,"U",49.674,1.058,17,66.438
NA,"Class3","A",31.607,33.794,88.143,7.983,"P",9.959,70.209,64,34.171
9.61,"Class3","A",24.699,54.19,92.408,12.195,"X",24.284,78.48,67,47.694
19.605,"Class1","W",17.33,78.482,45.115,53.988,"N",47.824,12.382,16,21.03
50.922,"Class2","U",90.005,37.074,30.269,4.005,"G",102.693,16.732,58,75.026
29.559,"Class1","X",16.082,32.134,39.639,44.655,"M",47.837,26.573,19,9.385
18.595,"Class1","S",26.89,67.159,41.282,54.47,"U",35.539,21.749,21,11.6
67.197,"Class2","R",64.754,20.745,6.578,4.016,"Q",15.895,17.081,77,76.643
26.018,"Class1","W",23.182,66.457,44.17,62.298,"M",41.331,0.591,14,57.249
12.928,"Class1","S",30.678,38.082,47.589,59.47,"Q",47.063,8.994,14,44.677
65.648,"Class2","H",89.105,57.139,36.888,3.311,"Q",42.042,20.617,72,67.156
43.712,"Class1","L",4.453,34.034,43.388,47.794,"Q",49.011,2.22,16,51.446
85,"Class2","R",74.95,52.807,56.453,4.199,"B",100.373,18.49,67,79.053
81.474,"Class2","H",92.025,64.218,42.333,3.608,"G",52.148,14.184,52,67.947
57.423,"Class3","A",38.068,55.59,87.57,21.09,"I",20.34,90.873,66,61.819
42.135,"Class3","S",29.221,36.472,89.687,12.93,"X",21.932,71.819,62,49.073
95.434,"Class2","W",46.031,30.641,48.923,4.525,"E",34.74,16.418,71,58.181
33.385,"Class1","S",27.738,61.338,46.958,57.746,"X",49.843,2.813,20,49.272
43.615,"Class1","W",28.028,22.815,49.673,52.894,"M",39.011,-0.15,18,50.343
65.177,"Class1","S",26.116,45.743,44.72,62.901,"M",33.956,10.399,14,68.211
78.388,"Class2","H",92.198,49.359,30.824,5.442,"Q",21.197,42.105,63,60.634
92.911,"Class2","U",76.78,56.265,35.218,2.673,"T",60.995,11.303,57,79.89
49.246,"Class2","W",69.338,76.699,23.454,4.937,"Q",85.988,24.362,80,77.003
54.772,"Class2","W",59.46,27.61,19.878,1.411,"Q",75.291,21.027,62,66.025
56.896,"Class1","T",6.32,52.683,44.757,50.262,"U",37.72,3.615,14,46.818
81.27,"Class3","A",25.161,32.779,84.691,19.153,"I",22.219,69.002,63,56.181
NA,"Class2","R",80.321,23.433,24.053,3.144,"G",81.687,32.896,80,75.391
45.931,"Class3","U",21.531,33.784,90.394,15.71,"P",25.658,85.422,53,34.974
18.513,"Class1","S",18.14,79.874,46.887,52.868,"N",51.514,24.258,15,56.237
37.771,"Class1","L",20.139,35.226,47.861,54.715,"Q",38.043,24.984,17,43.41
66.165,"Class2","R",45.392,60.001,27.945,4.522,"T",51.28,30.049,74,69.675
32.429,"Class3","S",NA,27.257,94.954,12.521,"X",20.483,75.413,53,36.9
9.765,"Class1","X",31.371,8.212,44.751,39.006,"U",40.305,14.366,14,38.541
48.431,"Class3","A",25.031,54.431,88.468,9.938,"B",23.167,69.889,59,58.506
34.643,"Class1","L",6.376,5.494,42.903,55.041,"Q",47.728,2.159,16,3.785
78.803,"Class3","S",38.783,28.893,91.175,19.129,"B",37.414,69.852,68,46.553
37.378,"Class3","A",35.455,47.092,89.417,10.045,"X",19.019,74.591,53,50.851
NA,"Class2","B",45.898,84.673,19.932,4.077,"Q",73.099,4.889,68,74.764
19.188,"Class3","U",26.68,34.855,89.394,9.667,"I",27.889,75.861,59,47.553
74.637,"Class3","A",23.913,26.217,95.82,17.241,"A",27.251,86.029,53,37.291
57.012,"Class2","W",54.784,24.511,22.463,2.472,"T",41.483,7.375,63,54.591
55.726,"Class2","W",84.492,67.346,18.526,3.41,"B",46.285,3.893,67,67.556
79.543,"Class2","U",90.996,79.673,34.254,4.008,"G",100.609,10.574,79,66.688
41.051,"Class1","T",7.086,17.648,46.006,64.137,"M",35.865,30.8,21,29.766
31.315,"Class3","A",21.004,54.159,90.314,14.164,"X",16.294,74.705,59,42.222
69.805,"Class2","W",NA,57.742,30.249,2.28,"T",78.052,26.818,52,69.634
24.158,"Class3","S",33.211,30.95,85.882,17.05,"A",10.825,85.143,53,36.132
91.484,"Class2","B",94.145,43.861,17.829,3.591,"B",40.586,29.887,77,61.099
79.532,"Class2","H",69.243,19.295,35.072,0.93,"G",29.644,42.795,75,75.376
47.328,"Class2","H",64.902,52.089,20.668,4.135,"G",81.028,48.875,77,72.293
28.718,"Class3","Q",31.91,34.914,86.37,4.786,"X",22.461,81.557,57,35.312
61.481,"Class2","U",95.394,56.551,28.538,2.873,"T",41.601,21.27,76,90.8
58.432,"Class3","Q",27.847,52.715,88.144,19.301,"A",23.764,83.56,51,64.216
63.548,"Class1","S",28.262,13.338,40.485,57.313,"X",37.988,6.266,16,11.757
67.3,"Class1","S",17.25,24.202,43.328,48.161,"M",39.873,12.282,19,54.933
17.082,"Class1","T",31.552,42.371,45.989,44.295,"Q",42.982,18.811,22,57.429
NA,"Class1","X",22.515,5.378,39.547,43.061,"M",49,12.919,17,4.918
59.337,"Class1","S",19.458,55.742,46.868,53.409,"M",49.591,23.035,14,64.541
9.504,"Class1","L",18.526,21.194,42.879,68.806,"U",46.872,5.527,14,33.016
91.717,"Class2","W",76.23,25.622,24.214,6.38,"B",44.76,29.447,65,75.63
22.232,"Class1","T",12.68,51.115,43.994,54.682,"U",51.403,3.029,18,27.053
39.495,"Class1","S",24.932,46.834,42.058,69.421,"X",45.234,21.914,18,51.803
49.153,"Class3","A",21.44,48.085,90.259,12.392,"I",15.529,57.99,55,55.417
62.929,"Class3","Q",35.535,41.571,91.055,7.927,"X",10.909,68.036,64,50.186
43.706,"Class3","S",25.08,36.504,82.78,14.706,"A",31.233,80.227,62,59.454
17.266,"Class1","L",19.289,79.89,42.312,50.898,"X",41.195,4.557,15,33.008
77.696,"Class2","R",76.897,94.818,17.561,3.792,"E",47.759,26.733,53,82.513
70.141,"Class3","S",NA,50.696,90.811,13.66,"X",18.95,87.14,57,59.167
NA,"Class2","W",43.048,25.07,23.474,4.299,"G",120.908,15.331,53,80.869
42.369,"Class1","S",23.183,61.22,44.869,50.012,"Q",28.261,20.331,16,2.251
56.586,"Class2","B",93.254,16.275,42.814,2.317,"B",96.016,30.828,64,86.786
71.491,"Class2","U",49.229,51.998,23.193,1.895,"Q",80.029,35.893,73,57.961
21.041,"Class3","Q",35.129,44.661,89.819,18.988,"B",22.283,63.56,53,31.296
76.791,"Class3","A",38.032,36.516,90.98,6.349,"I",23.326,69.714,64,61.432
35.891,"Class1","S",9,22.344,45.431,61.774,"N",43.032,16.472,14,78.728
79.039,"Class3","S",29.713,30.522,87.972,23.96,"P",25.318,67.235,57,52.706
72.357,"Class2","W",41.86,71.362,27.685,1.703,"G",124.9,-2.515,52,76.55
86.865,"Class2","U",50.524,86.921,31.689,-0.423,"Q",61.268,33.215,69,83.779
52.301,"Class1","W",14.813,10.472,45.079,44.652,"N",37.717,4.963,22,42.988
76.727,"Class3","U",33.674,51.476,80.955,9.307,"P",23.629,74.369,68,39.949
73.447,"Class3","S",37.458,40.949,98.671,21.72,"I",27.758,73.503,61,64.425
NA,"Class3","U",31.012,27.522,93.765,12.828,"B",13.056,77.4,58,36.299
93.034,"Class2","W",66.066,19.121,16.312,3.854,"T",71.914,27.345,58,82.44
77.114,"Class2","W",42.471,37.461,18.324,2.842,"B",49.556,1.292,58,64.242
57.238,"Class1","L",4.649,31.218,47.641,42.332,"Q",24.446,17.933,18,16.813
NA,"Class3","U",36.168,26.72,72.161,10.176,"A",29.08,91.402,54,51.209
57.726,"Class1","X",24.121,21.533,47.261,53.556,"U",45.726,2.526,20,22.288
12.112,"Class1","T",7.21,31.099,45.861,69.271,"Q",30.018,17.083,14,65.269
80.232,"Class3","U",20.099,40.39,87.584,13.682,"B",24.967,83.078,63,60.839
52.201,"Class3","G",34.053,49.895,82.975,11.165,"A",15.841,70.06,66,37.105
16.243,"Class3","A",25.817,53.942,86.467,12.799,"I",21.469,86.619,66,53.383
53.37,"Class3","S",NA,41.497,91.512,11.722,"B",26.756,69.093,56,61.701
15.02,"Class1","W",6.47,31.346,47.523,39.652,"U",48.054,17.641,22,20.173
33.393,"Class1","L",17.006,12.575,48.266,48.209,"U",41.5,28.695,23,60.22
28.809,"Class1","T",8.96,18.51,45.292,58.854,"M",49.736,19.027,21,28.211
76.354,"Class2","B",47.739,75.443,41.724,0.293,"G",85.119,3.179,58,54.824
51.316,"Class2","B",44.574,95.16,31.049,2.129,"Q",25.935,11.859,66,83.754
13.58,"Class3","G",24.476,50.865,95.812,9.246,"X",23.141,69.842,63,64.38
76.314,"Class3","Q",27.579,31.799,91.252,22.34,"I",23.896,65.969,57,53.388
27.51,"Class1","S",25.282,66.176,49.324,40.636,"N",33.382,18.337,23,33.416
39.944,"Class1","L",7.509,60.042,45.007,66.248,"X",40.146,8.95,14,68.673
7.806,"Class3","U",21.227,47.63,81.753,15.91,"X",19.64,93.161,58,52.111
20.13,"Class1","L",14.39,10.43,41.83,64.227,"N",46.478,21.374,21,24.143
51.161,"Class1","W",6.118,66.642,41.836,36.862,"X",52.773,33.835,16,19.057
NA,"Class2","W",89.516,81.086,1.966,3.452,"Q",67.273,40.328,66,85.236
28.618,"Class3","A",35.802,46.553,81.921,11.41,"B",24.311,92.943,58,34.863
61.635,"Class1","L",12.123,24.625,44.553,51.125,"U",39.378,17.975,19,34.454
86.155,"Class3","S",29.259,46.216,82.042,16.393,"A",14.515,84.741,54,54.033
83.437,"Class3","Q",30.143,29.843,89.533,15.19,"X",16.585,70.518,52,38.146
13.596,"Class1","W",19.266,30.716,41.554,78.179,"N",36.754,11.967,21,63.181
63.455,"Class1","T",23.508,51.89,42.823,45.155,"U",47.559,16.906,22,75.395
29.496,"Class1","X",9.6,65.135,47.105,49.311,"M",55.662,4.162,17,74.092
21.291,"Class1","S",10.25,44.762,46.723,70.979,"Q",53.63,5.415,16,56.478
72.1,"Class2","H",82.981,91.393,7.078,3.667,"B",23.052,-0.934,55,87.731
15.883,"Class3","S",21.363,27.195,95.366,10.598,"X",17.337,88.978,59,47.405
63.251,"Class1","W",13.392,54.101,47.504,68.309,"U",40.173,1.364,15,22.001
88.911,"Class3","S",22.822,54.726,87.485,12.27,"B",20.184,64.335,59,39.799
13.756,"Class1","X",6.608,59.813,43.636,53.054,"X",34.573,25.653,15,69.866
29.2,"Class3","S",22.846,45.766,92.852,14.64,"B",16.049,83.929,52,65.221
39.112,"Class1","L",7.025,6.577,42.706,42.651,"Q",47.902,2.231,14,51.845
70.011,"Class2","H",68.294,19.57,29.858,1.561,"B",46.348,17.551,58,80.386
62.718,"Class3","Q",32.164,56.089,86.461,9.689,"B",14.962,80.728,67,55.264
28.321,"Class3","G",28.441,33.82,92.296,8.152,"A",24.117,72.349,67,35.627
88.391,"Class2","R",70.985,96.437,38.918,1.277,"T",51.023,26.707,60,75.646
39.352,"Class1","W",30.849,37.255,41.073,60.84,"Q",41.356,16.27,21,19.348
9.487,"Class3","G",39.792,48.789,91.972,8.918,"A",24.435,80.284,56,65.938
49.478,"Class2","R",71.416,93.148,21.037,1.598,"G",66.549,11.311,79,57.185
75.47,"Class3","G",33.855,35.071,85.52,8.768,"A",21.499,65.811,64,35.07
47.217,"Class2","B",41.25,80.175,17.264,-0.561,"Q",58.582,40.969,76,84.826
73.214,"Class3","G",35.92,51.611,88.436,18.586,"A",23.12,91.839,69,59.347
54.856,"Class2","W",64.748,48.369,9.472,4.326,"G",89.101,10.146,62,81.435
49.541,"Class2","B",81.11,51.638,30.995,4.279,"Q",49.928,4.448,76,68.032
83.552,"Class2","H",81.301,80.849,49.089,4.582,"G",69.022,-2.318,57,74.416
48.333,"Class3","Q",32.926,31.343,88.826,13.197,"P",21.255,80.294,54,65.326
70.655,"Class2","R",87.467,25.567,15.064,2.631,"E",60.841,16.054,68,69.755
32.778,"Class3","Q",22.645,37.239,81.671,15.783,"I",26.475,91.733,54,43.205
19.928,"Class1","S",16.32,60.523,48.236,51.256,"M",23.813,29.559,21,52.202
49.527,"Class3","U",29.515,55.067,91.464,16.574,"I",23.093,82.548,68,37.206
37.323,"Class3","U",29.79,52.23,76.288,14.469,"B",17.432,73.215,61,43.16
35.756,"Class3","G",31.098,52.217,77.274,14.953,"X",20.135,80.457,60,51.221
65.286,"Class1","S",19.695,62.071,46.524,68.171,"Q",32.112,6.126,16,35.476
30.46,"Class1","L",10.361,74.598,44.098,60.433,"N",47.684,30.925,17,73.391
77.376,"Class2","U",67.072,37.025,26.311,2.938,"B",49.084,31.399,76,86.508
30.134,"Class3","S",29.04,54.852,88.37,10.74,"A",3.896,74.131,54,50.397
73.364,"Class2","B",65.839,77.856,20.873,4.423,"G",26.484,23.262,62,64.559
42.704,"Class1","X",30.811,80.636,42.947,75.478,"U",41.588,19.655,21,63.724
22.955,"Class1","W",27.656,21.161,41.981,59.007,"N",43.905,20.049,14,61.961
43.92,"Class1","W",NA,7.524,49.043,26.76,"M",51.346,-7.125,14,69.017
61.772,"Class2","B",44.784,86.024,41.66,1.841,"T",65.257,31.596,76,74.021
47.546,"Class1","S",19.539,80.547,46.811,55.41,"N",43.339,10.637,14,32.199
91.495,"Class2","W",63.182,18.647,28.477,2.815,"T",8.856,31.724,52,80.001
62.855,"Class2","R",55.584,50.412,39.168,3.096,"B",59.559,46.606,51,57.033
76.712,"Class2","R",NA,83.046,15.582,2.547,"B",98.811,32.755,54,84.35
60.676,"Class1","S",19.226,78.448,43.34,61.914,"M",32.839,21.023,20,11.746
25.384,"Class1","X",7.052,5.337,37.757,71.556,"Q",32.697,10.721,16,27.778
21.796,"Class3","G",31.106,45.493,81.745,11.501,"P",14.786,95.201,56,64.313
40.568,"Class3","Q",21.975,49.848,95.572,14.609,"B",21.313,82.753,62,48.712
68.389,"Class2","R",53.642,18.557,36.909,2.219,"Q",50.478,23.118,71,56.875
48.874,"Class2","H",NA,75.048,15.894,4.21,"Q",36.46,17.618,79,68.47
85.325,"Class3","S",37.121,40.063,83.557,8.027,"B",28.226,80.77,60,35.634
67.241,"Class2","W",59.174,39.121,46.583,2.163,"T",60.171,10.103,55,56.412
11.906,"Class3","Q",21.794,38.867,77.172,14.451,"B",28.991,57.654,67,50.793
12.615,"Class1","T",13.633,68.965,48.477,63.078,"M",44.8,15.909,22,30.078
58.716,"Class3","U",23.767,56.116,78.684,9.415,"X",16.307,86.128,55,43.547
33.215,"Class3","A",22.076,41.565,87.704,12.219,"A",36.269,72.657,64,46.772
61.321,"Class1","L",9.035,67.089,48.089,62.852,"X",22.32,4.473,17,33.069
28.639,"Class3","G",23.459,40.367,78.821,16.326,"B",12.075,100.68,62,36.796
65.634,"Class2","R",63.685,67.363,15.97,4.687,"T",49.567,29.668,53,88.728
77.013,"Class3","A",34.72,45.365,87.444,5.487,"A",20.643,80.483,61,62.614
56.304,"Class3","A",31.228,52.735,88.953,14.247,"B",31.17,66.458,68,43.741
59.627,"Class2","W",76.98,53.514,37.254,0.314,"G",81.553,21.613,53,90.308
25.904,"Class3","Q",34.583,54.726,89.485,9.771,"A",22.01,60.929,56,49.157
28.858,"Class1","S",10.752,80.085,46.325,54.52,"U",24.654,14.457,14,73.822
19.214,"Class1","W",12.092,43.418,45.149,64.858,"M",51.402,14.337,22,71.727
14.617,"Class1","L",26.773,70.076,41.102,57.696,"M",50.868,31.608,18,75.469
65.619,"Class2","H",59.327,79.324,15.805,3.062,"G",73.472,28.998,54,83.032
NA,"Class1","T",11.462,50.235,44.769,55.235,"Q",37.549,15.664,20,70.826
52.209,"Class1","T",18.818,28.422,44.837,67.681,"Q",41.675,17.674,18,39.529
93.347,"Class2","W",65.947,62.972,23.795,3.692,"Q",71.069,49.369,76,80.211
66.117,"Class2","R",58.846,68.058,21.601,3.517,"Q",61.23,20.149,66,87.944
54.056,"Class2","R",90.579,34.838,29.152,2.145,"T",38.232,34.145,67,56.767
47.84,"Class2","U",60.041,30.134,27.364,2.971,"T",40.451,31.658,79,87.013
90.75,"Class2","W",58.036,90.981,34.962,1.768,"E",88.289,13.737,65,72.665
90.041,"Class2","W",89.287,16.185,39.477,4.398,"B",70.562,40.853,73,82.921
65.947,"Class1","S",25.716,49.538,43.707,44.886,"U",38.976,5.488,16,73.075
85.282,"Class3","U",26.51,47.06,87.374,5.467,"B",21.129,76.622,63,64.968
62.141,"Class3","S",27.809,34.963,90.878,14.077,"I",22.061,79.043,60,51.992
41.042,"Class3","Q",31.643,40.438,92.474,15.734,"A",18.847,82.556,64,44.491
61.542,"Class2","H",70.987,36.829,24.165,3.118,"T",68.091,-4.857,73,80.667
57.736,"Class1","T",2.338,22.285,45.853,59.49,"X",36.741,13.576,18,75.807
24.16,"Class1","L",13.702,79.549,49.488,66.596,"N",34.981,13.57,18,78.062
32.96,"Class1","W",5.788,10.057,46.175,78.116,"M",44.822,27.131,22,18.958
10.869,"Class3","A",39.513,48.799,87.922,9.696,"B",26.034,76.026,52,46.284
86.646,"Class3","U",23.196,44.78,86.242,17.579,"X",21.107,74.921,53,44.891
89.986,"Class2","U",80.427,89.801,34.556,1.609,"E",15.738,27.215,75,55.976
83.253,"Class3","Q",NA,32.691,86.608,19.708,"I",34.894,75.647,61,58.891
42.366,"Class1","X",9.842,18.773,46.919,73.913,"M",45.517,7.619,14,46.738
57.467,"Class3","Q",37.695,36.552,91.918,8.497,"B",27.247,84.863,68,61.456
10.826,"Class1","W",20.274,54.536,46.533,31.425,"M",45.239,5.977,18,72.018
54.446,"Class3","A",26.646,35.446,86.09,14.754,"X",18.926,81.13,68,42.743
58.132,"Class2","U",53.748,49.15,3.685,2.471,"Q",97.721,6.572,51,65.789
75.655,"Class2","B",62.479,85.872,20.271,4.019,"Q",25.716,11.434,58,62.831
NA,"Class2","B",81.886,63.19,37.034,2.791,"G",66.59,35.047,77,55.322
72.288,"Class2","W",51.087,56.754,25.641,2.892,"G",72.34,-14.083,71,73.568
NA,"Class3","U",22.73,40.836,90.984,6.018,"B",26.016,72.201,52,56.159
36.807,"Class3","U",23.33,37.439,91.563,10.384,"A",22.523,79.192,60,55.183
89.157,"Class2","H",75.095,19.957,37.758,1.936,"T",31.246,40.65,80,63.668
9.095,"Class3","S",29.468,29.071,81.26,11.255,"X",17.168,68.433,66,59.266
64.737,"Class2","U",58.793,49.918,48.041,4.986,"T",80.621,-22.731,76,87.837
29.727,"Class1","S",14.435,55.891,45.927,52.13,"Q",58.233,20.57,22,76.544
72.272,"Class2","H",91.391,49.584,10.982,-0.413,"B",30.831,30.053,79,56.496
28.896,"Class3","U",26.749,36.263,86.601,13.269,"P",22.96,64.365,68,33.067
55.675,"Class1","S",25.313,80.666,46.341,62.085,"M",47.028,17.44,20,56.863
36.66,"Class1","T",14.55,63.137,42.266,46.77,"U",49.174,26.564,21,46.385
62.234,"Class2","H",55.507,45.403,47.806,3.799,"T",65.439,0.107,76,61.084
44.003,"Class1","L",26.24,19.801,50.09,47.033,"U",57.235,16.972,22,26.73
31.986,"Class1","W",4.577,58.7,47.695,67.85,"X",41.385,-4.635,17,27.065
35.677,"Class1","S",22.483,35.87,46.545,58.441,"X",58.744,9.519,17,19.835
14.05,"Class1","W",3.86,35.803,44.408,45.043,"N",26.93,13.392,14,43.472
37.842,"Class3","S",37.827,46.76,89.735,18.774,"B",30.246,64.598,69,65.53
80.876,"Class2","R",67.707,58.148,23.619,5.673,"G",43.186,26.69,64,60.316
67.317,"Class3","G",21.45,43.175,84.569,12.544,"A",22.723,91.792,60,41.399
43.397,"Class1","L",NA,28.892,44.259,43.949,"N",37.502,8.067,17,59.357
66.006,"Class2","B",66.096,24.096,43.104,4.491,"E",32.4,29.122,66,74.996
82.973,"Class3","G",33.829,26.494,88.059,15.041,"B",17.055,81.069,65,51.701
61.236,"Class1","T",27.939,25.278,48.316,48.107,"Q",43.328,17.521,22,74.758
62.578,"Class1","S",8.681,10.715,40.67,50.174,"N",48.733,18.312,21,40.518
53.297,"Class3","U",24.494,56.181,75.762,18.039,"P",20.642,99.197,64,57.231
76.939,"Class3","Q",29.261,43.939,70.203,6.489,"I",21.044,62.461,65,44.672
56.755,"Class2","W",41.43,59.894,34.083,3.233,"Q",11.662,35.234,78,80.059
61.617,"Class1","L",14.206,27.338,40.245,49.331,"X",41.447,27.2,21,59.191
82.388,"Class2","R",90.454,88.255,36.693,3.793,"T",51.311,23.311,64,80.509
80.586,"Class3","S",24.019,34.208,90.783,5.932,"I",17.884,89.903,65,63.267
NA,"Class1","W",10.93,59.874,43.937,60.128,"Q",49.927,22.29,18,68.161
62.273,"Class2","H",50.112,36.701,27.828,2.925,"G",23.572,25.956,56,60.594
24.29,"Class3","Q",30.772,43.316,86.377,16.957,"B",30.086,75.502,54,32.482
79.746,"Class2","W",46.605,35.475,34.478,4.344,"G",28.034,51.944,76,60.315
67.524,"Class1","T",15.292,76.81,46.007,70.559,"X",40.78,26.677,14,33.445
64.938,"Class1","X",13.329,18.723,47.962,55.99,"X",55.683,8.5,21,5.401
22.052,"Class1","L",17.424,13.813,44.074,56.762,"X",51.493,16.064,22,48.056
75.471,"Class2","H",59.189,54.905,20.251,2.252,"Q",76.383,31.191,65,70.284
58.097,"Class1","T",19.055,40.568,44.573,48.13,"M",48.321,17.21,20,33.443
78.936,"Class3","A",NA,51.399,79.162,1.655,"B",20.479,79.736,52,36.066
42.885,"Class1","W",27.033,47.987,42.471,52.268,"M",38.39,29.704,19,66.499
67.291,"Class1","L",27.83,18.541,41.749,32.306,"U",35.335,16.495,23,19.644
29.807,"Class3","A",37.115,35.635,91.155,13.003,"X",24.45,76.682,54,41.715
50.746,"Class1","L",27.435,34.298,46.704,69.666,"N",36.722,19.034,16,42.837
78.967,"Class2","B",84.067,50.049,33.212,1.157,"Q",47.625,24.438,74,90.577
33.858,"Class3","U",25.562,34.601,96.535,5.841,"A",12.31,95.954,53,55.285
14.936,"Class1","W",27.451,26.152,46.036,41.666,"M",43.11,22.41,19,64.785
77.702,"Class2","U",48.168,66.791,35.152,1.855,"B",48.721,15.248,80,76.646
85.924,"Class2","R",87.961,55.26,14.549,1.833,"G",53.198,-3.633,52,85.789
87.81,"Class2","R",75.943,79.887,18.069,2.088,"E",77.044,27.745,52,81.8
36.301,"Class3","Q",27.967,43.575,87.546,12.51,"P",22.065,92.21,56,54.027
81.299,"Class2","B",73.248,61.986,33.223,5.498,"T",64.665,35.507,61,74.12
64.143,"Class1","S",20.481,7.412,49.393,66.027,"U",34.897,34.8,20,68.905
49.63,"Class1","S",19.403,47.335,47.059,49.623,"X",51.61,15.297,15,8.346
31.903,"Class3","A",27.114,56.687,97.383,11.512,"B",17.233,78.689,68,42.044
91.058,"Class2","U",80.036,45.997,35.839,1.374,"E",41.65,6.849,58,90.794
57.962,"Class2","W",74.738,20.883,28.87,2.342,"E",89.78,9.028,79,54.744
84.932,"Class3","G",35.868,51.948,91.982,14.62,"I",30.573,61.195,59,47.269
34.83,"Class3","A",21.339,46.684,83.865,15.039,"A",14.501,66.832,52,44.04
78.322,"Class3","S",20.189,56.961,93.109,14.908,"B",20.869,64.835,57,56.155
84.914,"Class2","B",64.088,24.712,22.843,5.059,"E",47.723,31.878,67,89.948
70.51,"Class3","A",35.86,43.567,74.235,15.634,"B",29.688,102.454,56,47.999
52.962,"Class1","X",23.429,50.003,45.161,68.053,"X",44.656,10.015,23,67.476
47.239,"Class2","U",75.015,53.202,42.509,2.305,"B",10.03,26.442,63,86.355
75.331,"Class2","U",74.939,95.187,29.035,2.043,"E",112.595,17.185,57,59.754
49.581,"Class3","S",38.218,34.847,91.493,8.278,"I",22.75,82.006,69,61.969
37.603,"Class1","X",11.997,54.965,42.795,52.394,"N",39.817,14.091,17,48.324
86.594,"Class3","U",25.019,51.897,82.593,16.91,"X",28.894,87.737,56,43.849
62.144,"Class3","G",37.804,27.963,86.163,16.527,"B",14.481,62.703,55,33.521
67.155,"Class2","U",77.864,60.156,13.885,2.465,"E",49.737,3.788,52,70.028
NA,"Class1","T",23.61,75.385,47.611,58.947,"N",50.73,8.957,16,79.757
74.92,"Class3","S",29.536,39.562,85.584,14.075,"X",18.775,70.756,53,56.623
49.793,"Class3","S",37.04,30.276,85.886,16.609,"X",15.966,84.103,55,58.08
49.958,"Class2","W",69.5,18.079,35.164,2.845,"T",48.629,0.616,76,79.052
87.539,"Class3","U",29.546,47.779,94.013,7.579,"A",17.765,76.967,60,45.796
76.68,"Class2","U",85.396,25.3,21.922,4.52,"B",31.994,31.496,54,79.292
NA,"Class2","R",63.601,31.537,46.064,4.499,"E",9.948,14.612,79,62.835
40.754,"Class3","A",30.485,33.351,93.589,8.792,"P",11.403,74.756,69,58.768
16.012,"Class1","X",18.297,62.504,45.419,45.618,"N",45.833,0.782,21,42.264
NA,"Class2","B",51.272,94.162,44.36,2.076,"B",40.385,21.694,62,88.883
68.508,"Class1","X",28.937,25.911,41.637,53.142,"X",45.122,14.038,20,56.38
54.653,"Class2","R",41.305,33.722,21.019,2.632,"T",68.406,21.614,57,88.907
23.465,"Class3","Q",38.275,34.809,84.834,8.033,"A",31.484,75.225,55,44.649
93.616,"Class2","W",51.636,35.222,11.324,3.152,"G",53.57,30.267,70,60.459
11.481,"Class3","Q",28.929,52.228,85.651,20.39,"I",23.995,52.108,53,45.847
79.506,"Class2","R",77.607,76.39,37.827,3.523,"G",27.884,36.529,79,84.209
26.201,"Class1","T",4.534,58.243,42.254,61.04,"N",37.346,3.323,19,48.958
20.047,"Class1","L",2.289,42.613,43.859,43.706,"N",39.729,12.396,16,48.873
62.195,"Class2","R",84.537,21.652,39.182,2.441,"T",77.222,29.098,56,84.678
51.554,"Class2","R",41.99,50.466,21.98,4.582,"B",-10.347,42.307,67,81.604
65.964,"Class2","B",49.255,51.924,28.894,1.452,"B",36.102,37.848,73,88.009
91.027,"Class2","R",95.967,30.412,27.335,1.452,"T",46.113,22.636,68,75.076
40.605,"Class3","S",39.674,32.632,82.561,17.273,"X",15.447,81.454,62,63.883
14.744,"Class3","S",31.055,47.845,95.803,12.194,"X",17.701,79.726,53,35.721
92.723,"Class2","H",88.605,16.828,24.106,3.642,"B",26.338,13.827,68,70.394
53.266,"Class2","B",85.723,53.807,23.297,0.962,"Q",1.855,6.133,69,57.738
66.7,"Class1","S",19.947,76.95,48.973,67.931,"N",47.577,6.069,17,35.449
30.969,"Class3","Q",25.056,36.679,87.073,12.401,"P",21.744,70.088,55,59.745
46.391,"Class1","T",5.951,47.425,46.248,50.277,"Q",44.003,12.549,15,69.744
71.784,"Class2","W",44.715,77.862,48.114,2.333,"E",76.387,27.973,55,77.651
NA,"Class3","U",36.608,30.72,80.545,18.653,"A",14.001,88.384,62,63.54
49.053,"Class3","U",28.941,41.859,89.333,20.528,"X",19.503,68.056,62,50.144
78.972,"Class2","R",41.673,78.476,35.925,4.097,"B",103.383,6.053,72,85.959
61.878,"Class2","H",42.782,22.719,25.947,2.644,"T",60.353,2.845,56,69.688
63.15,"Class2","W",42.148,16.646,39.412,3.223,"T",51.744,10.738,74,58.813
