"WNT1","PWF2","YFN3","ARK4","SJE5","USG6","PGJ7","DZQ8","XLY9","IBP10","HDT11","Output4","ZWY12"
27.93,38,52.117,"E",52,55.728,24.306,39.856,22.099,"W",NA,"Class2",34.698
9.579,64,36.675,"M",65,NA,45.991,75.952,4.807,"C",32.307,"Class3",45.847
10.993,68,67.572,"M",70,36.812,43.349,58.057,29.091,"C",35.316,"Class3",42.564
9.221,86,61.415,"B",73,37.392,37.667,38.582,28.004,"C",38.445,"Class3",40.622
86.53,64,31.032,"R",78,41.214,68.825,51.873,22.352,"O",44.722,"Class1",12.671
19.414,10,59.809,"A",52,52.946,23.81,72.107,16.719,"W",55.408,"Class2",32.546
63.329,82,31.218,"Y",61,29.5,67.542,60.608,29.383,"U",48.166,"Class1",59.132
22.594,57,54.934,"A",39,54.82,23.233,87.297,20.454,"R",51.873,"Class2",31.018
7.183,69,60.894,"W",44,41.848,49.871,69.962,17.913,"P",36.686,"Class3",36.934
45.976,94,81.006,"W",78,32.758,76.869,35.056,51.93,"E",77.322,"Class4",41.77
39.976,70,69.328,"T",76,33.339,75.931,63.698,61.119,"L",51.364,"Class4",22.795
51.624,64,9.344,"Y",68,NA,69.29,8.082,27.84,"B",40.398,"Class1",74.617
40.242,81,31.689,"T",86,27.708,67.838,26.662,33.983,"O",41.799,"Class1",-7.388
9.792,72,55.114,"M",24,42.001,49.829,56.335,28.638,"W",40.089,"Class3",47.33
47.367,39,87.833,"W",30,34.185,87.365,23.885,63.065,"E",61.476,"Class4",43.955
55.211,97,56.013,"V",58,32.097,86.752,61.163,42.262,"H",59.809,"Class4",19.653
64.391,36,27.494,"Y",65,49.269,65.672,36.599,32.647,"M",63.67,"Class1",42.335
19.653,61,57.048,"A",46,59.115,23.177,69.487,20.044,"P",53.439,"Class2",30.903
21.432,15,66.196,"R",34,55.49,23.315,77.688,18.106,"H",53.181,"Class2",27.201
21.692,47,60.886,"R",50,60.062,23.344,87.208,15.387,"C",52.966,"Class2",24.847
22.737,21,55.758,"I",64,59.196,24.984,40.138,16.321,"P",52.474,"Class2",35.432
53.436,44,85.779,"T",65,31.069,87.921,30.472,84.639,"L",72.315,"Class4",35.456
73.59,26,29.188,"R",76,32.216,64.869,79.523,31.4,"B",39.031,"Class1",35.063
7.603,77,48.63,"M",67,35.809,41.238,67.893,14.769,"M",32.682,"Class3",36.942
40.002,72,70.92,"T",46,33.707,81.677,24.429,85.293,"H",47.11,"Class4",27.128
9.231,80,22.354,"M",62,38.869,50.115,47.833,9.627,"N",28.044,"Class3",31.886
43.805,92,58.105,"F",66,31.448,76.138,33.8,80.583,"H",54.236,"Class4",22.004
10.605,83,31.786,"G",57,30.792,44.003,25.601,8.225,"W",29.735,"Class3",45.096
9.415,79,47.115,"W",34,50.738,51.328,77.714,19.709,"P",38.18,"Class3",32.456
54.783,31,55.88,"V",37,32.142,77.24,63.656,49.635,"L",59.351,"Class4",43.162
6.117,77,46.932,"W",54,37.159,32.692,67.457,24.322,"P",34.424,"Class3",46.125
55.871,72,53.283,"W",54,31.074,80.594,34.541,90.9,"E",44.139,"Class4",24.935
9.733,88,35.453,"W",65,28.49,30.436,65.537,29.976,"W",35.742,"Class3",48.83
8.71,80,58.514,"W",24,46.363,41.894,79.862,19.29,"M",36.552,"Class3",49.676
81.69,56,36.018,"Z",79,38.81,68.851,46.924,22.888,"U",23.791,"Class1",47.541
61.281,81,74.183,"F",69,32.638,78.996,58.61,47.453,"R",45.837,"Class4",32.017
61.248,78,79.56,"X",65,34.15,78.581,63.862,68.376,"R",53.268,"Class4",29.07
63.657,87,22.568,"Z",82,NA,64.368,3.505,25.737,"U",33.791,"Class1",62.305
56.985,35,62.402,"X",63,NA,82.277,31.837,46.673,"E",46.261,"Class4",36.33
60.757,86,63.973,"T",57,32.363,75.804,34.309,75.383,"W",55.04,"Class4",40.675
8.531,70,7.411,"M",60,35.67,36.232,59.227,9.785,"P",NA,"Class3",40.652
7.308,67,42.707,"M",54,27.767,52.958,73.432,15.652,"W",24.383,"Class3",41.662
27.69,1,62.381,"E",55,57.281,24.371,59.961,22.079,"R",51.442,"Class2",29.261
22.685,10,57.284,"A",68,58.342,23.427,51.762,23.996,"R",53.244,"Class2",29.863
55.861,75,20.919,"R",69,47.091,65.841,37.287,27.908,"B",52.891,"Class1",34.944
10.711,79,87.652,"M",71,42.582,31.698,29.238,27.227,"M",32.897,"Class3",47.007
18.721,30,62.219,"E",62,59.828,24.026,52.731,15.844,"C",52.738,"Class2",31.725
50.009,73,75.066,"F",52,31.612,88.775,41.697,68.736,"R",54.602,"Class4",34.993
42.84,56,66.094,"T",70,33.635,81.566,33.445,69.495,"W",45.19,"Class4",30.381
8.103,65,42.542,"O",34,32.559,34.504,49.991,1.55,"M",36.777,"Class3",47.218
24.529,46,62.309,"I",35,54.785,24.031,61.633,23.314,"R",52.885,"Class2",40.32
56.623,22,59.84,"V",58,32.799,82.444,45.829,28.513,"R",44.923,"Class4",28.527
9.432,72,59.574,"G",22,40.136,30.364,42.946,19.517,"W",35.346,"Class3",28.653
83.309,60,38.038,"T",64,16.376,64.315,8.061,22.364,"U",62.709,"Class1",63.851
22.797,4,55.635,"E",51,55.354,24.804,76.098,19.185,"R",52.812,"Class2",29.198
24.629,20,48.766,"I",59,54.216,23.575,92.614,15.12,"C",51.351,"Class2",31.811
6.03,64,41.806,"M",57,NA,35.166,78.955,9.921,"N",31.331,"Class3",44.661
56.697,43,88.189,"V",52,33.036,85.661,67.374,70.209,"W",47.265,"Class4",41.106
8.264,80,60.092,"G",31,37.955,46.003,47.932,29.244,"N",32.865,"Class3",58.488
40.199,36,68.777,"V",51,NA,82.309,65.6,82.859,"E",NA,"Class4",36.775
44.02,29,88.316,"X",80,31.106,78.021,28.228,83.972,"L",55.823,"Class4",27.722
9.873,87,48.574,"O",42,44.161,47.147,68.717,1.955,"N",31.324,"Class3",40.895
22.291,32,69.729,"E",34,58.263,24.048,60.181,19.555,"R",55.925,"Class2",38.431
48.281,43,72.935,"V",40,33.585,86.608,28.503,48.929,"W",74.572,"Class4",29.219
18.538,18,62.235,"R",45,63.998,24.736,41.616,21.007,"R",NA,"Class2",39.491
67.604,35,4.293,"Z",77,41.38,69.245,52.172,22.81,"U",53.467,"Class1",16.725
9.688,87,85.719,"B",31,NA,39.007,49.934,12.435,"N",35.654,"Class3",42.274
60.033,24,73.209,"V",68,33.366,78.201,45.624,62.825,"W",38.696,"Class4",37.372
70.766,28,1.562,"R",86,NA,65.285,80.425,31.101,"U",NA,"Class1",57.748
5.741,83,16.78,"G",51,28.058,33.222,37.461,22.818,"N",39.054,"Class3",45.828
38.83,78,35.443,"T",86,44.504,64.662,28.941,31.676,"O",34.897,"Class1",76.204
8.062,65,-6.842,"O",33,40.591,47.972,66.503,8.93,"M",40.055,"Class3",32.327
74.519,80,7.573,"Z",66,34.183,66.664,34.831,24.998,"B",NA,"Class1",6.211
9.109,80,63.712,"B",22,37.538,32.501,67.116,22.61,"P",NA,"Class3",42.916
40.701,17,58.908,"T",48,34.66,76.498,36.48,58.312,"H",59.418,"Class4",23.494
42.917,38,90.621,"V",43,34.54,83.198,36.879,34.435,"E",37.968,"Class4",28.415
40.87,73,24.992,"T",84,53.156,64.324,49.917,23.747,"U",56.605,"Class1",48.999
8.098,87,49.382,"W",25,35.918,52.094,65.1,8.988,"M",28.465,"Class3",35.496
27.401,31,61.82,"X",58,59.352,23.63,39.05,18.891,"H",53.323,"Class2",37.537
79.652,33,14.228,"T",66,50.136,67.287,17.141,22.461,"B",43.311,"Class1",43.097
50.935,91,72.381,"F",48,34.054,82.151,64.7,77.026,"W",68.709,"Class4",29.872
6.183,85,33.328,"W",36,45.107,32.734,37.437,18.956,"C",32.173,"Class3",51.767
5.835,82,60.365,"G",28,42.349,52.744,62.882,18.74,"W",30.694,"Class3",30.851
6.929,71,38.422,"O",70,44.148,52.28,65.159,17.169,"W",34.033,"Class3",42.389
6.343,64,48.388,"W",70,33.954,48.911,39.003,17.572,"N",NA,"Class3",42.269
59.611,20,84.718,"V",36,34.139,84.904,44.386,91.706,"H",69.426,"Class4",25.277
9.051,77,28.805,"M",41,38.55,48.332,25.338,16.33,"M",31.57,"Class3",40.417
48.625,57,52.226,"Z",73,43.005,65.288,61.051,28.679,"N",22.202,"Class1",66.917
22.852,8,59.161,"R",41,50.984,23.957,52.285,18.353,"P",52.478,"Class2",19.759
26.707,27,43.315,"X",52,55.666,23.869,67.657,20.81,"C",51.945,"Class2",30.961
46.528,80,28.11,"R",65,NA,65.606,19.11,30.735,"N",56.945,"Class1",20.882
25.837,14,55.026,"E",62,59.423,23.904,48.253,20.718,"P",54.157,"Class2",43.013
52.567,9,67.889,"T",73,33.998,79.244,69.745,60.229,"E",82.684,"Class4",12.736
39.014,47,85.709,"T",54,31.702,84.866,49.752,43.735,"E",29.402,"Class4",24.132
27.137,17,64.793,"E",37,59.095,23.218,61.427,21.93,"C",54.728,"Class2",30.245
61.609,50,67.012,"W",75,34.236,87.11,33.393,42.824,"H",53.963,"Class4",24.415
52.825,93,59.032,"F",77,32.594,84.803,46.272,51.169,"R",59.905,"Class4",31.313
7.574,74,82.341,"M",65,38.019,32.641,64.78,24.17,"P",NA,"Class3",41.4
44.907,76,79.724,"W",41,32.78,80.608,28.695,69.322,"E",36.661,"Class4",38.866
42.191,34,63.388,"T",78,33.651,82.773,37.96,91.143,"W",75.238,"Class4",37.642
6.797,83,62.126,"B",54,33.763,46.702,51.462,24.164,"C",35.49,"Class3",38.769
54.908,85,89.91,"F",33,32.745,86.782,40.405,39.098,"R",48.977,"Class4",29.835
79.834,70,43.545,"Y",65,28.969,69.317,34.308,28.176,"U",NA,"Class1",99.61
24.38,3,55.586,"E",50,59.325,23.967,41.82,17.978,"C",54.365,"Class2",32.94
60.903,75,66.018,"V",64,32.339,82.25,26.105,88.16,"E",52.016,"Class4",35.038
10.229,67,44.371,"M",74,41.223,41.953,31.602,11.131,"W",36.276,"Class3",25.113
46.514,97,74.239,"T",47,31.336,83.195,39.53,28.29,"E",79.447,"Class4",36.395
27.59,27,65.992,"X",56,57.961,24.469,93.95,16.437,"C",52.302,"Class2",36.081
10.776,68,57.446,"B",46,32.524,52.441,32.935,23.09,"P",32.47,"Class3",40.601
53.027,86,44.911,"F",62,NA,85.998,33.273,31.234,"L",68.191,"Class4",21.451
59.502,46,71.754,"F",70,30.918,77.983,39.268,45.733,"R",72.173,"Class4",37.87
6.533,69,42.222,"O",59,43.718,47.659,77.152,9.692,"N",38.489,"Class3",41.671
24.497,29,58.416,"R",43,60.265,23.079,46.915,23.615,"W",57.059,"Class2",32.546
27.611,30,50.658,"A",34,57.157,24.18,62.589,23.215,"R",NA,"Class2",30.592
9.052,87,24.23,"O",34,40.137,54.193,36.251,0.477,"W",30.496,"Class3",33.785
82.122,21,32.226,"T",66,41.842,68.063,4.363,26.176,"M",67.273,"Class1",61.184
60.204,23,38.269,"F",57,34.338,78.296,51.631,38.852,"W",71.764,"Class4",46.937
45.23,29,71.178,"W",42,32.771,81.997,50.264,63.225,"H",62.574,"Class4",44.761
9.511,84,15.431,"G",46,43.44,42.188,43.507,15.973,"W",37.589,"Class3",47.022
18.789,22,56.225,"I",47,54.86,24.864,56.961,23.204,"P",53.646,"Class2",38.968
7.593,74,23.046,"G",54,36.018,34.518,78.817,20.598,"P",40.498,"Class3",51.879
55.169,25,71.325,"T",75,32.011,80.704,60.984,57.423,"E",66.428,"Class4",35.4
19.97,19,55.572,"E",57,56.288,23.962,41.809,16.058,"H",52.335,"Class2",21.018
38.446,67,6.501,"T",86,34.756,67.161,41.398,27.444,"M",41.36,"Class1",47.673
78.897,35,56.237,"W",73,41.531,69.399,79.315,27.293,"B",90.813,"Class1",62.141
49.575,66,53.965,"Z",78,45.979,69.394,51.673,23.807,"U",16.402,"Class1",56.589
9.477,85,56.997,"W",68,44.235,45.971,79.873,23.948,"M",33.276,"Class3",46.505
6.022,78,-11.918,"B",65,33.67,30.112,80.632,0.595,"P",33.568,"Class3",48.449
47.456,8,60.877,"V",36,34.129,88.454,45.475,83.034,"W",55.327,"Class4",48.315
50.211,73,91.119,"V",58,33.325,84.927,39.766,91.859,"H",54.469,"Class4",28.408
27.324,32,64.388,"A",38,56.393,24.521,80.796,19.36,"W",54.837,"Class2",32.01
7.767,88,11.275,"B",57,33.18,42.25,33.185,8.035,"C",34.894,"Class3",45.046
46.88,16,99.439,"X",79,32.163,86.933,39.297,42.214,"H",55.285,"Class4",18.467
7.949,70,9.324,"B",31,35.857,44.81,47.705,26.511,"W",36.163,"Class3",50.661
40.617,65,80.99,"X",60,35.942,87.178,50.114,90.551,"H",48.991,"Class4",37.268
18.899,7,69.486,"R",48,50.104,23.504,61.978,18.825,"W",49.525,"Class2",23.016
19.651,46,62.637,"R",61,57.037,24.864,61.584,16.677,"C",52.38,"Class2",30.006
78.842,69,15.662,"T",82,62.552,66.415,68.899,27.737,"O",42.497,"Class1",32.903
42.878,89,44.948,"T",51,NA,82.899,31.213,80.223,"W",NA,"Class4",42.799
5.647,71,56.771,"M",34,42.115,43.77,51.806,5.192,"W",35.09,"Class3",46.147
38.577,71,34.079,"Z",80,49.251,69.875,65.338,31.469,"N",57.748,"Class1",26.696
5.5,69,43.932,"O",54,41.115,51.173,50.654,13.951,"M",28.179,"Class3",30.963
18.78,40,51.543,"A",63,NA,23.54,95.286,22.111,"R",55.743,"Class2",31.281
25.837,25,62.984,"R",42,60.129,24.728,51.549,14.948,"R",51.851,"Class2",28.78
47.802,7,26.897,"R",85,43.368,68.869,61.109,30.376,"O",44.695,"Class1",17.445
10.929,64,48.183,"O",40,41.918,42.971,54.152,15.375,"C",40.338,"Class3",39.836
59.205,65,31.328,"Z",77,69.513,68.017,50.274,25.338,"N",64.223,"Class1",16.084
5.843,68,7.029,"G",48,42.409,36.58,44.614,17.929,"C",32.862,"Class3",32.687
6.214,67,35.638,"W",26,36.677,50.741,43.506,1.977,"M",31.212,"Class3",48.087
24.132,33,59.801,"R",51,61.167,23.154,80.089,19.32,"W",52.619,"Class2",46.049
6.477,86,4.472,"M",38,31.65,47.247,61.162,10.012,"N",41.717,"Class3",37.425
50.835,36,77.521,"F",72,34.959,85.943,56.439,70.12,"W",59.607,"Class4",24.853
23.254,23,67.162,"R",65,54.756,23.559,61.21,21.264,"P",52.216,"Class2",33.733
60.855,97,64.055,"F",37,33.112,88.739,36.836,83.703,"H",69.618,"Class4",29.875
5.725,76,46.345,"B",24,39.552,30.761,74.653,22.027,"P",38.887,"Class3",48.059
42.061,22,74.872,"W",36,31.239,86.937,39.885,69.734,"W",50.707,"Class4",36.653
5.323,83,44.512,"W",73,37.198,42.967,58.076,26.049,"M",34.994,"Class3",36.241
76.985,43,39.502,"R",68,39.037,69.707,26.915,29.245,"U",36.935,"Class1",55.618
67.412,71,36.763,"T",81,31.408,68.91,76.372,25.548,"B",86.193,"Class1",45.396
19.749,7,46.262,"I",57,56.358,23.11,41.091,20.773,"P",52.644,"Class2",29.004
9.748,80,37.076,"G",56,43.847,58.84,36.868,25.735,"W",35.754,"Class3",43.339
58.962,82,77.081,"T",67,30.996,84.991,59.176,32.573,"E",45.325,"Class4",23.568
62.778,62,28.728,"Y",71,33.987,68.327,69.777,27.299,"O",71.432,"Class1",60.02
10.123,82,35.72,"O",32,38.799,53.898,58.63,20.24,"M",42.108,"Class3",35.509
63.028,82,28.221,"Z",79,40.418,66.111,30.632,25.975,"N",97.14,"Class1",48.179
27.737,45,54.705,"A",64,55.193,24.705,43.595,18.275,"C",52.753,"Class2",36.991
10.579,74,32.841,"O",49,30.688,58.008,74.471,9.541,"N",36.984,"Class3",41.425
6.936,65,70.873,"M",30,45.95,48.194,29.168,5.419,"W",40.509,"Class3",40.581
27.76,38,52.303,"A",44,55.431,23.292,54.145,21.066,"W",52.854,"Class2",31.82
52.848,63,74.315,"V",40,31.473,81.944,64.639,77.656,"E",78.272,"Class4",41.542
20.029,28,52.32,"X",57,58.179,23.679,95.415,21.983,"P",51.691,"Class2",24.949
53.342,21,55.303,"F",45,32.668,80.523,39.842,45.018,"H",66.986,"Class4",26.092
59.047,43,9.457,"W",80,33.279,69.385,31.642,25.21,"N",8.699,"Class1",19.991
68.063,29,47.888,"R",85,42.347,65.346,75.859,28.518,"N",70.186,"Class1",17.907
23.725,42,68.063,"X",39,56.939,24.906,56.372,20.093,"R",53.789,"Class2",33.754
10.74,73,29.418,"O",23,NA,43.1,58.279,16.364,"P",39.09,"Class3",36.661
6.721,82,66.763,"O",63,44.756,54.78,61.183,10.614,"M",36.63,"Class3",38.045
39.181,44,84.381,"F",58,33.692,85.478,65.426,85.305,"E",63.675,"Class4",38.511
23.642,43,56.119,"X",64,56.107,23.428,84.369,20.512,"H",52.326,"Class2",40.372
44.154,58,26.439,"W",60,42.53,64.339,17.6,22.274,"B",66.988,"Class1",22.57
9.521,85,46.835,"O",32,37.418,50.022,78.648,20.921,"W",35.635,"Class3",39.49
69.492,46,19.768,"R",64,30.998,68.093,5.348,29.811,"M",58.926,"Class1",46.754
38.102,59,24.895,"T",75,29.732,67.565,13.319,28.616,"O",70.225,"Class1",57.695
5.815,82,17.117,"B",74,36.972,36.055,31.782,12.83,"C",35.678,"Class3",48.418
42.421,61,35.197,"W",63,42.987,65.927,61.487,31.817,"N",22.488,"Class1",-3.229
27.508,1,62.336,"I",42,56.931,23.348,75.258,19.984,"R",53.741,"Class2",32.915
19.977,2,56.915,"E",63,NA,24.759,80.273,15.449,"C",51.936,"Class2",22.073
10.014,86,56.344,"G",76,41.182,32.355,48.196,25.271,"N",NA,"Class3",36.447
58.453,39,30.508,"Z",82,39.686,65.66,31.482,31.405,"M",61.94,"Class1",42.52
42.146,57,66.851,"T",49,33.689,86.607,63.189,47.22,"L",52.618,"Class4",23.616
41.03,11,62.38,"T",63,34.627,76.724,66.765,86.051,"R",NA,"Class4",41.483
77.234,59,11.811,"W",85,38.956,69.227,5.899,23.605,"M",53.849,"Class1",21.228
49.738,46,60.834,"F",34,34.869,82.278,33.149,66.223,"E",64.264,"Class4",27.752
18.123,35,53.811,"A",52,64.126,23.605,85.74,14.357,"C",51.063,"Class2",30.416
71.85,14,21.703,"Z",83,51.075,66.796,64.397,33.407,"O",50.056,"Class1",102.742
18.381,26,57.536,"I",64,56.484,24.98,41.231,19.193,"W",51.763,"Class2",26.553
43.716,52,60.497,"T",61,NA,81.155,54.966,59.54,"R",64.962,"Class4",26.018
82.213,28,19.636,"W",62,35.346,68.084,31.393,33.846,"M",NA,"Class1",28.853
7.776,71,29.708,"M",53,39.743,32.081,67.866,19.39,"P",31.393,"Class3",35.83
56.702,93,66.424,"X",45,31.066,86.798,59.082,74.03,"L",55.241,"Class4",43.09
5.909,80,13.551,"B",52,43.538,36.734,57.617,10.924,"M",33.81,"Class3",36.922
10.445,85,10.158,"B",38,45.279,31.853,52.19,27.742,"N",36.472,"Class3",50.302
45.963,9,69.626,"V",67,34.473,77.373,53.766,46.864,"L",52.898,"Class4",23.401
55.895,32,67.019,"F",56,31.089,77.203,66,78.916,"L",22.702,"Class4",34.762
45.582,28,22.331,"W",83,55.023,68.169,47.293,33.282,"B",50.005,"Class1",71.444
24.008,33,60.16,"E",50,53.084,24.857,46.999,21.873,"P",53.046,"Class2",30.828
45.353,16,41.529,"Z",63,30.122,69.65,60.39,29.614,"N",57.032,"Class1",14.795
45.109,42,87.754,"W",73,33.985,77.564,69.897,32.544,"L",68.209,"Class4",25.692
5.161,80,62.637,"B",42,38.112,57.529,34.143,21.479,"W",30.169,"Class3",35.227
19.247,43,64.177,"I",50,53.554,24.957,54.564,14.679,"P",54.367,"Class2",40.201
71.222,55,18.366,"Z",61,48.251,65.955,42.858,29.82,"O",69.963,"Class1",42.678
59.229,25,89.305,"W",70,34.276,81.848,32.292,27.264,"R",45.467,"Class4",34.258
82.865,59,15.791,"W",78,26.2,66.925,37.164,22.008,"M",71.714,"Class1",61.356
20.182,54,50.639,"E",67,57.196,24.54,53.402,15.324,"W",50.457,"Class2",28.114
41.745,28,93.984,"F",53,32.629,84.717,51.659,67.77,"W",43.433,"Class4",23.241
54.412,30,54.434,"V",60,34.121,78.73,69.798,31.007,"R",43.282,"Class4",36.497
55.386,21,63.394,"W",80,30.454,85.942,45.28,86.893,"H",60.23,"Class4",34.851
53.872,19,75.515,"V",60,30.983,79.097,49.85,88.455,"L",66.346,"Class4",22.918
41.511,31,31.184,"R",77,57.431,69.34,66.182,22.453,"O",22.795,"Class1",17.606
56.821,38,12.984,"Z",74,49.002,68.767,19.638,26.688,"N",67.177,"Class1",-21.252
85.12,14,6.342,"W",61,40.39,69.243,55.619,30.611,"N",38.095,"Class1",48.964
55.968,24,33.626,"T",60,32.715,64.138,48.875,33.875,"N",85.012,"Class1",16.354
60.555,84,41.378,"T",83,24.174,69.477,63.674,28.592,"B",55.776,"Class1",42.041
7.741,86,31.11,"O",24,31.605,53.496,47.338,9.096,"M",31.002,"Class3",51.145
44.443,78,16.697,"R",59,NA,67.577,19.919,26.296,"M",34.732,"Class1",60.341
85.292,24,34.191,"Z",74,26.151,69.876,53.733,27.312,"N",64.556,"Class1",62.321
10.999,68,82.54,"W",37,41.866,45.46,63.495,22.99,"C",35.612,"Class3",40.344
51.587,48,24.047,"T",82,NA,68.998,61.227,26.86,"B",67.743,"Class1",43.601
56.084,98,56.539,"V",55,34.086,83.353,31.033,81.143,"L",39.191,"Class4",30.9
8.541,79,18.679,"M",58,39.021,47.311,64.487,27.527,"P",36.154,"Class3",39.412
10.7,67,27.045,"O",41,35.863,58.557,27.635,4.639,"W",26.606,"Class3",32.16
54.56,64,2.845,"Y",81,39.962,68.861,40.614,26.419,"N",28.754,"Class1",66.661
21.801,46,47.228,"R",41,58.67,23.262,87.99,18.925,"H",54.35,"Class2",32.795
58.646,48,71.731,"W",50,31.979,84.478,46.577,49.583,"W",55.696,"Class4",38.692
44.588,22,80.73,"V",45,31.989,77.344,63.522,74.991,"H",40.303,"Class4",12.629
10.841,83,53.264,"M",30,43.564,34.634,40.137,1.481,"N",27.374,"Class3",51.216
60.039,57,77.167,"W",42,30.349,80.389,36.748,41.139,"H",50.357,"Class4",13.36
25.357,52,56.274,"R",44,58.107,23.222,73,23.681,"C",51.348,"Class2",34.144
49.899,22,88.91,"V",30,34.805,87.974,33.417,29.451,"E",64.338,"Class4",32.802
24.82,54,59.537,"E",44,52.164,23.25,91.149,19.742,"W",52.484,"Class2",38.495
51.138,15,91.368,"W",32,28.421,82.745,29.787,41.234,"W",27.034,"Class4",34.15
57.636,27,33.95,"R",84,55.944,67.715,4.629,26.725,"O",NA,"Class1",32.731
43.751,12,73.465,"X",48,32.894,83.333,55.404,32.402,"W",40.612,"Class4",39.985
23.84,56,62.719,"R",59,54.855,24.538,60.708,20.384,"P",51.882,"Class2",29.621
42.328,51,21.534,"Z",59,34.318,66.576,19.235,24.373,"N",32.858,"Class1",68.526
6.269,71,27.197,"W",34,42.546,30.137,81.313,17.596,"N",41.143,"Class3",38.489
80.676,36,6.077,"Z",79,37.821,64.028,12.567,32.857,"N",38.016,"Class1",20.534
8.712,80,66.181,"W",38,NA,57.683,40.994,9.379,"N",33.07,"Class3",31.462
5.302,79,59.589,"M",37,28.509,30.633,42.423,29.351,"P",37.698,"Class3",41.197
61.872,47,28.84,"Z",79,48.035,66.638,22.607,22.238,"U",72.153,"Class1",51.789
61.987,65,64.104,"W",59,35.115,87.336,64.208,56.879,"W",27.778,"Class4",32.546
48.046,41,63.56,"W",59,34.113,78.866,26.17,59.386,"L",73.609,"Class4",28.619
52.584,46,-15.004,"Z",82,37.159,65.584,31.407,24.886,"U",52.52,"Class1",43.047
27.806,4,58.989,"E",39,51.914,24.055,56.921,16.622,"H",54.244,"Class2",49.096
27.365,18,52.778,"I",43,57.136,24.391,54.864,17.156,"P",53.315,"Class2",23.489
25.623,38,58.977,"I",65,63.903,24.462,50.049,14.584,"W",52.338,"Class2",24.01
86.97,81,47.589,"Y",74,41.814,69.48,33.497,26.703,"M",66.157,"Class1",17.639
56.972,97,48.487,"T",49,32.629,80.308,35.589,42.872,"L",62.581,"Class4",43.304
75.987,29,12.059,"R",61,47.82,65.854,23.39,26.245,"B",51.611,"Class1",34.466
78.173,27,31.714,"T",68,35.784,68.728,31.013,33.808,"M",31.04,"Class1",33.888
39.823,13,33.216,"R",73,56.062,65.506,19.354,28.148,"B",31.224,"Class1",22.128
9.989,77,16.228,"G",56,33.156,41.929,65.091,7.307,"C",32.231,"Class3",34.155
25.078,22,58.628,"R",60,57.306,23.61,65.365,21.22,"W",54.509,"Class2",36.969
61.766,17,49.263,"T",80,33.962,76.025,28.182,65.934,"L",50.066,"Class4",33.257
44.796,2,71.452,"X",74,30.702,75.551,32.867,62.867,"R",39.452,"Class4",22.787
8.399,74,43.303,"M",38,41.094,55.338,48.598,19.598,"C",38.742,"Class3",27.31
44.614,54,72.94,"T",70,30.664,87.816,41.382,26.532,"H",63.461,"Class4",32.534
5.738,81,46.686,"G",65,30.548,30.765,81.74,9.5,"N",33.325,"Class3",45.425
7.022,64,45.942,"G",47,45.313,45.817,52.367,26.184,"M",26.518,"Class3",50.121
50.163,54,65.338,"F",76,31.845,79.298,41.196,30.42,"H",53.217,"Class4",28.497
20.343,60,57.579,"A",64,56.215,23.209,66.493,19.228,"H",54.295,"Class2",30.138
74.661,41,7.57,"W",85,40.639,64.516,59.741,27.001,"M",14.136,"Class1",37.492
22.936,47,53.373,"A",36,56.477,24.471,90.346,18.768,"R",NA,"Class2",28.066
21.889,5,58.37,"R",46,58.124,23.935,61.604,14.502,"P",53.408,"Class2",35.816
26.166,41,55.116,"A",57,NA,23.523,51.374,22.222,"C",52.699,"Class2",32.629
64.54,19,30.662,"R",60,25.917,65.992,44.752,25.916,"N",NA,"Class1",35.641
23.448,13,59.613,"E",48,57.019,23.898,93.674,15.852,"R",NA,"Class2",38.267
45.763,9,68.029,"V",33,34.982,79.47,38.291,90.333,"W",56.77,"Class4",41.899
47.124,80,69.675,"X",78,NA,82.16,37.83,58.181,"E",49.615,"Class4",30.031
6.548,87,9.214,"M",46,45.497,33.489,58.22,1.884,"N",35.671,"Class3",31.071
20.333,54,61.277,"I",60,58.904,24.696,86.272,16.38,"R",47.704,"Class2",16.436
7.669,72,35.067,"B",47,52.923,33.692,53.121,13.42,"P",37.688,"Class3",43.881
53.629,38,73.075,"V",63,31.539,88.404,29.525,81.493,"R",51.198,"Class4",31.298
69.952,91,14.903,"Y",86,33.314,69.949,56.015,23.35,"M",38.885,"Class1",12.773
65.753,48,-0.259,"W",63,27.036,69.156,7.076,29.248,"M",36.157,"Class1",49.125
40.105,49,68.801,"F",57,30.576,85.639,54.341,40.378,"R",57.084,"Class4",24.143
69.174,49,31.971,"R",68,NA,67.223,57.607,33.087,"O",63.392,"Class1",47.369
51.346,95,104.691,"V",61,31.356,86.069,39.967,54.609,"E",51.278,"Class4",36.498
53.358,44,78.518,"X",76,33.925,75.722,49.654,76.16,"R",47.017,"Class4",34.196
73.048,62,33.781,"Y",60,NA,65.307,41.035,24.603,"N",68.621,"Class1",58.361
58.949,16,92.615,"W",34,32.088,76.412,38.611,45.022,"H",62.534,"Class4",29.315
5.456,64,59.099,"G",31,43.922,44.569,25.992,26.386,"P",36.778,"Class3",43.605
52.587,55,61.637,"F",40,32.808,88.464,63.676,77.348,"E",48.805,"Class4",38.026
9.582,84,16.117,"W",68,34.052,46.803,30.196,25.629,"M",36.48,"Class3",36.245
55.243,21,86.286,"V",37,30.598,86.592,36.011,63.768,"L",43.381,"Class4",24.108
63.014,70,32.163,"W",59,42.139,67.289,75.007,22.599,"N",68.451,"Class1",36.375
5.476,65,49.148,"G",50,43.737,43.612,47.196,13.504,"W",NA,"Class3",42.961
57.225,5,72.606,"X",70,35.028,83.123,39.459,47.982,"H",55.814,"Class4",35.409
25.601,61,57.488,"R",36,56.74,24.979,73.469,17.977,"W",52.649,"Class2",27.008
7.416,75,31,"B",60,37.297,39.335,30.231,28.695,"M",34.232,"Class3",38.575
26.799,21,59.214,"I",64,NA,24.824,56.733,15.031,"C",51.929,"Class2",31.081
23.239,25,60.82,"E",35,59.631,23.8,88.612,23.554,"R",NA,"Class2",26.562
48.942,40,40.483,"W",72,55.45,64.761,59.007,28.284,"M",38.266,"Class1",74.373
45.074,56,64.65,"T",73,33.075,76.852,47.864,41.102,"W",58.116,"Class4",36.634
78.487,8,23.709,"Y",66,37.565,65.094,51.751,33.541,"O",NA,"Class1",30.759
27.011,26,56.009,"X",67,53.892,24.993,53.752,23.015,"H",NA,"Class2",38.883
77.79,52,37.15,"W",73,42.991,64.065,39.377,24.496,"O",67.187,"Class1",19.976
60.233,18,66.558,"V",58,32.228,88.283,49.139,66.251,"W",50.761,"Class4",18.687
9.101,86,65.262,"G",36,34.39,40.357,43.013,19.14,"C",41.407,"Class3",40.778
10.746,70,65.149,"O",69,43.084,44.641,58.053,22.4,"W",37.301,"Class3",43.617
86.784,86,34.358,"Y",84,16.997,68.142,40.721,24.88,"B",46.766,"Class1",-0.125
48.549,69,72.058,"T",51,31.791,78.92,69.023,88.637,"H",51.754,"Class4",27.554
22.502,43,59.09,"X",37,54.18,23.84,83.244,23.551,"P",53.272,"Class2",29.696
6.603,70,38.633,"B",28,34.186,43.795,26.028,28.107,"N",32.07,"Class3",31.761
22.547,58,64.087,"I",50,56.756,24.701,40.117,19.098,"C",53.999,"Class2",37.978
43.274,7,77.578,"T",52,33.668,79.195,29.735,46.586,"E",40.314,"Class4",39.802
24.505,7,59.709,"R",62,53.801,24.745,44.428,18.732,"W",51.765,"Class2",30.444
9.218,88,56.649,"W",35,44.845,45.329,66.53,27.001,"W",32.357,"Class3",39.418
59.677,79,30.045,"Z",67,57.87,69.145,76.778,30.643,"U",70.765,"Class1",30.718
27.906,4,58.303,"X",34,59.291,23.935,63.907,18.307,"R",51.933,"Class2",32.91
8.882,88,47.066,"O",25,48.522,38.778,40.619,0.402,"N",25.83,"Class3",37.862
9.493,80,58.082,"M",61,35.119,56.604,66.404,23.266,"W",31.021,"Class3",33.929
39.135,22,71.259,"F",76,34.006,88.611,62.653,84.593,"E",23.469,"Class4",44.644
41.652,88,67.711,"F",70,32.271,87.089,47.408,28.51,"W",41.254,"Class4",39.528
54.282,12,14.672,"Z",75,63.455,64.53,76.511,27.322,"M",69.92,"Class1",76.444
20.355,39,60.908,"A",63,50.689,24.143,89.211,15.344,"C",51.962,"Class2",40.794
6.312,79,82.439,"G",29,36.662,34.074,74.728,7.618,"N",33.769,"Class3",44.359
38.117,33,28.861,"Y",84,53.702,69.799,20.982,23.631,"U",24.946,"Class1",8.521
20.738,17,60.057,"E",40,62.271,23.956,72.241,21.089,"C",52.031,"Class2",26.005
9.998,66,40.979,"O",48,46.225,40.122,62.627,15.061,"C",37.26,"Class3",36.179
50.012,76,70.239,"T",37,36.783,76.641,28.702,73.149,"L",57.566,"Class4",32.161
18.236,26,57.528,"R",41,52.017,23.003,53.431,17.584,"R",53.75,"Class2",39.591
7.21,79,31.525,"O",64,38.155,44.268,37.661,7.883,"P",35.933,"Class3",28.899
56.578,85,42.457,"W",52,32.398,86.801,47.866,79.403,"R",33.474,"Class4",50.639
19.033,4,51.906,"E",34,60.125,23.534,92.714,20.984,"R",NA,"Class2",39.123
10.645,76,64.769,"O",47,36.334,46.679,59.678,18.377,"C",35.877,"Class3",33.34
19.88,29,60.657,"I",66,56.312,24.365,54.769,16.237,"P",53.238,"Class2",21.818
7.209,82,20,"M",48,37.498,56.994,38.564,0.955,"P",33.313,"Class3",48.395
46.375,43,49.068,"X",77,31.984,87.072,55.544,83.679,"L",55.236,"Class4",47.564
25.952,62,64.625,"R",45,59.545,24.407,90.788,15.365,"C",NA,"Class2",26.151
45.962,81,44.081,"F",40,32.998,81.736,30.372,52.297,"R",36.932,"Class4",20.501
10.412,74,68.582,"O",73,NA,43.094,46.756,15.6,"P",32.661,"Class3",37.964
48.821,16,34.043,"R",83,34.729,66.829,42.615,28.334,"O",55.48,"Class1",35.281
50.924,29,26.773,"W",59,42.452,67.459,41.987,28.914,"M",52.521,"Class1",15.59
20.207,11,49.969,"A",34,56.665,23.454,91.57,22.902,"H",51.347,"Class2",37.697
86.955,80,6.554,"W",62,34.097,64.982,7.663,29.652,"U",38.1,"Class1",31.822
10.988,77,38.71,"W",75,30.341,43.61,72.2,21.61,"W",42.912,"Class3",43.676
45.894,30,63.638,"F",53,35.591,75.228,23.468,67.736,"H",60.206,"Class4",37.168
7.779,68,67.498,"W",73,34.193,37.49,24.302,19.796,"M",37.621,"Class3",37.987
23.444,36,55.059,"R",49,57.75,24.491,79.569,15.518,"C",55.685,"Class2",32.983
19.825,27,59.441,"X",66,NA,23.284,84.879,16.759,"H",52.23,"Class2",28.51
61.138,57,69.75,"V",56,30.728,85.386,58.071,36.919,"R",33.82,"Class4",37.965
18.489,29,51.936,"E",45,56.05,23.321,80.083,22.757,"R",51.342,"Class2",36.116
79.267,31,26.817,"R",75,41.695,64.028,28.135,26.84,"M",57.425,"Class1",91.361
26.825,39,50.068,"X",44,58.655,24.699,79.244,18.644,"W",55.56,"Class2",24.511
22.04,21,60.126,"R",37,56.089,23.58,94.239,22.711,"R",52.016,"Class2",19.808
52.846,50,31.447,"W",79,34.215,67.54,52.636,23.947,"N",53.488,"Class1",31.221
50.731,87,22.698,"R",85,34.308,67.077,42.547,25.356,"N",56.119,"Class1",21.669
26.826,46,55.95,"X",61,60.312,23.084,75.513,18.012,"W",53.661,"Class2",32.871
7.516,69,88.319,"O",41,41.551,42.749,71.059,22.184,"P",33.226,"Class3",23.553
9.843,71,64.19,"O",31,40.597,58.246,49.755,4.5,"N",30.475,"Class3",43.854
23.218,45,55.466,"I",49,58.113,23.561,46.039,15.055,"C",53.966,"Class2",24.582
23.766,13,55.723,"I",58,58.463,23.042,45.095,17.622,"W",51.973,"Class2",28.84
25.08,35,62.39,"X",64,60.582,23.81,68.76,16.449,"H",51.175,"Class2",26.919
39.653,52,48.202,"V",79,33.299,83.932,63.66,28.64,"W",53.527,"Class4",15.176
7.721,84,27.676,"O",33,37.986,55.165,65.437,9.345,"M",39.558,"Class3",38.952
45.997,29,83.144,"F",33,34.648,85.5,67.003,80.979,"E",57.55,"Class4",39.06
23.159,22,58.563,"X",55,62.462,23.405,74.287,20.529,"C",53.925,"Class2",27.246
40.865,86,35.003,"Y",82,15.98,69.214,79.998,22.001,"M",62.035,"Class1",32.832
5.791,68,44.142,"M",24,38.794,56.598,37.612,28.174,"M",35.144,"Class3",43.897
77.247,25,26.582,"R",69,29.172,66.623,23.691,26.477,"O",23.738,"Class1",67.25
10.76,77,49.646,"W",56,37.877,46.193,51.344,0.645,"W",33.273,"Class3",34.573
45.621,32,96.234,"X",73,33.101,86.817,56.727,45.024,"R",70.579,"Class4",28.457
21.529,19,63.791,"R",37,58.8,24.894,46.507,22.188,"R",57.031,"Class2",37.147
60.616,34,29.714,"W",62,39.629,67.999,77.096,30.123,"B",NA,"Class1",-3.879
23.5,63,58.146,"R",45,58.451,23.206,88.422,19.704,"P",53.744,"Class2",33.864
79.358,42,19.316,"T",82,NA,67.121,58.556,24.263,"U",46.921,"Class1",46.033
18.184,57,58.738,"R",64,56.327,23.982,54.096,19.521,"R",52.289,"Class2",30.968
47.54,83,46.836,"Y",84,46.804,66.971,44.025,24.166,"O",58.429,"Class1",75.257
20.644,22,40.422,"X",57,56.175,23.407,93.144,22.475,"P",53.777,"Class2",25.811
57.443,75,13.027,"Z",62,56.405,69.205,38.348,25.952,"M",NA,"Class1",90.92
56.941,8,77.598,"T",72,33.187,83.058,47.773,36.684,"L",50.133,"Class4",50.535
55.361,70,69.643,"X",61,31.397,78.454,30.327,90.19,"E",62.919,"Class4",30.743
47.81,29,12.926,"T",86,39.967,65.674,70.776,29.534,"O",48.968,"Class1",20.833
5.734,64,45.638,"B",21,33.25,33.543,79.339,13.922,"W",32.646,"Class3",22.95
6.76,74,65.116,"B",62,46.841,39.275,29.017,15.348,"M",33.079,"Class3",45.89
69.015,78,13.129,"Z",79,46.447,65.587,29.298,30.289,"M",58.227,"Class1",30.543
6.257,71,81.507,"M",41,28.703,51.962,27.942,3.379,"W",35.269,"Class3",39.636
65.203,60,8.617,"R",65,49.189,64.909,60.638,24.655,"N",48.836,"Class1",24.732
48.519,85,68.485,"W",63,31.538,85.369,27.137,27.969,"E",68.215,"Class4",8.283
43.576,47,79.746,"X",39,NA,83.797,46.234,44.418,"L",47.217,"Class4",53.302
27.659,26,59.987,"R",47,58.145,24.207,54.741,16.371,"P",52.554,"Class2",33.443
43.355,74,76.073,"X",42,33.448,85.749,61.174,45.56,"E",43.144,"Class4",34.022
53.621,28,85.084,"X",52,33.85,85.384,24.684,77.849,"H",49.374,"Class4",37.557
43.231,57,60.388,"T",72,30.896,75.224,57.155,48.653,"W",69.057,"Class4",33.599
66.47,81,24.087,"R",76,34.635,64.363,71.768,33.512,"U",23.018,"Class1",38.647
7.189,72,56.643,"M",43,35.646,43.493,68.046,2.749,"N",36.002,"Class3",35.707
83.638,9,29.152,"T",86,43.826,66.402,38.475,26.246,"B",71.034,"Class1",14.105
26.094,28,59.82,"I",67,52.474,24.889,94.22,15.366,"P",53.908,"Class2",41.185
86.438,47,17.221,"T",86,35.033,67.288,6.997,23.815,"O",49.711,"Class1",76.151
21.488,50,60.004,"R",51,57.094,23.407,80.269,17.313,"W",54.402,"Class2",32.106
59.957,67,82.603,"T",46,31.561,84.998,30.806,66.398,"R",61.712,"Class4",29.724
5.105,80,47.131,"W",29,44.966,48.779,51.825,2.781,"N",38.324,"Class3",34.416
7.987,81,74.103,"O",36,26.233,39.146,45.583,16.912,"M",38.869,"Class3",41.019
83.602,45,16.499,"Z",70,40.719,64.903,27.113,24.964,"U",62.629,"Class1",46.699
83.433,50,22.115,"T",81,47.753,66.619,19.533,26.268,"B",85.752,"Class1",8.837
47.017,92,53.844,"W",67,30.765,75.434,35.864,59.457,"W",73.245,"Class4",35.871
10.931,72,52.754,"W",21,41.043,51.532,63.441,29.862,"C",36.58,"Class3",42.445
23.766,23,58.201,"R",34,57.029,23.055,67.156,14.962,"R",51.367,"Class2",38.384
54.921,83,76.092,"V",72,33.377,87.954,26.899,69.336,"L",51.197,"Class4",54.265
60.738,31,73.841,"V",41,30.981,81.783,64.393,61.686,"E",50.352,"Class4",43.248
18.134,20,52.98,"A",41,61.235,24.905,88.388,21.6,"R",53.914,"Class2",30.329
5.038,78,66.275,"B",64,32.464,45.675,30.62,18.431,"W",36.528,"Class3",30.374
87.813,21,35.995,"R",71,30.56,69.72,71.353,24.515,"O",70.389,"Class1",12.888
27.697,51,60.941,"A",50,54.477,23.95,40.292,18.539,"C",53.678,"Class2",33.939
73.071,23,17.836,"R",81,30.91,67.9,39.197,25.346,"M",62.981,"Class1",68.055
9.695,85,47.024,"B",27,41.877,47.332,49.783,13.355,"M",36.615,"Class3",37.076
51.584,28,33.663,"R",64,38.335,69.07,65.111,30.619,"U",63.272,"Class1",35.153
5.93,65,49.643,"G",61,43.323,51.079,49.497,29.469,"N",35.125,"Class3",47.028
7.899,74,86.178,"G",66,37.791,30.057,26.893,23.169,"N",36.986,"Class3",34.405
45.918,84,47.876,"W",63,33.025,87.425,60.947,85.109,"E",74.17,"Class4",29.434
45.173,7,66.102,"X",60,30.816,81.403,34.57,76.704,"L",65.091,"Class4",32.006
27.871,35,55.034,"A",55,55.91,23.765,77.634,19.738,"P",53.218,"Class2",40.634
44.161,78,72.197,"X",49,32.042,87.944,48.749,78.505,"H",55.204,"Class4",39.269
9.818,83,56.731,"M",43,35.267,30.463,52.111,7.144,"W",41.014,"Class3",36.016
47.491,46,81.82,"T",40,33.898,76.697,25.617,55.834,"L",62.164,"Class4",27.334
58.154,85,77.643,"V",44,34.732,82.329,33.057,63.045,"W",71.94,"Class4",28.256
45.959,42,20.607,"Z",79,47.593,66.085,13.48,33.502,"B",39.54,"Class1",37.292
44.077,28,42.607,"Y",59,46.71,64.831,66.98,28.345,"N",32.96,"Class1",17.633
8.766,83,55.206,"O",28,41.029,37.623,33.607,0.343,"M",36.466,"Class3",30.901
20.444,21,62.202,"R",48,53.357,24.741,89.924,14.513,"R",NA,"Class2",32.302
24.728,45,67.116,"A",55,55.923,23.689,87.504,20.799,"W",53.804,"Class2",26.729
9.371,74,36.055,"W",76,42.065,58.607,32.877,15.314,"N",40.32,"Class3",38.018
10.623,78,45.873,"M",39,32.977,49.679,43.063,15.852,"P",32.84,"Class3",49.532
54.44,7,68.042,"W",35,34.79,77.961,46.779,51.462,"L",60.395,"Class4",49.744
55.06,74,73.405,"F",35,32.057,84.168,38.337,80.501,"L",71.737,"Class4",21.359
18.988,59,59.737,"X",67,58.155,23.024,62.23,21.118,"R",51.235,"Class2",40.254
26.32,45,59.19,"X",36,58.366,23.04,60.593,22.24,"R",52.951,"Class2",30.164
73.179,81,40.485,"W",66,53.009,67.261,5.05,28.045,"B",28.399,"Class1",25.937
20.539,9,58.805,"I",54,54.975,23.452,55.293,15.469,"W",52.182,"Class2",32.362
24.911,17,54.91,"R",57,56.154,23.173,87.353,18.329,"C",52.805,"Class2",27.499
9.882,78,40.425,"O",45,40.662,46.916,59.5,12.245,"P",35.499,"Class3",46.606
23.648,6,56.437,"A",39,59.587,24.119,37.938,14.216,"C",51.34,"Class2",32.544
21.024,7,62,"E",49,57.549,24.665,39.24,14.435,"P",52.267,"Class2",27.35
9.418,77,53.359,"O",47,37.196,56.968,73.671,8.493,"N",33.582,"Class3",41.605
21.353,29,57.067,"A",35,60.449,23.374,70.929,22.71,"P",54.283,"Class2",29.457
48.217,77,83.543,"T",73,33.329,79.633,54.555,33.43,"L",66.592,"Class4",17.504
9.006,81,65.488,"B",29,40.196,57.025,38.223,18.923,"W",42.614,"Class3",46.966
55.319,85,86.36,"X",74,34.179,76.656,28.986,34.535,"E",54.349,"Class4",37.543
77.257,77,18.739,"Y",72,29.894,65.267,67.012,30.154,"U",27.472,"Class1",58.593
25.808,31,55.961,"A",54,57.51,24.874,63.729,21.142,"R",54.811,"Class2",39.109
21.552,34,64.201,"I",38,58.397,24.917,84.93,20.753,"P",52.492,"Class2",29.629
24.805,46,52.872,"X",60,57.658,24.299,76.549,20.254,"R",51.919,"Class2",25.464
88.775,48,20.983,"W",80,31.594,67.624,22.571,24.109,"U",63.627,"Class1",-1.11
75.167,23,31.041,"T",79,46.535,64.834,51.9,29.897,"M",55.548,"Class1",107.816
72.94,7,32.923,"T",82,24.935,67.917,44.717,22.57,"O",59.715,"Class1",50.592
59.858,76,17.324,"Z",84,36.863,67.896,48.713,33.806,"B",55.446,"Class1",24.563
70.295,47,13.821,"W",75,39.341,67.798,33.677,31.826,"U",53.332,"Class1",50.601
9.897,82,47.694,"W",66,45.618,49.996,79.459,26.256,"P",40.817,"Class3",46.201
8.783,69,52.251,"G",38,41.742,36.046,76.7,21.358,"P",28.096,"Class3",29.665
10.618,64,74.376,"M",50,34.674,53.643,63.335,14.229,"W",37.498,"Class3",47.585
18.535,16,63.696,"I",65,NA,23.628,68.03,18.209,"C",55.529,"Class2",23.153
10.694,79,21.465,"W",65,41.209,39.463,71.482,23.112,"M",39.532,"Class3",49.073
87.006,62,34.41,"R",83,42.615,67.213,18.958,23.782,"M",NA,"Class1",11.906
6.446,65,36.454,"O",34,40.075,47.243,44.78,11.671,"M",34.889,"Class3",29.827
88.075,10,29.608,"W",77,40.433,66.507,3.303,30.122,"B",51.696,"Class1",50.885
26.172,20,56.165,"X",55,56.375,24.465,37.242,17.925,"W",52.853,"Class2",34.485
8.96,85,58.646,"G",42,40.058,39.036,38.582,19.311,"M",39.3,"Class3",40.313
7.648,67,59.066,"B",47,24.023,38.334,34.756,18.078,"N",39.651,"Class3",45.491
9.051,80,63.663,"W",59,32.076,46.664,61.86,7.077,"W",30.753,"Class3",43.635
50.533,92,65.982,"F",33,31.637,82.447,57.69,43.636,"W",56.466,"Class4",40.884
55.606,39,38.124,"F",37,32.712,86.229,42.594,28.25,"H",41.482,"Class4",33.518
5.508,75,45.319,"G",55,NA,44.645,66.978,29.413,"C",34.119,"Class3",43.454
22.299,9,57.178,"A",66,51.697,23.927,71.151,16.142,"H",52.082,"Class2",24.014
7.739,69,-0.183,"W",39,37.219,43.552,37.876,11.007,"M",34.966,"Class3",47.692
25.308,41,64.615,"X",63,56.591,23.417,87.124,21.77,"P",51.118,"Class2",25.535
50.408,12,3.864,"Y",64,43.686,68.067,62.507,25.179,"O",33.548,"Class1",106.826
9.031,66,36.046,"W",33,35.535,36.535,25.728,18.777,"N",34.294,"Class3",44.808
76.753,88,40.487,"Y",65,48.953,65.133,19.589,26.404,"O",72.688,"Class1",69.524
50.17,74,66.16,"W",49,33.158,80.644,24.389,32.566,"R",67.078,"Class4",45.727
9.076,81,19.276,"M",31,50.086,38.054,62.72,0.153,"M",31.713,"Class3",38.678
66.882,27,35.872,"Z",79,38.495,67.358,15.633,26.566,"B",45.861,"Class1",32.462
52.762,17,10.767,"W",73,28.697,67.659,22.442,30.301,"M",55.698,"Class1",35.886
22.203,26,56.935,"A",62,60.836,24.277,73.038,17.912,"P",52.561,"Class2",30.572
21.366,52,45.205,"X",35,52.784,24.44,55.485,15.222,"H",51.883,"Class2",33.863
7.448,67,19.487,"M",49,36.757,48.816,70.162,25.583,"W",29.679,"Class3",40.609
39.765,64,56.315,"F",34,34.84,78.212,68.928,82.869,"H",44.008,"Class4",32.223
23.414,24,56.857,"E",36,58.595,24.216,44.385,15.61,"W",54.389,"Class2",35.387
5.034,75,66.492,"G",71,40.192,44.537,32.417,13.458,"P",33.26,"Class3",45.544
19.469,40,53.379,"E",40,60.934,23.974,83.426,23.851,"W",54.516,"Class2",34.189
23.558,17,62.01,"E",62,56.021,24.169,87.138,15.418,"W",52.572,"Class2",31.192
20.73,43,55.52,"E",60,61.68,23.38,88.02,23.563,"H",54.03,"Class2",33.076
5.1,80,30.813,"B",54,43.522,50.538,40.069,4.809,"N",35.483,"Class3",37.197
41.415,90,15.22,"T",63,55.078,69.534,46.096,33.807,"O",57.548,"Class1",-5.95
5.995,81,60.366,"W",72,23.981,52.996,35.091,16.479,"C",40.207,"Class3",33.235
6.246,87,21.037,"M",52,35.072,46.551,68.932,13.377,"C",34.366,"Class3",29.389
26.144,35,55.338,"X",60,54.194,23.083,89.131,18.262,"P",51.681,"Class2",25.8
79.295,16,9.305,"R",61,34.005,69.159,79.597,27.06,"M",78.078,"Class1",63.426
57.954,10,78.353,"V",80,33.906,87.181,59.398,81.654,"E",50.161,"Class4",37.759
38.85,52,19.469,"T",61,56.752,64.732,14.884,22.453,"N",21.448,"Class1",54.031
47.686,27,66.267,"V",75,33.954,77.692,23.328,87.25,"L",61.093,"Class4",22.422
52.451,86,8.423,"Y",71,31.944,67.442,61.935,27.125,"N",57.192,"Class1",72.713
52.876,82,10.883,"Z",86,46.508,64.56,45.561,32.24,"N",76.124,"Class1",48.316
59.361,92,73.592,"T",62,33.575,87.063,68.849,30.136,"L",75.473,"Class4",35.21
58.832,2,78.881,"W",42,33.652,88.078,60.169,27.804,"L",48.71,"Class4",37.988
42.335,34,92.355,"T",50,31.592,75.4,29.421,82.436,"L",66.896,"Class4",31.06
56.786,52,61.498,"F",36,32.854,81.633,64.584,70.721,"R",59.821,"Class4",42.266
19.445,4,51.6,"I",67,57.111,23.353,59.848,22.374,"H",50.616,"Class2",42.362
7.839,68,52.298,"G",48,42.746,41.753,72.363,25.214,"W",32.707,"Class3",40.91
5.192,75,35.99,"G",45,30.475,33.628,31.172,29.599,"C",36.233,"Class3",33.266
24.498,17,58.48,"I",62,59.695,24.74,38.161,15.877,"C",52.655,"Class2",22.473
20.421,22,61.341,"I",51,58.188,24.267,73.865,15.545,"H",51.727,"Class2",31.529
57.785,63,92.634,"F",39,31.256,78.467,28.466,28.379,"H",70.228,"Class4",24.904
83.086,67,25.467,"R",66,43.026,66.363,45.843,23.649,"O",71.271,"Class1",51.599
18.147,43,59.913,"R",62,52.721,23.566,78.965,22.275,"R",51.231,"Class2",28.879
23.546,60,52.709,"I",59,54.866,23.838,69.083,16.169,"W",53.682,"Class2",29.757
23.143,34,49.862,"R",63,54.908,24.329,42.704,23.924,"P",51.068,"Class2",29.638
8.397,79,39.17,"O",72,36.878,48.337,26.609,7.038,"N",30.667,"Class3",31.369
22.137,43,45.403,"A",39,57.176,24.605,53.095,19.422,"C",52.774,"Class2",36.51
26.636,4,63.705,"X",34,59.947,24.195,84.318,19.259,"P",52.696,"Class2",23.378
55.505,43,90.105,"W",49,30.865,80.357,51.311,56.45,"H",49.041,"Class4",35.802
56.455,83,65.881,"F",66,33.232,84.525,32.706,83.021,"R",60.155,"Class4",37.906
7.681,83,47.606,"W",42,39.745,36.078,49.828,29.688,"W",39.672,"Class3",46.026
41.625,10,28.991,"Y",65,NA,66.458,15.08,32.529,"B",74.959,"Class1",62.957
9.994,71,36.962,"G",27,38.951,44.622,37.902,4.24,"P",34.137,"Class3",30.483
20.403,23,60.217,"A",38,53.52,23.992,94.861,15.71,"R",52.71,"Class2",33.455
10.941,87,55.075,"W",45,40.62,39.287,40.876,6.396,"C",32.432,"Class3",39.881
27.734,52,63.977,"E",40,55.299,24.342,84.99,23.316,"C",51.519,"Class2",23.748
10.997,86,27.035,"O",54,42.503,37.326,64.776,4.074,"N",32.768,"Class3",33.649
20.787,55,48.233,"I",47,59.94,23.638,85.284,19.206,"C",55.952,"Class2",32.431
58.02,40,65.426,"V",61,32.463,76.94,28.314,34.612,"W",57.13,"Class4",35.982
75.979,73,26.708,"W",69,32.502,69.58,53.971,31.825,"O",60.89,"Class1",-1.277
5.822,72,12.773,"O",68,44.973,47.547,76.339,27.807,"C",34.147,"Class3",40.822
73.747,91,23.02,"Y",63,54.098,64.702,40.248,23.232,"U",45.191,"Class1",34.715
61.363,65,72.071,"V",39,33.59,84.919,67.397,50.268,"R",55.563,"Class4",19.291
54.95,47,6.258,"W",65,37.311,66.571,13.355,28.468,"M",67.12,"Class1",26.932
9.988,79,69.375,"O",40,26.863,45.531,54.198,16.828,"C",31.21,"Class3",39.995
10.348,72,75.006,"B",58,42.307,58.666,43.762,19.644,"M",35.601,"Class3",42.301
5.001,70,26.267,"G",42,25.036,51.128,34.934,28.794,"C",33.89,"Class3",39.647
6.243,85,54.085,"G",38,36.872,34.917,56.596,12.441,"P",34.145,"Class3",34.586
67.496,72,26.542,"R",84,53.619,65.494,73.911,23.625,"M",48.786,"Class1",7.536
78.475,10,25.274,"T",86,35.392,66.668,74.527,29.34,"N",72.187,"Class1",58.979
38.249,13,15.508,"Y",80,36.563,66.04,25.158,26.515,"B",64.862,"Class1",45.953
78.914,28,24.442,"W",82,28.241,68.676,32.675,32.115,"M",45.32,"Class1",28.03
42.721,19,35.341,"Y",64,44.395,64.463,43.158,26.376,"N",48.403,"Class1",63.855
55.724,90,76.857,"T",33,33.888,81.099,39.243,81.255,"W",57.459,"Class4",27.742
61.82,84,17.094,"W",66,47.476,67.561,53.502,28.265,"O",63.478,"Class1",80.607
5.278,68,36.837,"G",75,NA,58.855,52.425,20.365,"C",29.982,"Class3",40.464
21.108,7,60.024,"A",58,61.151,23.336,55.413,22.454,"P",51.597,"Class2",37.369
41.886,21,86.974,"W",68,34.44,77.203,46.777,33.197,"H",65.376,"Class4",34.502
41.158,34,78.611,"T",62,33.054,75.444,46.979,37.531,"H",40.632,"Class4",43.081
50.235,84,20.331,"Z",76,39.161,65.778,67.371,24.001,"M",58.276,"Class1",17.636
51.514,37,68.865,"X",75,32.491,86.009,48.923,75.54,"H",NA,"Class4",17.717
43.967,28,46.904,"V",70,31.41,82.698,64.268,74.9,"H",42.371,"Class4",35.035
26.179,34,62.032,"A",57,57.253,24.845,78.683,21.582,"C",53.566,"Class2",23.389
24.928,39,61.312,"I",62,61.571,24.615,41.668,15.901,"C",52.202,"Class2",37.695
82.858,37,28.629,"W",65,43.575,67.846,26.966,22.896,"M",77.395,"Class1",57.117
47.636,40,5.301,"Z",61,45.077,66.523,74.444,30.479,"B",57.397,"Class1",54.79
22.826,41,57.223,"E",58,59.864,24.53,59.879,20.24,"P",52.855,"Class2",30.353
64.042,88,41.093,"W",77,52.601,64.617,68.251,28.511,"N",66.305,"Class1",90.578
76.506,78,13.308,"Y",84,37.005,68.731,45.473,33.969,"O",47.508,"Class1",19.894
66.779,35,26.156,"Z",68,56.637,65.218,25.289,31.54,"U",75.934,"Class1",54.025
8.451,86,58.507,"O",60,41.129,32.932,33.258,14.528,"M",33.448,"Class3",31.258
25.999,52,51.88,"X",55,56.545,24.295,83.326,21.504,"R",49.367,"Class2",43.149
9.064,72,33.661,"G",24,41.463,32.915,71.491,10.898,"M",36.593,"Class3",37.896
10.892,83,30.604,"M",32,39.128,34.422,26.019,11.25,"M",32.069,"Class3",37.021
46.264,58,25.709,"Z",86,35.105,65.629,55.948,32.337,"U",29.359,"Class1",62.079
9.796,85,50.464,"M",63,35.08,38.471,68.746,14.723,"M",40.903,"Class3",30.171
21.224,5,56.697,"A",49,55.285,24.398,52.38,16.827,"H",54.276,"Class2",23.21
46.74,82,67.614,"X",30,31.535,87.274,52.347,80.419,"W",50.582,"Class4",17.997
22.865,13,68.962,"R",65,59.132,24.523,46.278,21.317,"P",53.327,"Class2",33.432
46.422,48,24.453,"T",74,45.453,67.997,76.683,24.812,"N",44.935,"Class1",49.904
26.241,10,53.047,"I",66,60.945,23.644,47.058,23.02,"W",54.405,"Class2",29.343
40.902,66,55.785,"T",32,34.956,83.422,30.929,60.557,"L",51.572,"Class4",39.945
23.204,50,50.424,"X",61,56.166,24.062,85.586,21.64,"H",53.734,"Class2",30.133
10.396,88,63.859,"B",68,55.296,40.685,33.801,21.895,"W",39.75,"Class3",30.779
25.988,61,67.679,"I",60,53.472,23.57,74.61,23.014,"W",54.634,"Class2",24.672
54.292,13,23.937,"Y",72,59.234,67.568,66.196,22.502,"B",52.443,"Class1",25.166
7.849,69,84.833,"B",70,32.322,58.369,35.258,11.48,"W",34.179,"Class3",34.152
59.196,7,93.21,"X",64,33.159,86.719,40.941,27.219,"W",53.813,"Class4",16.443
43.236,48,11.267,"T",83,32.79,68.586,57.894,25.066,"N",40.833,"Class1",-18.067
41.429,3,82.244,"X",62,30.483,79.818,54.291,28.073,"W",NA,"Class4",22.805
51.925,53,99.648,"F",73,32.779,78.782,30.177,87.586,"W",58.181,"Class4",30.276
48.375,46,32.528,"Y",86,35.16,65.862,19.829,32.857,"B",58.259,"Class1",82.325
19.228,35,57.221,"A",52,59.723,24.025,66.865,23.075,"P",51.124,"Class2",35.733
23.429,33,60.942,"A",42,58.174,24.859,61.231,14.929,"R",52.729,"Class2",33.249
84.767,24,31.061,"W",68,44.531,67.85,70.737,29.503,"M",33.825,"Class1",45.318
22.199,21,68.862,"I",54,58.397,24.952,54.052,14.036,"C",NA,"Class2",44.66
40.079,61,17.625,"T",81,47.584,64.298,77.092,33.782,"N",78.286,"Class1",102.896
8.107,78,68.555,"B",65,39.606,39.187,26.396,5.87,"W",35.547,"Class3",36.92
42.252,72,69.803,"T",57,NA,83.148,25.338,25.012,"H",70.439,"Class4",33.51
51.841,77,82.91,"T",73,34.224,83.214,55.938,90.897,"L",51.218,"Class4",21.421
22.664,38,60.53,"R",60,57.029,24.327,80.23,14.337,"H",52.729,"Class2",32.046
48.596,61,66.161,"F",60,31.103,77.842,26.138,38.866,"H",37.206,"Class4",20.082
61.902,35,41.617,"Z",62,27.327,65.961,55.677,28.367,"O",56.172,"Class1",58.449
27.828,36,60.91,"I",42,59.671,23.757,87.607,18.406,"W",52.392,"Class2",32.576
5.519,73,101.977,"W",50,39.995,48.125,59.28,19.156,"N",35.78,"Class3",38.176
6.566,86,35.542,"M",39,37.485,47.166,63.57,27.67,"P",38.773,"Class3",40.709
26.264,51,56.553,"R",51,52.593,23.323,44.617,19.434,"H",52.534,"Class2",33.275
7.34,83,44.747,"M",54,32.828,36.917,29.769,4.542,"P",35.786,"Class3",35.975
58.477,48,81.283,"X",48,34.456,77.544,52.879,26.358,"R",62.13,"Class4",18.728
9.798,78,44.619,"O",42,39.906,34.683,41.934,17.483,"W",30.83,"Class3",20.699
41.232,58,23.392,"Z",74,NA,65.069,75.97,23.082,"M",47.522,"Class1",36.08
19.472,6,49.341,"A",61,63.336,24.083,61.348,14.89,"H",53.821,"Class2",37.095
5.971,82,30.49,"M",21,39.236,50.548,34.687,15.864,"N",38.442,"Class3",33.567
9.97,65,33.32,"M",23,37.972,50.332,71.874,9.197,"M",35.429,"Class3",38.454
6.908,65,55.173,"G",66,33.503,43.454,68.412,4.13,"W",39.159,"Class3",44.547
5.104,71,25.009,"B",57,33.951,36.097,27.383,12.309,"P",32.814,"Class3",45.786
22.356,29,60.741,"X",64,60.925,24.613,56.744,16.453,"R",53.989,"Class2",36.595
52.002,16,37.565,"Y",63,44.518,67.286,40.044,32.221,"O",40.668,"Class1",77.334
10.596,84,44.214,"G",23,31.363,31.496,34.476,0.746,"N",NA,"Class3",41.062
21.34,40,59.561,"A",51,57.86,23.321,66.612,16.473,"R",53.918,"Class2",27.008
58.085,74,54.037,"X",42,32.191,86.594,27.786,57.042,"H",39.753,"Class4",27.456
73.826,53,21.47,"T",78,55.73,64.535,60.39,26.121,"N",59.529,"Class1",60.272
7.425,80,43.676,"B",28,44.96,31.125,65.357,27.168,"N",39.516,"Class3",49.358
6.108,86,37.116,"W",46,38.925,50.138,46.078,17.392,"N",36.022,"Class3",38.083
22.012,59,55.96,"A",66,57.696,24.657,85.862,14.788,"W",54.074,"Class2",17.527
48.848,89,59.501,"V",56,33.192,88.876,68.437,64.789,"H",43.267,"Class4",30.302
55.538,51,70.103,"F",60,33.404,76.773,25.58,58.907,"E",36.343,"Class4",45.101
7.41,65,67.993,"M",75,36.143,33.786,47.41,23.41,"P",35.841,"Class3",33.128
44.26,9,40.988,"Z",66,43.782,68.202,60.137,27.639,"B",71.63,"Class1",39.619
87.073,88,25.823,"R",67,30.931,69.709,75.871,27.996,"U",73.413,"Class1",59.336
52.789,45,56.429,"F",69,33.643,81.431,68.458,73.756,"W",71.349,"Class4",31.552
5.075,74,49.355,"M",70,43.2,34.537,44.666,29.485,"C",41.729,"Class3",45.335
56.719,60,78.412,"F",39,31.962,88.266,25.706,61.607,"R",49.922,"Class4",17.053
5.803,87,43.845,"M",33,43.231,36.762,54.762,9.087,"W",40.44,"Class3",40.426
8.135,76,8.999,"W",61,41.88,39.068,31.641,22.386,"C",NA,"Class3",48.057
73.989,80,31.071,"Z",67,40.408,65.104,57.172,22.326,"M",22.844,"Class1",63.036
23.88,32,59.122,"X",66,53.047,23.802,64.097,17.71,"C",51.969,"Class2",37.368
39.006,87,29.177,"Z",79,30.595,69.609,53.417,22.717,"U",50.983,"Class1",84.625
59.051,92,79.684,"T",33,31.993,87.314,48.117,39.446,"E",67.126,"Class4",20.3
21.95,2,62.236,"R",38,60.244,24.5,69.428,22.305,"P",50.492,"Class2",30.307
21.51,32,52.983,"A",43,60.453,24.922,37.925,16.466,"W",52.801,"Class2",20.349
79.509,70,27.43,"Z",85,44.51,68.568,6.345,23.554,"U",61.09,"Class1",47.569
9.862,70,59.514,"O",73,42.752,41.547,33.496,1.858,"M",41.293,"Class3",36.853
27.774,11,58.993,"A",48,NA,23.481,53.691,20.001,"W",54.193,"Class2",25.164
22.732,2,59.793,"I",39,56.392,23.58,75.585,22.792,"W",50.078,"Class2",40.998
53.31,6,66.16,"W",75,32.804,84.737,41.961,77.599,"R",55.556,"Class4",19.779
24.832,25,45.583,"R",61,NA,23.695,64.114,15.266,"C",54.028,"Class2",27.134
21.788,37,56.37,"I",35,62.557,23.146,91.501,20.986,"H",NA,"Class2",23.218
40.208,5,79.94,"X",32,35.303,75.145,43.99,49.926,"W",NA,"Class4",40.192
41.58,56,53.088,"V",31,33.044,79.062,53.663,49.481,"R",50.012,"Class4",44.672
54.461,42,54.663,"Z",59,NA,69.976,22.173,28.476,"N",36.408,"Class1",94.727
26.115,8,52.015,"A",42,59.81,23.848,58.336,23.852,"R",55.201,"Class2",25.514
73.638,32,30.322,"Z",77,37.673,65.586,65.755,26.422,"M",45.964,"Class1",35.94
8.968,86,60.639,"M",36,43.155,30.781,39.157,5.293,"P",35.73,"Class3",42.74
59.213,91,91.838,"V",33,31.729,83.848,34.747,52.267,"L",43.873,"Class4",33.129
78.435,88,18.96,"Z",77,49.883,67.668,63.753,29.932,"O",49.815,"Class1",75.553
57.672,84,74.498,"V",45,30.74,80.888,59.081,88.048,"R",42.457,"Class4",35.655
61.657,5,84.191,"T",67,30.14,84.799,32.546,69.444,"H",59.192,"Class4",34.377
51.366,29,86.168,"X",62,34.048,87.713,65.549,36.805,"W",52.541,"Class4",18.281
7.592,68,-13.619,"B",55,42.875,37.787,77.8,29.007,"C",36.285,"Class3",44.612
50.908,64,71.443,"X",34,32.419,80.304,43.166,81.841,"W",59.08,"Class4",34.997
60.431,8,90.558,"T",35,31.788,78.335,43.469,91.921,"L",48.357,"Class4",36.095
42.507,23,65.422,"W",44,32.64,82.916,29,36.97,"E",52.661,"Class4",23.193
61.957,24,97.921,"V",61,31.061,75.825,39.172,67.239,"W",71.19,"Class4",28.893
82.8,77,39.95,"Y",82,60.834,65.257,15.096,26.727,"M",79.984,"Class1",61.034
27.617,22,62.941,"A",63,52.903,24.865,84.385,21.192,"R",51.007,"Class2",25.526
52.623,86,28.795,"Y",80,54.365,66.187,43.027,26.429,"U",76.213,"Class1",31.459
55.37,79,38.903,"Y",76,NA,68.925,38.42,23.895,"U",39.26,"Class1",34.504
9.527,76,59.669,"B",56,34.19,30.497,60.495,17.506,"P",31.155,"Class3",32.812
43.46,59,74.625,"W",69,31.552,79.24,33.077,47.697,"W",58.682,"Class4",34.957
5.79,85,63.963,"M",39,38.447,58.666,62.169,19.362,"N",31.492,"Class3",29.939
8.262,66,37.221,"O",49,43.837,31.951,66.121,24.335,"W",32.067,"Class3",43.806
55.554,18,29.98,"W",66,53.408,69.615,53.126,29.979,"M",20.636,"Class1",32.036
24.408,40,58.288,"X",66,50.163,24.301,37.744,16.076,"H",52.631,"Class2",38.058
83.021,42,7.159,"T",79,39.692,66.357,76.807,29.568,"B",16.057,"Class1",68.412
68.279,60,30.135,"W",65,39.751,67.794,9.991,27.97,"N",33.841,"Class1",33.245
9.266,68,36.424,"B",62,41.741,51.564,64.317,5.992,"P",33.876,"Class3",46.061
44.763,36,67.571,"X",54,32.3,77.163,31.93,77.226,"E",59.097,"Class4",36.612
6.795,81,8.449,"O",23,40.517,49.627,77.839,17.684,"P",38.41,"Class3",38.279
61.881,30,72.555,"V",44,32.092,76.107,69.603,83.254,"H",42.157,"Class4",32.985
66.455,71,19.958,"W",73,33.784,66.951,9.904,30.622,"U",65.163,"Class1",66.421
8.099,71,55.568,"B",35,44.338,41.048,74.521,10,"P",42.286,"Class3",30.585
50.769,85,52.445,"V",67,32.491,83.256,51.786,34.378,"W",40.097,"Class4",36.535
53.946,42,24.675,"T",75,43.841,66.598,33.173,22.206,"M",60.874,"Class1",38.093
21.016,43,61.61,"X",39,61.173,23.597,66.148,20.415,"W",53.625,"Class2",41.274
5.299,65,52.099,"G",52,38.965,38.839,75.928,26.82,"P",37.5,"Class3",40.757
50.646,59,23.446,"W",67,NA,67.021,40.125,25.819,"M",34.124,"Class1",-5.611
43.815,43,43.604,"T",81,19.625,65.607,23.685,26.014,"B",76.23,"Class1",20.269
56.016,51,61.087,"X",77,32.996,83.635,39.5,75.014,"E",39.236,"Class4",32.982
7.036,66,48.958,"O",46,41.15,52.687,51.425,22.294,"N",37.216,"Class3",46.184
55.873,73,62.69,"T",65,33.173,80.766,38.511,58.699,"L",56.601,"Class4",47.651
53.559,34,93.903,"X",52,33.55,85.864,31.358,39.377,"L",55.26,"Class4",21.042
50.162,51,86.572,"W",46,NA,77.341,31.301,58.641,"H",30.606,"Class4",39.71
46.717,9,90.038,"T",77,33.468,83.73,52.343,47.272,"E",84.616,"Class4",24.452
47.44,23,83.77,"W",71,31.805,85.167,27.033,89.053,"H",55.792,"Class4",33.697
8.247,76,17.09,"G",45,29.198,43.59,76.41,20.913,"W",34.579,"Class3",36.878
49.123,89,81.786,"F",49,34.2,84.654,28.182,58.514,"E",56.503,"Class4",36.066
9.462,75,48.133,"W",31,40.36,32.534,28.569,2.829,"C",34.948,"Class3",50.498
8.376,71,31.043,"M",30,32.764,50.272,61.736,1.467,"M",33.185,"Class3",33.188
5.96,70,55.814,"B",50,30.653,47.683,57.622,22.964,"W",36.232,"Class3",43.204
24.775,36,56.234,"E",62,61.259,24.298,80.672,18.838,"P",52.856,"Class2",29.563
54.138,24,32.492,"R",76,42.747,69.121,54.775,24.909,"M",101.069,"Class1",23.465
19.763,55,61.844,"X",34,57.457,23.042,70.374,14.996,"R",54.612,"Class2",33.532
54.832,56,29.743,"Z",80,17.991,66.679,58.637,25.401,"B",83.449,"Class1",26.448
23.111,62,53.339,"X",40,53.053,23.906,77.947,18.151,"W",53.485,"Class2",35.371
9.35,70,35.922,"B",45,34.633,44.126,33.727,26.325,"C",37.654,"Class3",33.304
72.848,32,36.935,"T",74,52.029,64.283,59.083,30.682,"N",84.513,"Class1",10.575
63.433,28,9.971,"T",63,46.15,68.497,64.593,30.667,"U",64.511,"Class1",27.57
39.833,82,63.83,"W",62,32.693,75.126,48.657,33.593,"L",43.525,"Class4",39.948
10.11,71,61.407,"B",22,46.611,50.767,50.56,21.571,"W",NA,"Class3",43.139
43.366,56,34.35,"W",73,44.981,68.941,68.461,29.224,"M",75.93,"Class1",52.057
53.785,40,52.685,"T",40,33.174,86.042,60.935,53.216,"L",82.858,"Class4",22.609
20.814,15,62.151,"X",59,54.941,24.565,39.221,20.458,"C",53.834,"Class2",35.681
58.461,93,89.716,"X",48,32.753,88.357,44.896,31.302,"E",49.03,"Class4",40.812
81.87,55,32.091,"T",74,50.203,66.327,32.773,22.618,"U",38.542,"Class1",49.933
19.145,2,62.323,"X",66,59.228,24.045,75.688,23.872,"C",50.864,"Class2",30.118
9.159,81,60.34,"G",60,34.4,38.788,49.355,13.609,"N",28.299,"Class3",44.35
83.284,68,40.607,"W",61,40.686,68.93,71.111,28.484,"O",51.284,"Class1",27.172
10.216,66,13.158,"W",64,33.554,49.564,44.756,26.583,"N",30.347,"Class3",39.686
77.305,36,35.136,"Y",73,51.398,67.113,46.855,28.179,"U",86.308,"Class1",66.948
43.704,33,61.774,"V",39,33.688,76.613,65.929,44.82,"E",51.688,"Class4",19.612
8.545,88,36.975,"M",21,38.724,42.758,63.671,17.165,"P",42.408,"Class3",43.356
19.025,20,59.357,"R",67,58.042,23.742,85.548,21.952,"C",52.62,"Class2",36.349
9.639,77,42.255,"B",39,43.205,53.075,55.695,12.861,"W",NA,"Class3",41.641
8.654,82,39.274,"O",76,29.188,48.69,33.648,27.869,"N",35.095,"Class3",32.173
19.619,32,60.277,"X",50,54.474,24.399,49.934,16.139,"C",51.293,"Class2",28.042
10.343,72,43.986,"B",73,30.813,52.601,79.607,29.194,"P",37.165,"Class3",38.546
41.081,39,27.04,"T",85,39.802,64.054,75.672,23.868,"N",32.978,"Class1",65.517
46.892,25,73.456,"X",50,31.899,85.543,52.472,52.5,"L",50.97,"Class4",33.104
47.514,91,85.847,"W",54,33.147,87.664,55.53,38.611,"W",46.356,"Class4",34.386
6.489,75,84.515,"B",23,48.084,37.554,28.608,27.08,"P",NA,"Class3",33.903
25.694,3,54.47,"R",47,55.695,23.258,49.172,17.399,"W",54.257,"Class2",31.714
55.892,62,70.773,"W",34,32.022,78.004,42.854,87.594,"W",45.532,"Class4",28.576
61.382,29,37.728,"R",83,47.37,68.329,36.084,30.075,"O",68.074,"Class1",13.776
82.075,82,19.556,"T",83,34.119,65.227,61.346,24.779,"M",39.839,"Class1",42.031
63.739,40,2.86,"W",75,26.537,66.348,28.183,22.413,"N",68.499,"Class1",57.967
61.864,62,71.488,"V",73,NA,82.827,30.5,51.473,"W",57.402,"Class4",39.315
44.668,50,78.509,"X",48,32.032,83.774,26.018,83.807,"L",62.881,"Class4",22.721
25.344,19,53.979,"X",51,60.95,23.252,71.331,21.555,"P",50.96,"Class2",24.008
68.031,25,18.883,"R",59,46.75,69.202,54.721,31.49,"B",29.697,"Class1",58.891
7.261,66,36.132,"W",57,41.433,35.002,46.32,17.235,"C",36.856,"Class3",40.485
10.118,80,76.874,"M",60,39.143,51.9,36.465,15.443,"W",27.382,"Class3",46.727
47.029,84,68.714,"W",58,36.314,77.233,49.979,78.499,"L",56.553,"Class4",36.92
26.641,44,65.702,"A",40,54.191,23.229,50.253,18.207,"W",53.145,"Class2",39.47
21.814,49,54.072,"I",66,57.785,23.431,42.274,17.836,"R",52.012,"Class2",33.94
45.015,72,66.802,"V",45,35.894,86.114,49.193,68.848,"W",64.519,"Class4",31.832
48.589,61,27.469,"T",70,49.606,65.731,62.88,27.991,"U",60.105,"Class1",53.569
7.908,71,43.424,"O",25,41.307,43.271,61.876,22.362,"W",35.676,"Class3",47.876
24.274,9,62.72,"R",67,58.022,24.002,80.226,21.742,"R",53.082,"Class2",26.081
48.021,7,18.96,"Z",84,46.746,66.978,24.203,22.967,"N",38.903,"Class1",46.192
55.888,86,50.275,"V",77,32.097,77.179,30.172,50.757,"E",65.314,"Class4",33.204
42.714,69,58.555,"W",57,33.921,75.288,33.568,55.562,"R",66.798,"Class4",33.843
40.976,53,89.945,"T",49,33.211,80.527,55.324,26.875,"W",58.053,"Class4",29.21
19.623,61,50.33,"A",64,61.119,24.171,84.348,14.605,"H",54.067,"Class2",38.956
59.018,6,75.783,"V",52,33.988,76.137,31.533,42.32,"W",46.793,"Class4",46.245
23.991,20,56.352,"I",64,61.016,23.733,61.58,18.463,"R",53.223,"Class2",30.056
7.56,65,70.103,"M",62,39.358,40.705,24.817,16.941,"N",36.591,"Class3",44.755
19.273,6,54.552,"I",58,59.053,24.143,72.456,19.55,"H",53.589,"Class2",34.624
41.059,67,60.533,"W",70,33.357,83.612,52.678,41.899,"E",62.388,"Class4",27.827
42.136,66,71.07,"T",32,32.949,77.194,37.569,51.213,"L",47.766,"Class4",29.035
9.281,83,51.175,"W",47,44.968,42.702,50.298,14.272,"W",32.706,"Class3",54.793
26.361,61,54.905,"A",67,56.831,24.63,78.926,16.745,"C",55.017,"Class2",32.567
26.637,33,61.34,"A",53,56.295,24.018,92.983,19.01,"H",52.929,"Class2",34.524
21.42,13,48.181,"X",45,55.086,24.85,53.675,16.207,"R",52.425,"Class2",33.687
22.276,52,61.253,"A",64,56.183,23.419,61.952,23.832,"H",51.617,"Class2",28.439
18.176,45,59.982,"X",64,55.765,24.44,94.886,19.512,"P",53.492,"Class2",28.469
72.574,70,13.166,"T",68,18.579,65.735,49.246,33.062,"U",24.779,"Class1",11.653
55.693,48,13.487,"R",85,46.819,67.645,36.6,24.754,"M",54.177,"Class1",34.121
51.953,76,61.823,"V",76,32.487,87.313,29.006,65.812,"E",43.981,"Class4",35.62
56.084,55,69.813,"F",50,32.43,75.731,35.478,40.202,"E",64.616,"Class4",28.966
44.765,52,53.812,"X",62,31.637,77.232,53.695,33.209,"R",56.641,"Class4",38.027
50.119,9,68.486,"V",35,32.803,82.657,47.852,50.898,"H",NA,"Class4",26.851
42.92,12,83.455,"X",73,30.393,79.934,29.022,51.539,"H",59.41,"Class4",46.674
20.603,34,56.899,"R",52,53.122,23.166,56.427,19.716,"P",50.911,"Class2",25.707
22.794,24,54.901,"R",49,55.471,24.066,79.905,17.352,"H",NA,"Class2",30.769
57.865,77,42.522,"W",34,32.151,75.795,42.572,67.599,"L",35.35,"Class4",16.326
50.05,55,84.488,"V",31,34.035,81.332,58.888,43.818,"E",30.816,"Class4",24.089
19.344,59,56.065,"E",55,61.056,24.517,62.286,16.257,"W",53.146,"Class2",26.397
40.729,13,7.168,"R",73,41.269,68.169,71.572,23.399,"M",71.118,"Class1",45.777
85.301,64,-17.954,"W",60,55.518,69.553,62.243,26.602,"U",63.279,"Class1",42.128
7.046,74,51.657,"M",53,39.835,45.242,53.622,8.743,"P",21.406,"Class3",36.821
6.321,72,19.22,"B",48,29.76,39.054,52.216,0.004,"M",41.071,"Class3",51.943
26.221,1,68.926,"R",60,54.937,23.098,62.947,15.03,"W",52.115,"Class2",43.821
49.011,27,83.111,"X",61,32.382,76.008,58.875,81.935,"R",64.335,"Class4",13.763
51.592,85,25.779,"W",61,36.032,64.575,35.25,25.582,"U",57.993,"Class1",35.457
65.849,38,16.718,"Y",62,39.947,64.835,11.851,31.109,"U",41.38,"Class1",73.101
21.966,51,61.255,"X",34,55.426,24.472,72.701,18.406,"C",53.564,"Class2",41.811
71.013,57,11.753,"R",60,35.609,69.699,35.991,31.739,"U",52.403,"Class1",21.604
44.437,2,58.845,"W",78,29.05,80.533,43.914,45.344,"R",50.753,"Class4",24.87
57.244,93,73.886,"X",39,NA,83.969,64.118,84.813,"R",57.499,"Class4",43.155
56.758,73,27.158,"T",60,59.325,68.193,22.609,29.595,"U",55.054,"Class1",34.139
44.18,46,105.261,"V",35,33.845,78.744,57.33,65.732,"W",43.341,"Class4",27.658
5.357,72,-2.218,"B",56,38.935,50.998,81.253,14.739,"W",35.076,"Class3",40.928
27.103,2,61.216,"X",42,52.326,23.257,89.436,19.892,"C",53.161,"Class2",38.902
80.853,33,24.137,"Y",66,29.553,64.713,32.806,25.425,"M",60.044,"Class1",48.71
44.588,41,73.908,"F",50,33.913,76.426,62.585,72.138,"R",46.766,"Class4",34.314
68.917,32,33.071,"W",80,30.681,67.448,56.47,32.258,"N",66.059,"Class1",72.553
60.751,20,33.597,"T",77,41.143,67.045,37.541,27.583,"N",70.459,"Class1",44.687
58.271,22,32.619,"W",77,47.53,66.617,17.012,31.974,"B",34.32,"Class1",25.655
5.612,76,46.783,"B",56,38.082,50.164,69.693,23.844,"P",37.63,"Class3",38.404
23.413,39,55.5,"I",38,61.249,23.8,57.37,16.519,"C",53.535,"Class2",32.146
55.43,44,76.881,"X",49,NA,78.267,33.364,60.222,"L",34.575,"Class4",23.42
6.051,69,27.24,"G",64,36.694,58.539,29.172,1.11,"M",35.22,"Class3",37.27
59.979,49,35.527,"R",77,40.547,64.879,58.884,24.496,"U",40.661,"Class1",15.429
27.775,22,55.093,"R",54,63.348,23.084,73.958,17.909,"H",52.393,"Class2",40.467
53.826,9,71.801,"X",42,33.342,75.82,24.401,87.736,"L",51.041,"Class4",29.351
5.056,80,78.855,"W",22,29.67,56.856,70.364,10.863,"W",27.904,"Class3",41.717
9.73,71,58.985,"W",51,47.944,54.277,70.52,21.718,"W",41.902,"Class3",39.092
49.401,49,75.148,"F",64,31.613,77.42,59.561,51.952,"H",76.812,"Class4",35.142
47.553,27,35.811,"T",76,22.536,69.087,48.825,23.518,"U",37.203,"Class1",22.901
6.146,77,59.606,"M",47,30.263,41.565,24.099,14.427,"W",36.739,"Class3",40.738
10.839,66,19.191,"W",42,41.545,49.447,38.159,24.131,"P",40.692,"Class3",34.65
9.684,74,29.625,"M",37,38.376,55.684,37.638,8.236,"C",24.776,"Class3",46.759
58.744,50,32.31,"Y",78,47.578,66.657,37.409,25.822,"U",85.858,"Class1",45.463
8.44,67,52.756,"B",75,38.865,30.563,28.497,9.222,"C",32.747,"Class3",34.191
22.76,53,62.84,"A",43,NA,24.762,67.712,20.253,"C",54.252,"Class2",23.928
7.413,78,21.034,"W",54,41.434,57.869,61.552,18.429,"N",NA,"Class3",46.242
20.656,37,63.098,"R",51,51.072,24.69,42.921,21.461,"W",51.058,"Class2",33.611
45.08,92,86.063,"T",57,34.129,83.061,55.888,88.293,"L",64.741,"Class4",42.714
69.221,25,29.148,"Z",64,53.768,66.776,31.822,27.217,"U",NA,"Class1",75.792
22.21,52,63.413,"I",46,52.846,23.864,45.031,21.344,"H",52.609,"Class2",27.557
21.455,4,53.327,"E",57,62.917,23.523,58.936,21.191,"R",51.535,"Class2",26.521
56.912,65,76.596,"X",37,32.775,77.018,31.897,59.943,"W",45.223,"Class4",32.899
6.712,64,58.811,"M",40,45.207,58.815,43.777,2.824,"N",33.845,"Class3",45.3
75.143,48,22.361,"W",61,27.629,67.56,7.034,22.685,"O",20.597,"Class1",46.99
23.832,5,55.563,"E",36,55.495,24.114,45.04,16.163,"P",53.024,"Class2",42.11
9.735,79,41.627,"B",65,44.571,53.915,26.501,15.817,"C",39.856,"Class3",46.998
88.16,39,29.907,"Y",79,36.829,69.29,67.279,27.196,"M",76.868,"Class1",38.521
48.087,95,87.825,"T",57,34.566,76.827,60.375,38.081,"W",53.534,"Class4",40.286
6.8,66,79.853,"G",65,NA,34.257,72.043,10.689,"P",NA,"Class3",33.033
45.436,94,55.631,"X",77,33.496,84.139,60.321,44.089,"H",69.418,"Class4",24.73
42.355,89,84.994,"T",43,30.537,84.54,47.628,32.402,"R",53.631,"Class4",39.752
6.564,78,37.073,"O",62,39.757,58.922,29.98,29.998,"C",37.69,"Class3",34.578
7.382,81,35.814,"M",53,NA,58.549,26.767,18.367,"M",32.867,"Class3",44.046
43.452,63,21.119,"W",76,40.033,68.002,46.587,31.23,"M",38.521,"Class1",104.569
86.124,78,19.017,"Y",85,33.553,68.116,6.333,31.201,"M",53.892,"Class1",33.193
6.553,82,76.342,"O",25,34.854,48.248,66.093,9.113,"C",36.711,"Class3",50.219
26.256,52,54.826,"X",58,59.133,24.517,94.062,20.606,"C",52.758,"Class2",26.429
46.456,24,40.567,"T",75,40.458,64.866,73.204,24.178,"U",20.751,"Class1",61.483
5.482,84,2.72,"W",24,33.936,31.335,26.43,29.224,"N",33.128,"Class3",40.554
66.255,84,19.878,"Z",85,41.945,66.645,39.098,29.021,"U",79.873,"Class1",27.092
69.328,73,25.059,"R",65,42.964,65.352,48.639,29.028,"N",41.392,"Class1",16.363
57.858,43,54.991,"V",42,34.074,78.154,63.757,63.609,"W",72.43,"Class4",32.95
26.516,38,59.489,"I",47,57.482,23.095,47.757,16.619,"R",51.656,"Class2",26.603
40.857,41,48.713,"F",64,33.872,83.902,50.02,74.756,"H",73.859,"Class4",34.429
59.403,31,26.613,"W",73,56.019,68.374,3.278,33.515,"B",13.002,"Class1",22.533
42.155,72,13.936,"W",68,41.775,65.378,29.949,33.464,"O",53.967,"Class1",49.318
79.982,39,48.921,"W",80,60.292,69.087,15.588,30.346,"N",48.024,"Class1",84.405
5.282,75,49.882,"M",74,43.032,41.487,45.098,1.963,"P",28.051,"Class3",24.019
5.067,67,24.504,"O",59,37.521,54.055,70.786,16.602,"C",28.902,"Class3",51.563
26.359,27,46.703,"E",50,53.902,24.505,66.6,17.544,"H",51.971,"Class2",29.376
6.457,66,31.363,"O",43,37.965,56.724,60.833,28.763,"M",37.322,"Class3",44.645
24.732,13,52.87,"E",41,56.594,24.145,50.722,14.795,"H",NA,"Class2",39.711
53.724,34,73.525,"F",33,32.386,80.779,28.077,36.745,"W",35.001,"Class4",36.585
19.353,63,49.733,"E",58,56.34,24.263,39.171,23.905,"R",54.309,"Class2",32.917
73.075,74,4.173,"R",72,39.524,68.453,4.844,22.637,"B",12.331,"Class1",58.989
9.308,69,58.632,"B",43,36.661,35.961,37.976,27.751,"W",34.89,"Class3",43.231
20.734,48,54.259,"A",34,59.182,23.713,48.278,15.938,"W",53.673,"Class2",21.878
10.445,72,98.339,"W",71,36.137,53.328,54.911,0.836,"P",32.2,"Class3",31.82
88.6,14,27.171,"T",69,NA,67.522,68.042,22.692,"O",NA,"Class1",49.411
21.095,53,71.575,"R",63,50.664,23.769,53.005,14.641,"R",53.575,"Class2",30.843
71.027,84,22.227,"Z",85,29.685,67.348,72.049,22.455,"O",NA,"Class1",34.174
7.287,72,52.399,"O",23,46.175,32.425,73.668,24.136,"C",28.627,"Class3",28.863
25.125,1,58.553,"A",56,57.259,24.804,41.481,20.528,"W",52.094,"Class2",20.497
27.813,58,49.903,"E",42,52.97,24.475,81.178,23.579,"C",52.752,"Class2",31.807
8.313,83,56.723,"M",47,29.679,34.349,72.021,6.202,"M",27.337,"Class3",44.4
8.468,84,54.033,"W",58,40.162,53.965,53.802,7.178,"P",35.754,"Class3",35.638
40.189,11,46.075,"X",69,32.8,85.467,48.744,65.734,"R",52.226,"Class4",46.711
43.066,60,62.434,"V",35,29.754,79.59,45.048,49.008,"R",54.419,"Class4",28.494
60.863,52,74.156,"V",47,34.225,80.509,34.383,41.437,"R",66.35,"Class4",15.837
50.016,25,26.897,"W",70,51.602,66.509,62.761,33.43,"N",36.75,"Class1",21.342
27.903,56,57.57,"A",65,60.703,24.142,37.166,19.384,"W",53.327,"Class2",34.028
51.17,45,49.805,"V",77,33.415,80.988,65.057,35.597,"R",54.23,"Class4",23.537
22.408,62,58.321,"I",50,54.128,24.21,38.139,14.013,"H",52.297,"Class2",28.88
39.709,22,65.03,"V",60,33.28,86.645,42.232,35.321,"L",45.896,"Class4",22.941
74.452,58,25.665,"Y",80,39.665,68.907,15.225,28.823,"M",NA,"Class1",57.149
5.675,66,19.864,"W",61,29.528,53.173,38.435,2.66,"W",33.987,"Class3",43.311
44.396,13,28.735,"W",67,36.437,68.299,46.849,23.839,"U",35.69,"Class1",17.359
23.593,51,56.77,"I",39,58.152,23.974,47.846,20.673,"H",54.547,"Class2",28.31
25.604,59,52.746,"X",67,55.669,24.732,45.55,18.516,"P",52.639,"Class2",36.423
86.106,42,17.936,"Z",72,51.641,66.317,69.781,27.166,"M",47.947,"Class1",58.948
55.163,74,64.342,"F",43,34.178,82.955,28.886,28.652,"E",67.756,"Class4",23.235
5.733,73,53.731,"W",64,28.037,37.715,70.157,26.065,"M",34.523,"Class3",50.597
85.753,38,27.223,"W",68,52.883,64.81,34.445,32.731,"M",32.598,"Class1",50.512
22.543,16,56.496,"I",60,NA,24.798,88.105,17.643,"C",54.928,"Class2",37.768
5.555,73,59.048,"M",72,35.417,36.695,47.945,11.007,"M",NA,"Class3",35.031
22.781,25,57.94,"E",58,53.24,24.435,90.741,21.599,"H",52.524,"Class2",40.96
57.877,91,71.531,"W",36,33.738,76.079,34.443,31.049,"L",44.944,"Class4",23.326
40.673,4,88.132,"X",38,32.31,84.687,41.191,35.395,"H",42.906,"Class4",37.44
24.097,38,49.111,"I",42,58.077,23.174,69.955,15.824,"R",53.157,"Class2",29.286
45.943,21,69.47,"X",32,33.574,87.286,51.95,61.822,"W",49.857,"Class4",22.597
23.398,35,60.105,"I",43,57.476,24.379,61.791,21.787,"P",54.363,"Class2",27.655
42.808,63,94.779,"F",80,34.325,85.572,65.557,30.524,"W",NA,"Class4",28.749
86.266,34,28.814,"Y",86,51.9,69.142,17.94,30.298,"O",71.241,"Class1",-0.757
54.494,64,79.036,"F",30,33.871,87.568,68.11,66.322,"H",42.654,"Class4",30.48
5.759,75,71.745,"O",68,33.152,57.257,28.723,11.648,"M",34.223,"Class3",43.878
7.882,83,33.622,"W",53,44.634,54.481,65.121,15.77,"N",43.192,"Class3",37.342
74.065,61,26.622,"Y",71,46.62,68.942,26.155,28.861,"O",41.433,"Class1",28.283
46.679,11,47.104,"R",86,31.123,64.239,13.335,32.863,"B",62.382,"Class1",24.819
39.527,22,93.043,"X",46,33.281,79.676,42.076,64.52,"R",NA,"Class4",22.309
40.099,19,99.943,"F",51,35.178,76.323,50.13,40.185,"R",69.561,"Class4",14.109
7.727,77,12.181,"W",35,34.575,44.2,59.128,14.673,"M",29.232,"Class3",44.041
80.829,74,4.769,"R",74,32.725,66.803,54.991,32.972,"U",45.898,"Class1",45.854
39.828,45,19.787,"T",66,31.192,65.503,41.628,27.89,"B",62.841,"Class1",73.302
59.548,13,29.857,"W",78,31.29,68.553,22.402,26.295,"B",36.446,"Class1",7.888
67.694,64,22.155,"Y",61,38.205,69.769,37.424,28.499,"U",45.939,"Class1",51.757
18.016,55,58.042,"X",65,61.26,24.43,57.835,14.348,"P",51.033,"Class2",29.825
40.516,66,11.495,"W",82,43.37,66.882,59.858,33.456,"O",83.765,"Class1",16.522
43.578,40,83.254,"F",34,34.163,81.397,42.482,28.286,"W",42.819,"Class4",22.34
67.06,59,9.712,"Z",63,35.66,69.834,19.143,23.824,"B",41.127,"Class1",46.404
25.913,41,50.811,"I",40,50.675,24.116,83.883,22.681,"P",52.955,"Class2",31.448
53.979,29,89.824,"X",35,34.89,76.838,33.186,33.06,"L",42.09,"Class4",43.083
50.397,26,89.899,"W",63,31.591,76.078,57.537,44.501,"L",56.227,"Class4",41.846
10.001,78,23.635,"O",47,47.953,51.067,27.889,14.288,"W",35.953,"Class3",40.073
24.08,56,57.128,"X",67,54.479,23.801,50.918,14.047,"W",50.616,"Class2",29.588
52.21,40,34.114,"T",74,36.482,68.692,40.519,30.873,"B",34.758,"Class1",62.704
5.661,83,44.442,"B",33,36.195,34.207,40.861,12.384,"N",35.574,"Class3",41.369
80.046,55,25.687,"R",59,39.942,66.234,63.722,28.461,"O",48.989,"Class1",68.99
6.332,68,48.268,"M",41,45.069,51.968,24.268,3.917,"M",NA,"Class3",30.222
6.368,76,42.212,"M",35,41.283,58.877,48.256,26.411,"P",33.402,"Class3",25.892
19.863,60,69.308,"E",61,59.906,23.479,39.981,22.784,"H",51.574,"Class2",34.19
20.373,40,62.392,"I",47,57.535,23.354,58.41,16.826,"R",51.877,"Class2",36.112
5.698,85,6.087,"M",57,43.472,40.524,30.533,27.031,"C",39.743,"Class3",41.575
18.942,45,52.04,"A",58,61.57,24.542,50.512,23.148,"C",51.27,"Class2",23.907
61.783,35,21.571,"Y",81,34.017,69.387,41.441,26.182,"O",74.858,"Class1",-6.384
54.249,79,82.751,"T",49,34.107,81.835,36.296,79.334,"E",NA,"Class4",22.129
65.486,53,27.022,"W",78,50.037,66.616,38.585,26.763,"N",31.995,"Class1",8.528
60.409,43,69.181,"F",43,33.078,84.674,58.712,79.89,"H",69.804,"Class4",38.401
49.924,23,10.682,"W",63,44.607,65.298,15.188,24.233,"M",71.657,"Class1",49.732
44.69,75,70.544,"X",72,30.169,88.345,33.364,82.006,"W",44.207,"Class4",19.026
7.058,80,14.016,"O",60,26.738,40.819,81.143,19.358,"W",30.709,"Class3",36.84
82.103,18,9.395,"T",77,42.607,65.21,52.686,23.813,"M",69.248,"Class1",47.07
20.359,56,48.105,"I",40,60.185,23.748,95.181,16.704,"P",52.025,"Class2",35.186
10.595,78,84.194,"O",63,31.044,43.08,78.945,22.994,"N",38.513,"Class3",41.392
26.253,37,58.583,"X",41,62.896,24.757,67.676,23.452,"R",53.74,"Class2",30.542
87.502,84,41.093,"W",60,41.847,68.497,19.734,32.161,"N",78.296,"Class1",41.812
22.29,29,54.54,"A",60,58.697,24.079,89.182,14.103,"W",53.147,"Class2",33.203
18.973,19,55.18,"R",42,58.591,23.177,84.331,16.63,"W",51.554,"Class2",28.702
40,7,35.65,"W",67,19.78,66.725,73.045,26.291,"O",25.104,"Class1",54.012
56.545,81,18.616,"R",80,50.618,64.779,19.5,22.494,"U",36.662,"Class1",66.925
7.458,76,42.574,"G",73,43.697,48.638,57.193,7.102,"P",35.965,"Class3",48.918
21.898,22,57.937,"E",63,59.864,24.295,79.98,14.197,"C",53.177,"Class2",34.648
52.635,97,84.445,"X",72,30.534,88.468,61.563,67.897,"H",54.155,"Class4",34.715
6.032,82,57.6,"W",40,36.266,43.097,29.324,26.81,"M",30.006,"Class3",46.497
18.274,3,62.335,"X",50,57.158,24.91,69.557,20.011,"W",54.836,"Class2",43.372
19.904,11,61.768,"E",50,62.116,23.679,85.969,14.07,"P",51.978,"Class2",41.295
38.406,84,22.973,"Y",63,45.994,64.949,50.809,25.209,"B",63.363,"Class1",73.501
10.83,78,13.12,"M",49,44.66,40.828,65.571,14.869,"W",35.175,"Class3",46.152
18.668,42,61.637,"E",37,57.441,23.844,93.38,18.309,"R",50.369,"Class2",30.483
19.656,18,64.011,"R",36,54.795,24.496,84.351,18.336,"H",53.835,"Class2",19.911
24.788,48,59.725,"A",52,61.009,24.737,79.492,20.856,"R",54.614,"Class2",27.248
49.188,58,93.995,"F",33,31.667,85.892,27.857,57.084,"L",63.052,"Class4",33.543
53.563,9,55.643,"X",55,32.162,76.454,29.82,79.958,"E",63.327,"Class4",28.452
19.675,57,51.988,"E",42,58.612,23.486,72.935,17.264,"P",52.887,"Class2",39.41
19.167,41,60.318,"X",67,52.811,23.066,43.941,22.869,"C",53.288,"Class2",40.056
20.487,3,61.481,"A",59,55.498,23.774,48.326,15.411,"P",51.967,"Class2",28.835
41.285,78,31.012,"T",75,43.418,68.809,50.303,26.45,"N",37.6,"Class1",5.719
61.726,59,57.678,"V",48,32.678,78.043,49.378,86.066,"R",53.938,"Class4",27.642
39.513,92,60.266,"X",47,32.996,82.559,56.96,78.098,"H",59.707,"Class4",26.832
6.78,64,46.871,"B",69,47.84,39.646,54.787,10.893,"P",NA,"Class3",26.132
10.244,64,63.112,"O",25,42.613,47.044,60.976,24.503,"N",33.373,"Class3",49.924
24.721,8,52.49,"A",43,57.605,23.513,56.232,16.321,"W",54.874,"Class2",35.3
10.189,68,60.867,"W",38,29.276,41.995,36.94,12.193,"W",34.599,"Class3",30.699
19.454,15,62.352,"A",64,56.75,23.672,74.481,15.44,"H",52.39,"Class2",25.898
19.835,31,53.214,"X",56,62.53,24.709,84.092,15.244,"P",54.199,"Class2",39.116
41.299,53,86.405,"T",69,32.955,84.87,61.839,65.154,"R",68.867,"Class4",25.374
46.747,73,62.086,"F",33,34.837,81.428,35.215,51.428,"W",29.825,"Class4",22.247
43.629,32,13.655,"W",80,39.302,65.163,33.693,30.184,"O",87.012,"Class1",66.081
64.955,14,14.761,"Z",75,44.907,65.912,32.23,28.972,"U",55.046,"Class1",22.491
23.266,13,58.158,"A",59,57.087,24.235,38.818,20.429,"R",52.135,"Class2",43.082
58.192,39,47.111,"X",48,33.986,88.889,30.287,51.984,"L",43.079,"Class4",48.386
8.008,74,52.754,"B",31,41.242,44.638,57.407,12.531,"W",39.834,"Class3",38.912
38.702,49,22.773,"Z",71,46.926,67.558,75.188,26.091,"M",66.156,"Class1",19.206
56.698,14,27.834,"Y",70,44.81,68.187,3.441,33.167,"M",38.354,"Class1",26.673
26.158,48,57.09,"I",64,60.282,23.105,55.468,17.698,"W",54.041,"Class2",34.314
47.908,72,20.832,"W",71,34.841,66.185,26.563,28.284,"U",60.12,"Class1",47.729
26.789,31,57.528,"A",65,59.428,24.948,95.651,14.46,"C",NA,"Class2",35.396
54.993,12,28.707,"R",83,39.157,69.784,20.823,30.326,"M",56.423,"Class1",58.886
10.119,88,43.464,"O",27,48.898,49.526,70.913,6.17,"C",35.827,"Class3",41.966
10.898,67,65.932,"W",34,42.942,43.392,63.211,12.359,"P",NA,"Class3",54.981
21.723,53,54.08,"R",64,59.671,23.205,42.954,15.244,"P",51.937,"Class2",29.777
22.471,47,53.756,"X",68,NA,24.193,82.834,17.832,"R",NA,"Class2",27.446
40.558,65,14.16,"T",73,36.869,68.72,32.601,33.046,"N",44.497,"Class1",10.676
57.354,20,76.363,"V",69,33.102,83.282,49.174,78.642,"E",54.421,"Class4",20.37
5.911,69,91.087,"W",38,44.343,56.232,53.377,13.479,"M",31.775,"Class3",41.961
10.157,78,10.578,"G",40,36.946,33.316,61.599,26.392,"C",33.464,"Class3",33.315
23.563,29,52.071,"X",63,61.993,24.123,86.033,17.171,"P",52.101,"Class2",42.957
55.953,54,6.358,"R",70,NA,65.309,79.574,31.768,"U",72.649,"Class1",29.882
67.168,16,23.266,"T",63,41.286,65.188,56.814,23.784,"B",48.47,"Class1",41.519
7.404,79,42.075,"M",38,35.818,45.948,43.626,20.874,"P",39.358,"Class3",43.309
46.399,60,76.078,"V",52,32.489,84.998,49.141,66.877,"L",51.754,"Class4",26.247
25.758,45,56.531,"E",48,52.349,24.378,66.138,18.442,"R",52.429,"Class2",40.927
65.443,28,34.279,"W",77,40.179,69.462,79.23,31.941,"O",54.278,"Class1",7.869
46.139,28,77.233,"W",31,32.15,88.865,63.206,46.18,"L",39.696,"Class4",32.84
47.711,8,63.569,"F",74,34.463,77.045,45.476,29.38,"R",55.883,"Class4",37.99
26.039,36,48.705,"E",36,55.962,23.447,60.437,21.463,"R",53.63,"Class2",14.209
55.33,28,11.56,"T",71,26.18,66.095,7.577,33.363,"O",14.408,"Class1",61.124
73.233,24,10.015,"T",71,49.773,66.94,71.581,27.54,"N",48.963,"Class1",33.419
18.332,53,50.697,"A",42,54.87,24.599,39.216,21.278,"R",53.126,"Class2",42.3
5.376,72,39.995,"B",55,31.007,43.402,34.325,19.232,"C",42.293,"Class3",41.248
9.342,77,21.146,"M",44,46.323,53.889,33.047,20.965,"N",35.016,"Class3",35.603
51.439,71,61.26,"F",39,NA,76.692,28.715,88.201,"R",35.207,"Class4",18.02
21.971,31,57.861,"E",41,55.4,24.347,95.726,23.185,"R",55.114,"Class2",36.978
21.438,40,58.718,"E",58,56.507,23.258,89.781,15.602,"P",53.19,"Class2",34.409
44.293,65,59.592,"W",45,34.127,77.444,54.351,37.977,"H",56.923,"Class4",17.841
19.332,17,60.116,"R",36,58.049,23.409,92.882,14.703,"W",55.256,"Class2",37.048
48.92,75,28.25,"R",69,36.803,64.534,39.291,31.235,"O",44.396,"Class1",11.064
53.918,98,57.727,"X",59,32.776,81.951,48.52,83.527,"R",44.128,"Class4",38.529
10.462,67,49.651,"G",35,33.498,53.5,67.143,9.746,"N",39.182,"Class3",44.882
77.888,84,29.154,"R",66,36.675,66.158,20.207,27.903,"B",79.727,"Class1",49.508
6.036,78,55.351,"G",69,NA,30.51,76.303,10.906,"P",28.978,"Class3",35.263
9.726,66,50.032,"B",49,37.63,54.074,78.386,11.035,"N",29.393,"Class3",50.313
85.683,36,14.431,"W",70,34.159,64.071,30.837,25.349,"U",50.453,"Class1",2.756
7.425,82,43.297,"G",61,31.025,48.798,60.529,12.137,"W",41.438,"Class3",52.446
64.052,47,20.988,"W",85,48.934,67.331,62.276,29.942,"M",49.057,"Class1",17.669
10.359,76,29.074,"B",27,43.115,52.866,52.871,12.76,"M",40.498,"Class3",51.617
10.963,65,70.36,"O",74,33.339,40.28,47.07,28.531,"N",25.88,"Class3",30.368
9.081,73,54.673,"W",71,37.148,57.359,62.528,11.405,"C",NA,"Class3",38.331
19.962,53,54.912,"R",50,59.036,23.011,65.209,22.389,"C",54.918,"Class2",33.585
24.418,4,61.927,"R",61,57.453,24.501,83.214,14.286,"R",51.824,"Class2",33.632
49.04,31,70.436,"W",30,33.862,76.86,39.506,48.59,"R",61.067,"Class4",51.408
57.782,4,74.494,"V",54,31.536,79.208,60.679,64.363,"E",44.949,"Class4",34.821
9.481,85,35.336,"B",26,40.78,45.098,26.312,22.138,"N",35.34,"Class3",39.41
10.165,73,42.901,"W",34,32.199,38.325,25.397,8.251,"N",42.047,"Class3",45.056
75.279,32,34.295,"Z",76,48.681,67.616,30.836,24.352,"N",39.688,"Class1",66.692
21.127,22,56.062,"X",56,57.321,23.892,75.93,22.639,"C",53.354,"Class2",36.744
22.851,16,62.778,"I",57,59.207,23.401,63.798,16.354,"R",53.705,"Class2",33.361
23.993,30,61.169,"E",59,51.731,23.57,94.583,17.975,"R",54.067,"Class2",24.943
26.294,34,52.599,"X",51,58.937,24.932,93.216,19.784,"W",50.745,"Class2",34.032
50.569,53,91.382,"F",57,32.201,77.216,63.908,48.177,"R",53.832,"Class4",32.135
39.359,78,24.69,"Y",60,42.299,66.651,76.469,33.747,"B",51.08,"Class1",37.698
5.739,73,5.508,"O",44,35.587,48.603,62.52,24.946,"W",33.066,"Class3",38.039
49.485,40,31.263,"T",82,44.941,65.811,3.605,27.941,"B",17.785,"Class1",64.834
55.199,65,83.883,"X",52,32.816,79.522,37.334,39.969,"E",NA,"Class4",38.191
6.668,79,56.438,"M",21,35.642,47.658,63.89,20.489,"C",27.167,"Class3",37.333
63.678,47,21.075,"T",77,29.528,65.826,30.969,31.527,"M",53.844,"Class1",12.648
25.315,16,60.575,"E",38,51.713,24.59,40.771,16.287,"R",52.626,"Class2",42.044
10.646,66,56.65,"G",35,33.92,47.028,35.942,13.209,"N",37.819,"Class3",43.212
9.208,64,56.982,"O",73,NA,31.144,28.013,0.506,"P",23.972,"Class3",41.827
53.175,26,94.189,"V",33,33.765,84.536,49.293,56.392,"L",40.482,"Class4",32.644
19.535,20,55.736,"X",45,54.354,24.83,52.379,19.51,"R",51.468,"Class2",45.409
43.968,76,24.705,"W",84,35.223,67.441,58.065,25.979,"O",28.064,"Class1",88.004
38.166,56,21.916,"Z",68,42.691,68.598,20.386,32.42,"U",21.779,"Class1",44.021
46.155,14,16.872,"R",72,55.496,65.298,18.369,26.893,"O",51.551,"Class1",27.074
10.933,74,42.151,"G",66,38.387,36.755,41.665,27.792,"W",34.85,"Class3",40.799
25.682,23,57.757,"E",64,53.949,24.776,62.027,17.612,"R",53.962,"Class2",38.853
48.359,60,44.309,"X",36,31.859,85.754,29.234,41.987,"E",76.165,"Class4",46.682
50.273,36,34.538,"Z",73,42.011,67.551,43.698,31.448,"O",37.32,"Class1",60.914
69.9,65,50.09,"T",76,38.59,68.518,36.138,23.294,"B",45.053,"Class1",9.382
72.358,42,23.805,"Z",82,41.282,64.042,21.668,26.31,"B",24.235,"Class1",53.713
8.665,66,14.906,"M",25,35.31,46.964,43.547,5.858,"W",37.444,"Class3",34.418
18.091,18,62.465,"E",47,59.032,23.844,72.99,16.96,"H",52.698,"Class2",35.629
21.316,17,47.361,"A",43,60.366,23.085,49.333,23.327,"H",53.581,"Class2",27.095
56.827,2,87.781,"X",58,31.583,82.029,45.247,40.53,"L",64.539,"Class4",38.411
7.878,71,39.345,"G",43,44.763,43.603,77.556,14.832,"W",38.959,"Class3",40.946
69.198,56,32.848,"W",68,41.81,67.809,36.293,33.11,"M",68.573,"Class1",77.976
47.214,39,29.431,"T",76,45.85,69.13,6.549,22.846,"N",31.705,"Class1",82.449
41.516,81,85.159,"W",35,31.938,78.637,53.033,34.441,"R",67.4,"Class4",47.765
51.155,11,21.31,"W",81,32.556,68.443,68.354,23.671,"U",69.596,"Class1",87.525
50.341,67,64.612,"F",57,34.002,79.147,65.058,55.64,"W",33.397,"Class4",15.985
79.906,70,29.948,"Z",68,24.51,65.364,19.011,25.571,"U",46.898,"Class1",32.861
51.079,70,75.514,"T",71,33.385,85.677,23.171,81.538,"E",39.45,"Class4",19.558
23.324,35,52.934,"X",67,56.983,24.614,86.68,23.406,"H",54.899,"Class2",33.901
5.074,67,49.679,"O",25,44.675,42.402,26.897,24.493,"N",33.812,"Class3",37.559
18.489,49,62.263,"E",42,59.713,24.74,54.615,17.041,"R",51.618,"Class2",32.501
49.913,62,77.718,"F",50,35.508,78.133,33.946,84.713,"L",84.479,"Class4",22.611
76.707,79,19.415,"Z",62,45.878,66.685,79.893,24.078,"B",45.881,"Class1",38.93
9.501,84,52.557,"B",25,48.186,50.978,45.189,16.516,"M",33.953,"Class3",34.732
6.789,82,31.133,"W",75,37.905,35.786,73.37,10.655,"N",34.794,"Class3",47.221
22.147,7,57.353,"E",50,58.704,23.35,38.979,15.909,"R",54.109,"Class2",28.736
25.502,28,58.774,"R",41,52.847,24.525,37.439,15.384,"P",53.695,"Class2",34.184
72.307,62,31.558,"R",62,50.321,66.32,19.866,28.473,"B",55.216,"Class1",46.762
25.892,51,52.442,"E",64,54.199,24.982,85.537,18.898,"C",51.836,"Class2",33.841
61.586,33,63.596,"V",62,31.772,86.788,37.289,76.242,"W",34.091,"Class4",43.909
22.046,23,54.203,"I",37,59.266,23.597,84.989,19.668,"H",53.591,"Class2",35.537
10.024,78,34.503,"O",68,36.228,49.276,71.241,3.036,"M",37.603,"Class3",42.269
69.454,45,36.092,"Z",59,42.182,68.304,13.657,32.717,"N",58.56,"Class1",31.067
25.171,12,57.396,"X",68,NA,23.962,71.846,15.138,"W",53.615,"Class2",27.064
6.768,87,52.93,"O",25,36.223,55.666,39.807,3.432,"M",31.533,"Class3",40.152
44.133,48,62.928,"W",50,33.387,81.389,35.084,50.572,"E",60.895,"Class4",22.345
40.707,70,96.226,"W",57,33.469,85.424,66.225,45.355,"R",54.146,"Class4",28.969
84.813,66,23.94,"W",72,51.847,69.803,31.82,27.413,"N",NA,"Class1",47.922
19.02,27,56.811,"E",62,56.491,24.107,62.58,14.786,"W",52.441,"Class2",33.295
65.544,28,5.783,"Y",78,31.916,64.327,78.581,28.425,"N",88.523,"Class1",60.293
43.468,43,14.988,"T",65,46.702,69.565,10.444,25.928,"O",29.896,"Class1",39.29
48.228,46,38.237,"Y",72,47.816,69.547,44.501,26.227,"B",77.329,"Class1",42.47
23.454,40,55.22,"X",56,55.583,24.506,95.748,21.742,"R",55.276,"Class2",28.94
50.002,63,38.056,"T",64,32.291,69.221,74.551,30.261,"B",49.409,"Class1",74.552
41.482,44,69.812,"T",44,34.863,86.51,57.824,69.142,"R",57.207,"Class4",37.208
67.406,19,30.219,"Z",82,47.24,64.297,35.916,28.025,"B",76.641,"Class1",42.914
84.328,82,23.714,"R",64,42.405,65.604,77.86,31.729,"M",39.49,"Class1",27.575
25.633,7,58.081,"A",66,54.205,23.823,93.897,22.546,"C",54.937,"Class2",36.502
72.425,29,43.014,"Y",64,55.585,68.236,40.43,25.48,"O",56.635,"Class1",67.495
7.608,67,62.599,"O",72,NA,50.996,46.187,27.885,"P",33.91,"Class3",41.519
49.079,38,72.333,"X",42,31.403,84.052,36.108,47.667,"H",50.915,"Class4",28.693
50.512,63,62.205,"W",62,34.526,83.724,60.89,82.817,"L",43.836,"Class4",12.478
8.005,71,67.935,"O",61,46.927,32.572,78.663,12.041,"W",28.956,"Class3",48.754
71.812,50,20.974,"T",62,45.338,68.25,67.629,30.659,"N",14.284,"Class1",30.345
7.345,82,12.259,"W",52,35.202,57.926,74.746,21.811,"P",38.096,"Class3",46.031
24.734,62,54.01,"E",58,56.337,24.477,56.509,16.434,"H",52.472,"Class2",30.813
78.628,8,23.732,"T",76,59.31,68.253,65.018,27.169,"O",52.509,"Class1",53.435
80.835,73,33.457,"R",86,42.64,69.863,64.693,28.315,"B",61.294,"Class1",8.356
63.297,18,25.551,"R",72,40.527,65.707,6.407,26.469,"O",32.745,"Class1",80.354
48.689,6,74.434,"T",41,35.585,86.906,31.679,89.965,"W",66.574,"Class4",28.292
50.901,28,84.902,"F",69,34.592,75.542,49.974,31.313,"R",23.718,"Class4",28.581
60.419,89,66.543,"W",67,33.647,80.012,61.463,71.042,"W",61.087,"Class4",29.959
45.308,98,73.906,"F",48,32.566,79.976,53.853,59.737,"W",69.364,"Class4",23.344
51.23,63,69.182,"W",35,32.598,79.949,42.401,38.743,"H",58.577,"Class4",36.456
5.494,75,51.415,"M",27,50.476,33.598,29.128,13.084,"M",33.807,"Class3",34.103
19.755,2,61.379,"A",45,60.79,24.595,46.415,21.171,"C",52.052,"Class2",38.243
58.654,35,52.834,"T",48,31.686,76.163,49.395,49.618,"L",59.123,"Class4",39.754
65.864,67,33.003,"T",82,39.825,66.107,36.116,33.558,"M",52.362,"Class1",18.989
22.042,23,62.757,"A",57,57.319,23.061,46.351,16.149,"C",52.777,"Class2",38.004
48.579,40,32.814,"W",78,35.818,64.179,48.368,28.008,"U",29.225,"Class1",80.123
9.041,68,23.184,"W",72,31.148,45.668,28.639,9.063,"M",36.839,"Class3",43.171
9.581,70,41.533,"B",31,36.384,58.624,25.701,25.492,"W",30.979,"Class3",54.931
19.268,7,63.103,"A",37,56.827,24.364,90.47,17.447,"W",53.645,"Class2",32.676
24.908,36,57.896,"A",51,55.543,24.118,68.825,19.371,"R",52.247,"Class2",43.846
38.026,19,27.365,"Z",72,39.89,69.071,23.401,32.129,"N",46.85,"Class1",60.931
20.68,51,58.202,"I",44,60.758,24.489,84.543,14.319,"R",53.595,"Class2",30.522
6.18,80,62.052,"W",40,42.678,31.404,75.108,9.522,"M",36.043,"Class3",42.028
76.358,22,18.075,"R",69,35.803,67.995,14.958,33.822,"B",56.641,"Class1",55.954
53.721,60,19.884,"T",82,45.507,69.667,4.631,30.264,"O",25.407,"Class1",41.925
67.203,48,17.66,"Y",62,43.363,65.819,58.454,23.413,"U",58.33,"Class1",-13.883
58.316,37,82.248,"T",72,32.396,80.998,45.672,37.03,"H",32.435,"Class4",31.398
7.266,79,63.637,"W",36,45.974,49.581,71.925,14.42,"N",38.579,"Class3",31.877
43.49,23,30.956,"Z",61,51.21,64.403,25.2,22.731,"U",53.556,"Class1",73.22
80.145,11,6.183,"R",79,44.85,68.856,35.606,29.901,"M",47.241,"Class1",5.42
64.474,80,26.739,"T",64,48.921,69.313,12.851,33.41,"B",55.546,"Class1",64.616
25.518,63,58.282,"X",68,57.628,24.907,74.932,14.523,"C",53.774,"Class2",30.588
27.656,38,62.223,"R",38,54.328,24.018,95.766,21.245,"C",54.078,"Class2",41.299
27.02,39,56.742,"E",38,61.295,23.012,52.741,20.794,"H",55.992,"Class2",23.571
18.589,51,48.945,"A",66,57.804,24.637,39.182,20.716,"R",52.158,"Class2",40.562
59.376,93,68.769,"T",31,32.728,81.281,26.694,47.849,"W",43.966,"Class4",17.818
18.932,26,53.365,"I",63,54.861,23.849,95.601,19.086,"W",53.228,"Class2",45.365
21.359,48,56.463,"E",47,64.511,23.472,53.035,20.295,"P",50.99,"Class2",32.85
47.143,63,16.153,"Y",59,NA,69.535,63.194,29.205,"N",95.134,"Class1",25.012
52.768,11,64.388,"F",64,31.252,77.885,40.721,71.167,"L",59.277,"Class4",30.528
18.848,36,60.581,"A",44,59.244,24.379,86.779,16.177,"W",54.996,"Class2",33.476
64.885,30,34.937,"T",79,39.045,67.781,22.56,33.206,"M",27.465,"Class1",22.363
64.677,29,14.215,"Z",69,33.893,67.865,72.016,29.577,"N",58.679,"Class1",52.83
21.173,28,53.422,"X",35,NA,23.906,78.775,17.236,"P",52.52,"Class2",25.307
7.324,78,44.295,"G",58,38.925,56.232,63.282,3.029,"W",32.981,"Class3",37.356
85.398,33,17.455,"R",73,40.337,68.868,40.878,22.312,"M",81.283,"Class1",40.412
9.049,69,65.682,"O",21,44.279,56.527,74.187,5.849,"M",31.774,"Class3",50.708
24.476,5,54.426,"R",59,59.143,24.704,46.304,19.96,"W",52.742,"Class2",26.195
20.28,26,61.453,"X",35,60.206,24.062,63.587,22.686,"P",51.944,"Class2",31.506
64.406,67,20.195,"W",59,28.878,65.962,8.696,25.828,"B",55.253,"Class1",22.867
22.383,12,46.605,"I",50,64.008,23.197,93.763,17.581,"R",54.666,"Class2",42.238
5.548,68,20.283,"G",44,22.104,30.338,43.913,9.211,"P",37.799,"Class3",38.029
9.018,68,47.826,"G",55,40.023,53.138,81.987,29.476,"N",38.226,"Class3",45.42
8.099,64,52.619,"W",21,35.724,57.642,35.289,24.231,"M",34.669,"Class3",41.732
50.92,94,84.054,"X",57,31.529,76.593,47.191,40.174,"L",47.607,"Class4",25.596
8.458,81,49.084,"G",35,35.411,39.766,56.297,13.844,"M",38.932,"Class3",45.887
21.827,15,51.067,"X",35,60.025,24.522,54.095,18.053,"H",52.476,"Class2",39.243
39.569,79,72.382,"T",45,34.208,82.949,35.149,74.579,"H",48.933,"Class4",13.342
74.941,23,8.815,"R",72,53.362,69.179,3.894,27.426,"O",91.464,"Class1",26.121
60.683,74,73.909,"F",45,31.162,76.818,26.897,33.006,"R",36.54,"Class4",26.983
64.955,15,27.768,"Y",68,24.044,66.556,69.628,25.852,"B",47.191,"Class1",35.416
8.553,68,35.307,"O",66,31.288,37.325,39.637,6.866,"N",37.995,"Class3",41.701
22.045,44,54.369,"R",47,54.967,23.786,72.471,14.882,"C",51.971,"Class2",32.309
50.482,95,54.247,"W",74,31.948,79.822,58.061,39.753,"R",64.737,"Class4",39.318
46.032,21,31.679,"W",76,51.608,68.59,39.986,28.494,"M",60.533,"Class1",5.925
26.832,15,55.345,"R",49,53.638,24.334,59.361,18.916,"C",54.681,"Class2",31.277
55.466,37,64.842,"F",56,32.276,87.745,42.502,66.652,"L",55.136,"Class4",28.813
10.032,78,89.937,"B",36,38.027,39.455,35.291,0.745,"P",33.891,"Class3",42.377
23.148,43,55.446,"R",34,55.67,23.37,49.416,15.15,"R",57.729,"Class2",31.718
10.714,74,25.894,"M",26,30.032,46.502,64,28.198,"P",33.515,"Class3",31.746
42.533,76,99.127,"X",50,30.884,82.262,53.092,71.271,"L",44.702,"Class4",30.999
46.988,15,63.126,"V",33,33.149,80.842,25.639,61.93,"W",26.461,"Class4",31.584
61.106,98,84.582,"V",35,35.402,82.4,24.205,90.009,"R",47.95,"Class4",19.992
23.064,6,51.714,"I",60,55.05,24.806,62.889,23.839,"W",52.978,"Class2",35.649
53.281,75,81.216,"T",62,33.671,76.812,24.553,74.103,"W",70.192,"Class4",33.094
22.537,62,54.894,"X",65,62.022,24.502,58.494,16.191,"W",52.781,"Class2",37.752
25.826,30,55.683,"X",42,53.375,23.567,82.193,21.274,"R",52.324,"Class2",43.957
5.942,68,63.694,"W",62,39.437,55.987,78.953,8.65,"W",34.102,"Class3",38.982
60.455,24,67.635,"T",49,NA,77.877,26.296,84.859,"L",52.925,"Class4",34.488
5.718,81,15.893,"W",42,22.295,56.381,40.068,18.479,"N",33.854,"Class3",42.395
51.975,52,65.388,"W",52,32.193,81.414,50.363,49.361,"L",61.994,"Class4",39.111
24.343,53,65.665,"R",54,58.041,23.465,84.337,15.358,"R",52.443,"Class2",26.215
60.457,25,68.23,"V",63,32.341,88.424,61.279,60.354,"E",66.908,"Class4",36.309
9.305,66,26.929,"B",71,39.572,57.002,37.049,11.8,"P",27.619,"Class3",48.082
20.081,50,58.854,"E",50,56.629,24.634,48.434,22.672,"P",53.373,"Class2",30.664
27.209,3,54.578,"X",44,53.229,24.358,84.213,23.22,"C",51.275,"Class2",30.29
9.848,72,63.27,"M",46,45.359,55.078,28.438,10.359,"C",32.35,"Class3",42.259
7.946,68,36.643,"M",76,38.16,45.742,75.266,26.133,"M",34.857,"Class3",40.699
7.272,75,33.996,"O",72,33.494,30.467,57.015,25.66,"N",31.494,"Class3",49.946
73.166,62,38.378,"Z",60,48.385,66.588,9.75,26.7,"O",40.577,"Class1",56.295
6.843,68,25.915,"M",64,33.524,33.488,42.752,5.716,"N",27.503,"Class3",49.438
9.14,77,44.502,"M",46,31.603,57.4,47.654,13.858,"M",31.476,"Class3",42.259
54.584,77,59.342,"X",54,33.053,82.503,63.519,26.876,"W",50.799,"Class4",12.497
64.504,10,58.243,"Y",64,44.489,67.153,36.73,29.236,"O",64.217,"Class1",15.091
46.209,12,52.405,"F",66,32.645,88.518,43.446,47.771,"L",58.789,"Class4",40.232
45.983,30,93.117,"X",61,NA,78.883,26.411,87.176,"L",55.131,"Class4",15.919
22.779,21,51.601,"E",46,59.664,23.645,91.546,19.182,"C",52.37,"Class2",24.836
48.828,74,80.543,"T",73,33.914,79.026,51.821,35.935,"E",51.428,"Class4",26.008
19.179,43,51.939,"R",55,65.654,24.249,76.164,21.492,"H",50.302,"Class2",24.629
27.185,34,57.906,"A",38,51.804,23.935,49.506,14.176,"R",51.73,"Class2",27.079
10.411,77,37.804,"B",29,32.124,54.301,61.012,9.399,"C",31.273,"Class3",40.79
46.02,85,40.46,"R",75,36.107,69.542,25.478,29.323,"O",73.274,"Class1",22.844
55.809,9,57.763,"W",32,33.856,76.537,51.72,79.562,"H",51.628,"Class4",33.068
8.133,65,65.903,"M",40,43.656,34.826,29.209,3.523,"W",40.457,"Class3",37.37
21.369,63,59.461,"A",53,59.228,23.31,43.363,17.058,"W",51.276,"Class2",35.926
26.102,57,61.653,"R",50,59.861,23.44,83.695,21.136,"R",53.532,"Class2",17.483
24.718,15,56.892,"I",41,61.866,23.097,49.945,22.652,"R",53.31,"Class2",22.83
79.893,11,42.93,"T",78,NA,69.539,66.36,26.495,"B",77.793,"Class1",62.586
50.585,17,88.012,"W",51,32.437,78.846,62.981,50.701,"E",65.361,"Class4",35.815
25.016,21,48.195,"E",40,NA,23.346,58.937,16.871,"P",54.63,"Class2",21.079
60.495,5,55.745,"X",43,32.248,83.305,40.601,38.217,"H",68.264,"Class4",45.318
26.844,45,57.57,"I",67,58.935,24.902,48.229,21.757,"P",52.697,"Class2",30.96
39.364,78,80.948,"F",73,30.627,86.47,65.173,70.922,"E",37.382,"Class4",32.476
49.65,69,5.857,"R",68,26.307,66.77,42.791,27.736,"B",73.176,"Class1",33.302
45.601,30,72.634,"F",45,33.099,83.025,32.504,36.83,"H",66.362,"Class4",15.185
46.561,84,32.302,"R",80,48.965,64.735,8.175,22.178,"U",NA,"Class1",56.083
6.449,75,37.592,"G",54,42.777,41.724,40.23,23.785,"N",39.458,"Class3",42.384
27.948,23,58.607,"I",41,57.201,24.079,52.303,18.998,"R",52.353,"Class2",27.832
52.434,53,70.201,"F",30,33.565,75.176,39.455,30.803,"W",40.412,"Class4",26.2
10.477,69,47.976,"W",63,42.15,56.784,31.414,11.599,"C",30.371,"Class3",29.222
83.145,82,32.418,"T",76,45.373,65.123,52.816,32.846,"B",69.475,"Class1",38.431
39.297,13,51.527,"F",63,30.889,80.07,67.584,85.293,"E",48.723,"Class4",33.157
60.826,5,77.566,"W",43,31.479,77.802,23.791,37.061,"W",51.983,"Class4",39.483
18.84,31,58.284,"E",46,52.339,24.869,41.187,16.128,"P",54.322,"Class2",33.252
6.881,81,14.274,"G",63,33.022,55.034,53.863,17.204,"N",42.793,"Class3",45.391
23.298,43,56.903,"E",47,NA,24.394,66.534,22.49,"P",51.783,"Class2",29.478
